match_id,puuid,tier,win,kills,deaths,assists,kda,champion,role,visionScore,damage,damageTaken,goldEarned,champLevel,cs_total,gameDuration,gameCreation,queueId,gameMode,cs_per_min,damage_per_min,vision_per_min
EUW1_7811525745,aGWrL3wSAfbeUzhz5vgLDD_aOrbm3lxPaaDE8KQlX-qE5JGsiqoT9jmo-xPC5T1UW65jcjzBWFc7bA,CHALLENGER,1,2,6,10,2.0,Skarner,TOP,22,22997,43788,11321,18,188,1913,1775425604577,420,CLASSIC,5.896497647673811,721.28593831678,0.6900156821745949
EUW1_7811525745,QMyvOUgQZ6FdXgt3ha_1DZ3GmQmrRPiEYNAHwg5KSELYPxm7NTdOn1lSEfK862T8It36xrRJjwNCAg,GRANDMASTER,1,5,5,16,4.2,Nidalee,JUNGLE,53,28565,58593,13733,17,194,1913,1775425604577,420,CLASSIC,6.084683742812337,895.922634605332,1.6623105070569786
EUW1_7811525745,03QeHG-oJNMlli-1Qu_CoHiwFJrIm86T2427Emi_-MnEwqjaJaVFhUPcEG2jrzMhIOHy7k1UMF1MhQ,GRANDMASTER,1,5,12,8,1.0833333333333333,Lissandra,MIDDLE,19,29587,46408,12418,17,235,1913,1775425604577,420,CLASSIC,7.370622059592264,927.9769994772608,0.5959226346053319
EUW1_7811525745,J1r9hh3HlKMiPbZqQThN3rpK1hsMOyK4QGwQvLsRN1lyQQM3q4PUR3eYLTsN35gGuXvvypClcHZU7Q,CHALLENGER,1,20,5,6,5.2,Aphelios,BOTTOM,22,64879,27628,24493,17,292,1913,1775425604577,420,CLASSIC,9.15838996340826,2034.8876110820702,0.6900156821745949
EUW1_7811525745,BzGII1CGe-7fHuUjVgvjT378V321OhQqkiw2_GhrSzIuZd1tLc7LaSg5axGN4t5p8Z-nFKSStSObNw,CHALLENGER,1,3,7,27,4.285714285714286,Soraka,UTILITY,95,9462,22274,10944,15,21,1913,1775425604577,420,CLASSIC,0.6586513329848406,296.7694720334553,2.9796131730266597
EUW1_7811525745,0NfY3Wl2z2Y6V9-_1PMu_9eGbDIa1Ae5Ub8BOOdcDmHj5HwLv_mqqYcXDEuWnSdvYAix1eRJLkcqHg,MASTER,0,2,9,4,0.6666666666666666,Ambessa,TOP,25,18486,43744,10206,17,214,1913,1775425604577,420,CLASSIC,6.711970726607423,579.8013591217982,0.7841087297438578
EUW1_7811525745,LTh-TZPTKVM43hzDT96pZEC1SgJuwwRAUcjWdIXnVLoMGmcV42WdKJfCtiBoibZR0j9qSLubRmw40g,MASTER,0,5,6,13,3.0,Aatrox,JUNGLE,36,24269,55113,13244,16,222,1913,1775425604577,420,CLASSIC,6.962885520125457,761.1813904861474,1.1291165708311552
EUW1_7811525745,tb_9x0EfyUo0NEPHjkOAj9Mo8l8a6yRBnXZHYqv3iu2ZYrRwtttt6Xu-YxfvF1p9tbfGMl0jZQDu6Q,CHALLENGER,0,22,4,8,7.5,Aurora,MIDDLE,20,83815,43147,18066,17,241,1913,1775425604577,420,CLASSIC,7.558808154730789,2628.8029273392576,0.6272869837950863
EUW1_7811525745,exNYFMV8ghcBWrrr5Liv_uWa_TOCQykXLDJuF0hVQ2zvU-rInZj2nFBs6duDxpbK9iyXIGT9sf5u1A,GRANDMASTER,0,4,8,8,1.5,Yunara,BOTTOM,21,21013,25509,14276,15,229,1913,1775425604577,420,CLASSIC,7.182435964453738,659.0590695243073,0.6586513329848406
EUW1_7811525745,FqSV1yTKriAg_uEXlCM4JIAVFBr4--ipNXndZMuSNt6jZUDX577iSXmPpB32aPcBsw6aANDNiQHOOw,MASTER,0,2,8,18,2.5,Ryze,UTILITY,121,19795,33250,10925,14,74,1913,1775425604577,420,CLASSIC,2.3209618400418193,620.8572922111866,3.7950862519602717
EUW1_7811398536,PugopjhCqxmHBQEuSs1s2YF0PFX-1peyXrE7QQkk9wQXhx71EKhjjiU69FPZfc5aKJQ0LwHLRVCyCg,CHALLENGER,0,3,10,5,0.8,Lissandra,TOP,12,21074,27088,10318,15,192,1537,1775420792040,420,CLASSIC,7.495120364346128,822.6675341574496,0.468445022771633
EUW1_7811398536,QCL3uyW-zCyTpOuXO1XasKnSXoBJkyVqQmJUj7kq0UlPk_LLlybBcO-bQM_XYIwnGmFd4EwG0Zg39g,CHALLENGER,0,6,12,5,0.9166666666666666,Vayne,JUNGLE,36,22213,32101,11241,14,169,1537,1775420792040,420,CLASSIC,6.597267404033832,867.1307742355237,1.405335068314899
EUW1_7811398536,P2b9VzWzUmuZFxxVzDQg7olIQ4HW-laVwYRkwL-QMQJpJCcrzZhe82VgZazoI2Zklfb1GQzzy0cB6w,CHALLENGER,0,5,7,2,1.0,Anivia,MIDDLE,21,15004,34626,10725,15,211,1537,1775420792040,420,CLASSIC,8.236824983734548,585.7124268054652,0.8197787898503578
EUW1_7811398536,9KbSt6MzW8zmXjCIntwWyMrdVFgqf5wyKylOK2YN7SPZdKmx2eZ9lE9RQhGtlXRPXYHG1tzuqlBmog,MASTER,0,1,7,2,0.42857142857142855,Varus,BOTTOM,18,14718,21743,8663,12,188,1537,1775420792040,420,CLASSIC,7.338972023422251,574.5478204294079,0.7026675341574495
EUW1_7811398536,o1FY1NkUwVrnlJPX9Y_xJ12uwnhmMCRwmjyFrL6M38eHRrVhMT64KiwCoRxJt9cMXxvcNz0AjpuV6Q,MASTER,0,5,10,6,1.1,Ezreal,UTILITY,64,21721,20981,9053,12,44,1537,1775420792040,420,CLASSIC,1.7176317501626546,847.9245283018868,2.498373454782043
EUW1_7811398536,tb_9x0EfyUo0NEPHjkOAj9Mo8l8a6yRBnXZHYqv3iu2ZYrRwtttt6Xu-YxfvF1p9tbfGMl0jZQDu6Q,CHALLENGER,1,15,2,9,12.0,Aurora,TOP,26,39244,26949,14549,18,231,1537,1775420792040,420,CLASSIC,9.017566688353936,1531.9713728041638,1.014964216005205
EUW1_7811398536,vTGJMwEpzcImMnZqjnvVSibUBO8bI6oeU7-v8vRDASC1HsDyYcNrT2cbDqU92Hw4_Ja0W0514Vuo8w,MASTER,1,16,4,8,6.0,Graves,JUNGLE,27,30525,26808,16094,17,226,1537,1775420792040,420,CLASSIC,8.82238126219909,1191.6070266753416,1.0540013012361744
EUW1_7811398536,YLacJVIjc5vxlfMqUIa8dZl4qqE0ZN12MS6vhAOC4MpCHPNmgWplFcaXWbmd6ODvW9vixUiWyaxo9w,GRANDMASTER,1,4,7,19,3.2857142857142856,Ahri,MIDDLE,18,17471,26315,9913,15,136,1537,1775420792040,420,CLASSIC,5.309043591411841,682.0169160702667,0.7026675341574495
EUW1_7811398536,xNwwifZg3K1hofEt3zXnon3wYsyBKVhlbTzsBAubAjYL7s6Ras5U2LfqnkyvMtwuuhadLkQm98OczA,CHALLENGER,1,11,2,10,10.5,Jhin,BOTTOM,15,23750,20841,15442,16,231,1537,1775420792040,420,CLASSIC,9.017566688353936,927.1307742355237,0.5855562784645413
EUW1_7811398536,ToGLD7isk0k_5E5Ku5cFY9JYXsJ6GHpPwJZncwco8Jx9oCEww8RB-Ncn4MB-LeYmJ_TYkPci_Uk6bQ,GRANDMASTER,1,0,5,22,4.4,Karma,UTILITY,75,8758,19558,7772,13,23,1537,1775420792040,420,CLASSIC,0.8978529603122967,341.8867924528302,2.9277813923227067
EUW1_7811335813,GmMVD7uWZ2DSXH5vlH2WEEeoy8WwTf5SO6ZsfI-gibLPwt6oacMYFm3uvDxcpp9PBkkv5WWhjY4Lwg,GRANDMASTER,0,1,6,0,0.16666666666666666,Yasuo,TOP,10,9584,15430,6673,13,153,1223,1775418503987,420,CLASSIC,7.506132461161079,470.1880621422731,0.49059689288634506
EUW1_7811335813,YnfMuW-xlPagu2SrMvBkhkVHnanMtvE_TpTPdSB7hZ38cYwrlSn3M5zEVrglKAk2BoPncrj17PD3WA,GRANDMASTER,0,3,7,3,0.8571428571428571,Pantheon,JUNGLE,17,12052,22712,8310,12,140,1223,1775418503987,420,CLASSIC,6.868356500408831,591.2673753066231,0.8340147179067866
EUW1_7811335813,JccsUcsO-KWdNDHNQInKHfD1UkvmVZupKcsOLWRqcD1ViL2gW-a-7bPDz3PKytBCL9teM8fqE5zT8g,GRANDMASTER,0,3,8,2,0.625,Aurora,MIDDLE,9,15488,22833,7568,12,164,1223,1775418503987,420,CLASSIC,8.04578904333606,759.8364677023712,0.44153720359771054
EUW1_7811335813,pM-1la4VDf88hXeU0_R9g7OAOsqBY15zSXYDe7YgbduEXyR0UT4_v98GNB4l3ysHbjTRvdfpIOabQQ,CHALLENGER,0,1,8,1,0.25,Viktor,BOTTOM,12,12468,17608,6441,11,140,1223,1775418503987,420,CLASSIC,6.868356500408831,611.676206050695,0.588716271463614
EUW1_7811335813,fgyhZOI3OX3nLYzxn8FzZvNa72Z7jrfUZfujr08AuS7IvBy41S7fJyaYbNN85wFeIu_b15Qcf077IQ,GRANDMASTER,0,1,6,6,1.1666666666666667,Sona,UTILITY,42,10195,12723,6372,9,24,1223,1775418503987,420,CLASSIC,1.177432542927228,500.1635322976288,2.060506950122649
EUW1_7811335813,ja6yu6I3ovD5V7L2YRAuvtg9-6lkF4dVHjt3TXKWwGlH5nro2hwxHK673rDs90CqGJmATLQa8VhTKw,CHALLENGER,1,4,1,9,13.0,Ambessa,TOP,26,12468,15698,9064,15,179,1223,1775418503987,420,CLASSIC,8.781684382665576,611.676206050695,1.2755519215044973
EUW1_7811335813,R6qIgwyX55qWit32aJFCv08TmD9yTMd0xUMjn1INU5wm5U9YqYta_XgoxHV9LuP-4Xj6nWvW90-wrw,MASTER,1,17,1,9,26.0,Kayn,JUNGLE,13,22403,20226,13351,15,176,1223,1775418503987,420,CLASSIC,8.634505314799673,1099.0842191332788,0.6377759607522486
EUW1_7811335813,tb_9x0EfyUo0NEPHjkOAj9Mo8l8a6yRBnXZHYqv3iu2ZYrRwtttt6Xu-YxfvF1p9tbfGMl0jZQDu6Q,CHALLENGER,1,6,2,8,7.0,Akali,MIDDLE,17,18019,22365,9512,14,171,1223,1775418503987,420,CLASSIC,8.389206868356501,884.0065412919051,0.8340147179067866
EUW1_7811335813,S0JkkHC6Nrngq9oGJGF_Irb_d3iluSH3h8G5DY5gRMG8bB02OBHCMrsVUu_sKCVKyNARPRelZW4_tA,GRANDMASTER,1,5,1,14,19.0,Corki,BOTTOM,12,18584,13947,11378,12,185,1223,1775418503987,420,CLASSIC,9.076042518397383,911.7252657399837,0.588716271463614
EUW1_7811335813,BzGII1CGe-7fHuUjVgvjT378V321OhQqkiw2_GhrSzIuZd1tLc7LaSg5axGN4t5p8Z-nFKSStSObNw,CHALLENGER,1,3,4,17,5.0,Soraka,UTILITY,46,7516,15768,7493,10,16,1223,1775418503987,420,CLASSIC,0.7849550286181521,368.732624693377,2.2567457072771875
EUW1_7810558567,hPS-j1BBYtD0_-Uk5260vXBf4MoUWgM3tYU18MfCzZQ2qUjDdPcwlk5yZEziVQpVRwe5qz8i7MnUSw,CHALLENGER,0,2,3,0,0.6666666666666666,Garen,TOP,12,7872,17315,6741,13,167,1096,1775356311976,420,CLASSIC,9.142335766423358,430.9489051094891,0.6569343065693432
EUW1_7810558567,2YpNU2Fi92byILUcKzDhS1_nUjiQNvxl9TRGLOCmaEKzpCG1rCGtiT0GqPTkUoX9VKgiOrAMXVPwVw,MASTER,0,1,4,3,1.0,Aatrox,JUNGLE,10,6986,20477,5248,9,78,1096,1775356311976,420,CLASSIC,4.27007299270073,382.44525547445255,0.5474452554744526
EUW1_7810558567,c2GzEzBVGXXAwAjIbFUoDVY_XDmgCxb4PFGWaD-ZZPqsoIdVc783_SfIB0Qbiqk8oUO9RVraDWjiYw,GRANDMASTER,0,0,5,0,0.0,Aurora,MIDDLE,5,9341,12485,4049,9,75,1096,1775356311976,420,CLASSIC,4.105839416058394,511.36861313868616,0.2737226277372263
EUW1_7810558567,UMu4xknHbPmEFcLx-Aae7w17_jq8w2AP1Tu9y3bQABhOzrDPSSm5F005_mmwF9z5lBOrSdMCQeIzTA,CHALLENGER,0,3,9,1,0.4444444444444444,Kalista,BOTTOM,14,10103,15080,6881,10,126,1096,1775356311976,420,CLASSIC,6.897810218978103,553.0839416058394,0.7664233576642336
EUW1_7810558567,2SiG1oxJIsN2Yskmt-GP9VHxEs2j422pBOfUvCFpppyJpYUWQfMU51Cp0yBCR1zrVQ8vQGH61TApxg,CHALLENGER,0,1,3,4,1.6666666666666667,Nautilus,UTILITY,40,5911,16088,5642,8,23,1096,1775356311976,420,CLASSIC,1.2591240875912408,323.5948905109489,2.18978102189781
EUW1_7810558567,aGWrL3wSAfbeUzhz5vgLDD_aOrbm3lxPaaDE8KQlX-qE5JGsiqoT9jmo-xPC5T1UW65jcjzBWFc7bA,CHALLENGER,1,2,2,2,2.0,Skarner,TOP,13,10514,12632,6197,13,136,1096,1775356311976,420,CLASSIC,7.445255474452555,575.5839416058394,0.7116788321167884
EUW1_7810558567,-788CfJeRXycWEWiCHaRkt0j7W-aT4kVWT2rhEKS7lkAHp2xYYIQde5C5ky1jH3Jl-WCppUchjGr0w,GRANDMASTER,1,7,0,10,17.0,Hecarim,JUNGLE,16,18714,22200,9779,13,170,1096,1775356311976,420,CLASSIC,9.306569343065695,1024.4890510948906,0.8759124087591241
EUW1_7810558567,tb_9x0EfyUo0NEPHjkOAj9Mo8l8a6yRBnXZHYqv3iu2ZYrRwtttt6Xu-YxfvF1p9tbfGMl0jZQDu6Q,CHALLENGER,1,5,0,4,9.0,Viktor,MIDDLE,12,18982,8481,10374,13,200,1096,1775356311976,420,CLASSIC,10.948905109489052,1039.1605839416059,0.6569343065693432
EUW1_7810558567,VmIBpaMc0q51jz3zDNDxATB5a_ucGaiSSnOUroY_29pEzP_j75PEucclH2Q1v_BEWKc3e14nwBP2PQ,GRANDMASTER,1,5,3,5,3.3333333333333335,Smolder,BOTTOM,10,11658,9548,8847,12,148,1096,1775356311976,420,CLASSIC,8.102189781021899,638.2116788321168,0.5474452554744526
EUW1_7810558567,h8ey98mJ9DjYNP01H28jpk14zCQ2Yy-yZwgHPiKiidB18cnKrsBBAb4NY0FyJCDfDz3k7Kw7T8QAEQ,GRANDMASTER,1,5,2,14,9.5,Rell,UTILITY,27,8008,11445,6913,9,16,1096,1775356311976,420,CLASSIC,0.8759124087591241,438.39416058394164,1.478102189781022
EUW1_7810536342,9toWPDrFiBx4Lc37E8oEtEJZtQGkKErNvYCAzDMLT6L6ecvdTmDFcXaXpBU8d7Qerwrr0AdWBLrKmg,GRANDMASTER,0,9,7,2,1.5714285714285714,Garen,TOP,32,32171,45254,15923,18,271,2032,1775352906449,420,CLASSIC,8.001968503937007,949.9311023622047,0.9448818897637795
EUW1_7810536342,qZqFNV2yR9BhZ03nRguNblqNHgZOK-dVuH2wpw-zHzmCjFfT6K710M9hYxwKsd0aInbLo-2aYS2n2A,GRANDMASTER,0,16,6,7,3.8333333333333335,Naafiri,JUNGLE,28,42742,41424,19203,18,264,2032,1775352906449,420,CLASSIC,7.795275590551181,1262.0669291338581,0.8267716535433071
EUW1_7810536342,pMp2TVHEbJd2zX1yWpP22JgEW1q7Ro-0JawH01A305S2brGqnLXJ5zfmc57JK8I8bWDFS5TuPzDzJw,CHALLENGER,0,6,7,15,3.0,Qiyana,MIDDLE,35,31639,25375,12938,17,259,2032,1775352906449,420,CLASSIC,7.647637795275591,934.2224409448819,1.0334645669291338
EUW1_7810536342,FT28b7Yv_ZtmpmwpXysWpk858N0aaq6_iqiHncANnDe89FF8O0T833Cj4k0Rdta3C4dgDwd7pizuHQ,GRANDMASTER,0,3,14,16,1.3571428571428572,Karthus,BOTTOM,21,52333,36198,13533,17,253,2032,1775352906449,420,CLASSIC,7.4704724409448815,1545.265748031496,0.6200787401574803
EUW1_7810536342,mNerCYbMTIyKSyqnHCoFNLbo_Vn8HIRiMULZyXzmniFJDkSpjdi6ruLPUp2qr8JNMTthy4WDvNxX_Q,GRANDMASTER,0,1,14,15,1.1428571428571428,Nautilus,UTILITY,110,11925,39801,8748,13,44,2032,1775352906449,420,CLASSIC,1.2992125984251968,352.11614173228344,3.248031496062992
EUW1_7810536342,Xm6l0aWGSAIFSqobfUJqUhfTpTxySGse2vbUy8eeyNNNo0yXd4JCOuslKW_4L-wqTX2sS-scrsh81A,CHALLENGER,1,6,6,9,2.5,Aatrox,TOP,37,29984,52145,13463,19,263,2032,1775352906449,420,CLASSIC,7.765748031496063,885.3543307086615,1.0925196850393701
EUW1_7810536342,NEjWvPrHM1thZ10qnLHtxLekmYHwP_40eNn_TfMt8UqP7GoKLtttHxRgOMC6FKb1zvDk02YmVSK9Yw,MASTER,1,12,5,17,5.8,Pantheon,JUNGLE,44,33616,50569,16233,18,182,2032,1775352906449,420,CLASSIC,5.374015748031496,992.5984251968504,1.2992125984251968
EUW1_7810536342,tb_9x0EfyUo0NEPHjkOAj9Mo8l8a6yRBnXZHYqv3iu2ZYrRwtttt6Xu-YxfvF1p9tbfGMl0jZQDu6Q,CHALLENGER,1,6,5,20,5.2,Ahri,MIDDLE,23,32096,37167,15536,18,277,2032,1775352906449,420,CLASSIC,8.179133858267717,947.7165354330708,0.6791338582677166
EUW1_7810536342,sAtPvWat1cRn8-x5FsQEX102zzsirOnBR4ZD7chuonka1ahBJ7aHxAZp-smGVIFlLaneg8iy4NSWTg,GRANDMASTER,1,24,7,9,4.714285714285714,Kaisa,BOTTOM,28,50598,34839,23296,17,290,2032,1775352906449,420,CLASSIC,8.562992125984252,1494.035433070866,0.8267716535433071
EUW1_7810536342,7leRO-vSI1haT6yq5VyYybmcILCqo8WoeTHhdom6M2IMrGZ5YgcHC_wv0PSHYNeaXn3-HP5GTv4WYA,,1,0,12,29,2.4166666666666665,Karma,UTILITY,73,11261,34419,10677,14,36,2032,1775352906449,420,CLASSIC,1.0629921259842519,332.50984251968504,2.155511811023622
EUW1_7810508744,9zmW-LJV9makX10YqV940taPEveaLopM7GPSvcepx8tuv_OCS1W4Gzv6x3O8Z3G25hrEG-kPzEg5Qg,CHALLENGER,1,10,7,5,2.142857142857143,Vayne,TOP,13,35363,36044,15994,19,238,1961,1775348939009,420,CLASSIC,7.2819989801121885,1081.9887812340644,0.3977562468128506
EUW1_7810508744,Ajq4dezjZgxJNqyJ5qNKQQwpP4fe88phlMATozTjHZXDw_fPacTlPTdgm8gLHX5r9yYHsTcnah4aaw,GRANDMASTER,1,11,2,9,10.0,Ambessa,JUNGLE,39,37323,36147,16909,18,254,1961,1775348939009,420,CLASSIC,7.771545130035697,1141.958184599694,1.1932687404385518
EUW1_7810508744,tb_9x0EfyUo0NEPHjkOAj9Mo8l8a6yRBnXZHYqv3iu2ZYrRwtttt6Xu-YxfvF1p9tbfGMl0jZQDu6Q,CHALLENGER,1,11,4,6,4.25,Aurora,MIDDLE,28,34023,25276,15121,18,259,1961,1775348939009,420,CLASSIC,7.924528301886793,1040.9892911779705,0.8567057623661398
EUW1_7810508744,PIWXD2RkVUKZFzGr0gMytU0jGnxF1nE5RQfw7NMW37dcC7-TPTGqbXbebKrOm1DysFzP0E8Ywtv9eQ,CHALLENGER,1,6,4,8,3.5,AurelionSol,BOTTOM,20,30990,24277,14733,17,235,1961,1775348939009,420,CLASSIC,7.190209077001531,948.1896991330955,0.6119326874043856
EUW1_7810508744,2SiG1oxJIsN2Yskmt-GP9VHxEs2j422pBOfUvCFpppyJpYUWQfMU51Cp0yBCR1zrVQ8vQGH61TApxg,CHALLENGER,1,0,9,14,1.5555555555555556,Nautilus,UTILITY,105,10124,40162,9082,13,20,1961,1775348939009,420,CLASSIC,0.6119326874043856,309.76032636409997,3.2126466088730243
EUW1_7810508744,yrwnBmmZflmk-7PCr2xfjU-qHAzvHP9ZAMMbSqIJFijc4LYSlOxhUs8qY7xEOlDfKr8D8KgFGjEUkg,CHALLENGER,0,8,10,2,1.0,Leblanc,TOP,31,29984,32964,12050,16,191,1961,1775348939009,420,CLASSIC,5.843957164711882,917.4094849566549,0.9484956654767976
EUW1_7810508744,60yBi7zPq9Y1ZBnXMb_qvK8I9suqmXWw5Ps4JrE09jkML9kZ8wa2mC7zrxx8tk80P_Mw43r90947cA,CHALLENGER,0,4,7,9,1.8571428571428572,Aatrox,JUNGLE,23,18604,56596,13099,17,247,1961,1775348939009,420,CLASSIC,7.557368689444162,569.2197858235595,0.7037225905150434
EUW1_7810508744,c2GzEzBVGXXAwAjIbFUoDVY_XDmgCxb4PFGWaD-ZZPqsoIdVc783_SfIB0Qbiqk8oUO9RVraDWjiYw,GRANDMASTER,0,3,8,5,1.0,Viktor,MIDDLE,26,28012,26517,10091,16,206,1961,1775348939009,420,CLASSIC,6.302906680265171,857.0729219785825,0.7955124936257012
EUW1_7810508744,D34UvKd43eV9deMyyTY0ptDirU8y_8a5IVAdEaKOtNslqZe_559TmlD3cGikzV80ju_yS8b1YBW0Rw,GRANDMASTER,0,10,5,3,2.6,Lucian,BOTTOM,21,41505,29129,17114,16,309,1961,1775348939009,420,CLASSIC,9.454360020397758,1269.9133095359512,0.6425293217746049
EUW1_7810508744,gWLSvXovILAcEVNRhcA4VS9O4Z2QyCq_3diWlOGV-CqR-j_hOHyySUMIngG_HhWNN6JdEnJ6uJvkUg,MASTER,0,1,8,12,1.625,Nami,UTILITY,113,8137,23739,8294,14,24,1961,1775348939009,420,CLASSIC,0.7343192248852627,248.96481387047427,3.4574196838347784
EUW1_7810473534,aGWrL3wSAfbeUzhz5vgLDD_aOrbm3lxPaaDE8KQlX-qE5JGsiqoT9jmo-xPC5T1UW65jcjzBWFc7bA,CHALLENGER,1,6,2,18,12.0,Skarner,TOP,35,25035,35888,13679,20,214,2091,1775345816215,420,CLASSIC,6.140602582496413,718.364418938307,1.0043041606886656
EUW1_7810473534,aCJCfWVYRVl0A9w4isH_xJojLZtfYjEMnN1yipxm-PYXNqQ8Q0mNDMm8Jq89lBTkhrSxTAeQn8Gq8Q,GRANDMASTER,1,8,3,13,7.0,RekSai,JUNGLE,23,25890,48610,14533,17,160,2091,1775345816215,420,CLASSIC,4.591104734576757,742.8981348637016,0.6599713055954088
EUW1_7810473534,yrwnBmmZflmk-7PCr2xfjU-qHAzvHP9ZAMMbSqIJFijc4LYSlOxhUs8qY7xEOlDfKr8D8KgFGjEUkg,CHALLENGER,1,7,6,9,2.6666666666666665,Taliyah,MIDDLE,33,29950,28394,15264,18,287,2091,1775345816215,420,CLASSIC,8.235294117647058,859.3974175035868,0.9469153515064562
EUW1_7810473534,uHldYPrR4gARJrhDClQPq3yPVtJ88vDJN0OVBtKfCuIUdgg7YZT1KpzaWbjsY4nygtof4vLDIMPNIw,GRANDMASTER,1,15,6,8,3.8333333333333335,Yunara,BOTTOM,25,45846,31575,20544,18,332,2091,1775345816215,420,CLASSIC,9.52654232424677,1315.5236728837876,0.7173601147776183
EUW1_7810473534,UPGlR0JjFY8asepKQeb1UkBqY7kI0u0KearU8gUjEuhTbAJImGHRlD2c3x-OhZlxFHwiHHuFTKNzLw,MASTER,1,1,4,26,6.75,Soraka,UTILITY,76,7726,17696,10564,15,15,2091,1775345816215,420,CLASSIC,0.430416068866571,221.69296987087517,2.1807747489239597
EUW1_7810473534,qZqFNV2yR9BhZ03nRguNblqNHgZOK-dVuH2wpw-zHzmCjFfT6K710M9hYxwKsd0aInbLo-2aYS2n2A,GRANDMASTER,0,1,13,5,0.46153846153846156,Smolder,TOP,21,32561,33898,11804,17,270,2091,1775345816215,420,CLASSIC,7.747489239598278,934.3185078909612,0.6025824964131994
EUW1_7810473534,tb_9x0EfyUo0NEPHjkOAj9Mo8l8a6yRBnXZHYqv3iu2ZYrRwtttt6Xu-YxfvF1p9tbfGMl0jZQDu6Q,CHALLENGER,0,8,6,3,1.8333333333333333,Ambessa,JUNGLE,24,27548,34137,14568,16,235,2091,1775345816215,420,CLASSIC,6.743185078909613,790.4734576757533,0.6886657101865136
EUW1_7810473534,tKc0X8ZuD79EI89prgVlzMpU9-6Ej2QNG86Mab7weiOHcEVxP6EbJ3xWRxk4WG4scySVAFr4vMF0AQ,GRANDMASTER,0,6,5,4,2.0,Fizz,MIDDLE,23,24858,34908,14510,17,265,2091,1775345816215,420,CLASSIC,7.604017216642754,713.2855093256815,0.6599713055954088
EUW1_7810473534,aMyoHMNIQWHH6zc12Da5uKtFK4lRUPMvU1ENslDEbfXJ7AtCxWtiuP7JSprtaxof2D6k4IasgXMiDA,MASTER,0,3,7,6,1.2857142857142858,Ashe,BOTTOM,23,30949,23100,16549,16,324,2091,1775345816215,420,CLASSIC,9.296987087517934,888.0631276901004,0.6599713055954088
EUW1_7810473534,vkSJs33nSY3cFbrDU3uDXC07afCw1Xtgcg3IJZPcdvWuLt0pEa3b_wrePcmLXfUKUN54v5PiEsdI-w,GRANDMASTER,0,3,6,8,1.8333333333333333,Anivia,UTILITY,115,14266,34356,9655,14,32,2091,1775345816215,420,CLASSIC,0.9182209469153515,409.3543758967001,3.2998565279770444
EUW1_7810422791,C3I1v0EGyatZjeSyNaUj3AQAaRF_UN0RNnrwDTq5QjMNvFWN8KcmIebB9Klb-UK4o-AkrHfxVOO11A,CHALLENGER,1,4,4,12,4.0,Ambessa,TOP,25,26042,31315,13122,18,253,1760,1775342879296,420,CLASSIC,8.625,887.7954545454546,0.8522727272727273
EUW1_7810422791,Wt3gVpSCS6snj07ojo4XL1PO6oUGP6hB9FwIqNAD9tcZjEKf6sFVRsXyb6u9D3cfwIS5pcSajHuuTg,CHALLENGER,1,11,1,12,23.0,Graves,JUNGLE,30,27956,20324,15532,18,266,1760,1775342879296,420,CLASSIC,9.068181818181818,953.0454545454546,1.0227272727272727
EUW1_7810422791,tb_9x0EfyUo0NEPHjkOAj9Mo8l8a6yRBnXZHYqv3iu2ZYrRwtttt6Xu-YxfvF1p9tbfGMl0jZQDu6Q,CHALLENGER,1,14,2,12,13.0,Aurora,MIDDLE,14,43728,24014,16064,17,250,1760,1775342879296,420,CLASSIC,8.522727272727273,1490.7272727272727,0.4772727272727273
EUW1_7810422791,zADzXgw5TPiG5Sd77Ah2Sxpqd0P9CXZkFT0oSV-QtwEkIc9yI11tJ8czLF4dBkpP9MsUs8xCtbF-uw,GRANDMASTER,1,3,7,10,1.8571428571428572,Ashe,BOTTOM,31,14784,19360,13654,15,214,1760,1775342879296,420,CLASSIC,7.295454545454546,504.0,1.0568181818181819
EUW1_7810422791,dp92a5wwT-tlpDvcZiWwRaDoq4Bbvu-K6zrL4tniLHYjroipX8JgPDFo4rAl14-qJa3Ko7Nn9bjk5Q,MASTER,1,0,3,25,8.333333333333334,Lulu,UTILITY,101,8088,18525,8517,14,36,1760,1775342879296,420,CLASSIC,1.2272727272727273,275.72727272727275,3.4431818181818183
EUW1_7810422791,YnfMuW-xlPagu2SrMvBkhkVHnanMtvE_TpTPdSB7hZ38cYwrlSn3M5zEVrglKAk2BoPncrj17PD3WA,GRANDMASTER,0,3,5,3,1.2,Malphite,TOP,28,21902,34011,9861,16,204,1760,1775342879296,420,CLASSIC,6.954545454545455,746.659090909091,0.9545454545454546
EUW1_7810422791,RU9HTMW4xU8Ena2lUuCj15P0lIP-vmep65jvE3z25P_57jPthhc-mAnDUS8DwnGYHvP6cKE_NKiJWA,GRANDMASTER,0,4,8,5,1.125,Elise,JUNGLE,15,10858,26805,10897,14,182,1760,1775342879296,420,CLASSIC,6.204545454545455,370.15909090909093,0.5113636363636364
EUW1_7810422791,pM-1la4VDf88hXeU0_R9g7OAOsqBY15zSXYDe7YgbduEXyR0UT4_v98GNB4l3ysHbjTRvdfpIOabQQ,CHALLENGER,0,3,4,1,1.0,Yasuo,MIDDLE,23,15297,28823,11298,16,287,1760,1775342879296,420,CLASSIC,9.78409090909091,521.4886363636364,0.7840909090909092
EUW1_7810422791,wXFgFN4t_J4Z-F7sa7gzTlqykvB3zfRh43GFRnugtx-bhB6XMcdv6A3OFTLBlKVk35bBKHqYv0RpmA,CHALLENGER,0,4,7,6,1.4285714285714286,Ezreal,BOTTOM,14,31744,28235,13135,13,252,1760,1775342879296,420,CLASSIC,8.590909090909092,1082.1818181818182,0.4772727272727273
EUW1_7810422791,AmCKOJYZKPS4yxXtQUfHLEqHDUZkeTgxIwIWsK3yX3GVsQhu8vdtdDFoK5HJYPM9VCmk1TcSLg6fdw,CHALLENGER,0,3,8,6,1.125,Karma,UTILITY,87,7508,27167,7729,12,18,1760,1775342879296,420,CLASSIC,0.6136363636363636,255.95454545454547,2.965909090909091
EUW1_7810373073,fjLIyYTheDGSwPD8R_WcJ0O9bJvR_EJ4-od9n2ikxOzvMh1ZSJTMceXTPL4eWK5gb_GqsyWw0kZAjg,GRANDMASTER,1,4,4,2,1.5,Zaahen,TOP,15,15870,46420,12560,18,191,2040,1775340559596,420,CLASSIC,5.617647058823529,466.7647058823529,0.4411764705882353
EUW1_7810373073,v6LGjm9ejQLHzObOf4ZwLInDh3WNCNvKzeiNNdLNiNTO6GAnuvmtfvzNqBHulHK-4H64fyOlEB3Cmg,GRANDMASTER,1,12,6,6,3.0,Rengar,JUNGLE,50,32880,38566,20595,18,244,2040,1775340559596,420,CLASSIC,7.176470588235294,967.0588235294117,1.4705882352941178
EUW1_7810373073,tb_9x0EfyUo0NEPHjkOAj9Mo8l8a6yRBnXZHYqv3iu2ZYrRwtttt6Xu-YxfvF1p9tbfGMl0jZQDu6Q,CHALLENGER,1,0,3,9,3.0,Ahri,MIDDLE,39,22602,25165,13510,17,293,2040,1775340559596,420,CLASSIC,8.617647058823529,664.7647058823529,1.1470588235294117
EUW1_7810373073,zADzXgw5TPiG5Sd77Ah2Sxpqd0P9CXZkFT0oSV-QtwEkIc9yI11tJ8czLF4dBkpP9MsUs8xCtbF-uw,GRANDMASTER,1,4,2,6,5.0,Ashe,BOTTOM,42,19983,14437,17043,16,299,2040,1775340559596,420,CLASSIC,8.794117647058824,587.7352941176471,1.2352941176470589
EUW1_7810373073,dp92a5wwT-tlpDvcZiWwRaDoq4Bbvu-K6zrL4tniLHYjroipX8JgPDFo4rAl14-qJa3Ko7Nn9bjk5Q,MASTER,1,3,4,6,2.25,Nautilus,UTILITY,85,7393,30086,9208,14,30,2040,1775340559596,420,CLASSIC,0.8823529411764706,217.44117647058823,2.5
EUW1_7810373073,WPG7eWuj7p2Wn5RLJgrU9hgibQFQy7YyDtyHZimE34lBLqC0Fj6XCq9tiswwkD0YDk_GWDA1lYiokQ,CHALLENGER,0,1,4,4,1.25,Karma,TOP,17,27471,20783,10847,16,219,2040,1775340559596,420,CLASSIC,6.4411764705882355,807.9705882352941,0.5
EUW1_7810373073,pf4riy24THIuSd7imr9SSkHY22l-DZcvAYikk1qFnmofgZpCS8HOl818_DU8DmSuXW3GkwLy8vuqVQ,GRANDMASTER,0,6,5,7,2.6,Nocturne,JUNGLE,34,16086,39551,13292,15,229,2040,1775340559596,420,CLASSIC,6.735294117647059,473.11764705882354,1.0
EUW1_7810373073,hgrLMJ0S8iNAWNMEaelxjZWbXxR2Qm2ph-TeR4gZNu4dqZ-VKTNPmab2-n7MjhJTyWjDlh1hwB7jjQ,CHALLENGER,0,9,6,8,2.8333333333333335,Quinn,MIDDLE,25,39575,28261,13366,17,222,2040,1775340559596,420,CLASSIC,6.529411764705882,1163.9705882352941,0.7352941176470589
EUW1_7810373073,tSoG6nAUy78Z7X1KRXTQHW2O2gynJzR694Jbcsx5b8lH0SOsn65lxbi6q7BkWNk8VhJUKoO8A9Kd5A,CHALLENGER,0,2,3,5,2.3333333333333335,Caitlyn,BOTTOM,34,28102,16465,13251,15,298,2040,1775340559596,420,CLASSIC,8.764705882352942,826.5294117647059,1.0
EUW1_7810373073,k23BcYxhmTWDAdL9F95lbPHmHyBaxOhInklnSA_mIqzXAjn0PnvMrhPRkYQCjQqU0RLDpPFu5VKRlg,GRANDMASTER,0,1,5,7,1.6,Neeko,UTILITY,130,12702,20185,9072,13,40,2040,1775340559596,420,CLASSIC,1.1764705882352942,373.5882352941176,3.823529411764706
EUW1_7810101409,Cki0N6vJ5533W9bNnr9TULVwONCh6j8COZQ7CKO-__BpWVrsMLIJ9UZ7j3C7latvTeC0QcrGfQsEqQ,CHALLENGER,0,5,11,5,0.9090909090909091,Gnar,TOP,21,21372,33946,10782,16,211,1616,1775328945116,420,CLASSIC,7.834158415841584,793.5148514851485,0.7797029702970297
EUW1_7810101409,gITnGto3BbLgh-p9T6TnUyXecoFxjloyo5ZRjiRudWWyUWWeqT90XKjBKxrOYv8MJKSAOLA_tEAE5A,CHALLENGER,0,5,6,13,3.0,JarvanIV,JUNGLE,37,18601,35614,11801,14,177,1616,1775328945116,420,CLASSIC,6.571782178217822,690.6311881188119,1.3737623762376237
EUW1_7810101409,RpZQtLGH6e1kuHeneKbURLLMD4UWpO4fxDOIWdtqylHn1CsiojjIRcqSsp4nsoKk2-iN67yF7vGuPg,CHALLENGER,0,7,8,2,1.125,Azir,MIDDLE,26,31668,23225,11548,15,207,1616,1775328945116,420,CLASSIC,7.685643564356435,1175.7920792079208,0.9653465346534653
EUW1_7810101409,Rd_CNVkSdjRlw9N-LxCp9t11mWUW35aatMiiqF7uJSdgPn_EFIwjRfs0AMRTdPbYtJRTcjN93ig3pw,GRANDMASTER,0,7,8,6,1.625,Draven,BOTTOM,14,32289,26584,14942,14,247,1616,1775328945116,420,CLASSIC,9.17079207920792,1198.84900990099,0.5198019801980198
EUW1_7810101409,rzNXYlN5snJ7-zw6RhjyrW4A9WWO-HVRaZZKGNWBeUWKpayxKR_1JVkjnVDopwF4mMunPQ7Z4aoViQ,CHALLENGER,0,2,4,13,3.75,Alistar,UTILITY,101,7150,23559,7940,11,20,1616,1775328945116,420,CLASSIC,0.7425742574257426,265.470297029703,3.75
EUW1_7810101409,hgrLMJ0S8iNAWNMEaelxjZWbXxR2Qm2ph-TeR4gZNu4dqZ-VKTNPmab2-n7MjhJTyWjDlh1hwB7jjQ,CHALLENGER,1,15,6,11,4.333333333333333,Quinn,TOP,26,39183,26138,13971,17,191,1616,1775328945116,420,CLASSIC,7.091584158415841,1454.8143564356435,0.9653465346534653
EUW1_7810101409,UwHcKv8yPl4rXxxONdTMwN6eQ8xa8KuRI5aI0xPG_N09TFAw-KzOxqoZNXmCUbqEkObIqoIgOtXEsQ,CHALLENGER,1,7,4,13,5.0,DrMundo,JUNGLE,33,19317,49221,12055,15,184,1616,1775328945116,420,CLASSIC,6.8316831683168315,717.2153465346535,1.2252475247524752
EUW1_7810101409,tb_9x0EfyUo0NEPHjkOAj9Mo8l8a6yRBnXZHYqv3iu2ZYrRwtttt6Xu-YxfvF1p9tbfGMl0jZQDu6Q,CHALLENGER,1,9,3,14,7.666666666666667,Aurora,MIDDLE,20,30924,27599,14291,17,224,1616,1775328945116,420,CLASSIC,8.316831683168317,1148.1683168316831,0.7425742574257426
EUW1_7810101409,kteXLkIClnef1TeX4vHWOBsk95iK9h-TA4soXeaxToVMv9CWIbWyoZZLpZF01xlvDZrOTKUNY1v9ag,CHALLENGER,1,4,6,7,1.8333333333333333,Ashe,BOTTOM,33,17517,18389,12231,14,209,1616,1775328945116,420,CLASSIC,7.75990099009901,650.3836633663366,1.2252475247524752
EUW1_7810101409,LX25OXBYVv3Y4kiVCH1LS9vLZOXcGTiBc-1XpfvGpu71MvDNA1M-o2Rv11stKmJAZtaV4M-UMMGiqA,GRANDMASTER,1,2,7,22,3.4285714285714284,Seraphine,UTILITY,89,11703,19630,8666,13,22,1616,1775328945116,420,CLASSIC,0.8168316831683168,434.51732673267327,3.3044554455445545
EUW1_7812778377,mAVMIwYFo7Wga0tbfWsKca-TgqJb53lOerk90FUyZA6wqIKIBruM_vjzjWZIGB7v-T1Crk3_NMX5rQ,GRANDMASTER,1,12,3,8,6.666666666666667,Gnar,TOP,29,33612,35994,17283,19,271,1977,1775517678147,420,CLASSIC,8.224582701062214,1020.091047040971,0.8801213960546281
EUW1_7812778377,0cFM_rf-uJ2RtSzlGCP5oFL1U5JrSTBLqLnN6NKLaRVm7tUBFWnxKyVHnmDviJgqv5BMimCc9_mvbA,CHALLENGER,1,9,4,18,6.75,Vi,JUNGLE,57,23018,41292,16423,18,239,1977,1775517678147,420,CLASSIC,7.253414264036418,698.5735963581183,1.7298937784522002
EUW1_7812778377,pMp2TVHEbJd2zX1yWpP22JgEW1q7Ro-0JawH01A305S2brGqnLXJ5zfmc57JK8I8bWDFS5TuPzDzJw,CHALLENGER,1,9,6,17,4.333333333333333,Galio,MIDDLE,23,20477,28089,12816,17,193,1977,1775517678147,420,CLASSIC,5.857359635811836,621.4567526555386,0.6980273141122912
EUW1_7812778377,XBsYMq2zk0fbKgbhAuV6aSiZNzGOY-5NzrxBcPEqLuruHAu9SEQpHnoQ9HtHzQ6AEPlZXhlnjuVfjA,CHALLENGER,1,13,3,12,8.333333333333334,AurelionSol,BOTTOM,22,36537,19899,17655,17,264,1977,1775517678147,420,CLASSIC,8.012139605462822,1108.8619119878604,0.6676783004552351
EUW1_7812778377,76QNsXz7yZwBut97fSFEhisBI4ngYlieUTLE6AcIviscSH22lw5qoTb6cMWIwMKapN2gNlPZluuvug,GRANDMASTER,1,0,6,22,3.6666666666666665,Nautilus,UTILITY,119,8154,25112,9370,14,35,1977,1775517678147,420,CLASSIC,1.062215477996965,247.46585735963578,3.611532625189681
EUW1_7812778377,zADzXgw5TPiG5Sd77Ah2Sxpqd0P9CXZkFT0oSV-QtwEkIc9yI11tJ8czLF4dBkpP9MsUs8xCtbF-uw,GRANDMASTER,0,5,11,6,1.0,TwistedFate,TOP,31,28889,32192,15902,17,220,1977,1775517678147,420,CLASSIC,6.676783004552352,876.752655538695,0.9408194233687405
EUW1_7812778377,wdPuBM06h-VzRaUwqGaHgT61YMCVDkgbtZZh14IG4gMLxV3Ocs-moWXzIevh5rSE7SMptss1bq1daQ,CHALLENGER,0,2,10,9,1.1,Qiyana,JUNGLE,53,26859,34790,13060,15,223,1977,1775517678147,420,CLASSIC,6.76783004552352,815.1441578148709,1.6084977238239755
EUW1_7812778377,nmK4NnHesoY6A1bwqR-MjgjWZNhK0-CEwdFZ3DBo9mPWVBJ-PO-YmPHiXetv0kyihvfyrIxQk9BDHA,CHALLENGER,0,5,8,12,2.125,Aurora,MIDDLE,27,26790,33895,13132,17,229,1977,1775517678147,420,CLASSIC,6.949924127465857,813.0500758725341,0.8194233687405159
EUW1_7812778377,sz6A3b4H94mGmttPGugZNxrQolU1NkH_5F0TzYD6cCIrUGC9uXIYP-V8J5Hih4JJCmVM0Rmupj13vw,GRANDMASTER,0,10,7,5,2.142857142857143,Mel,BOTTOM,21,25735,20857,15303,16,283,1977,1775517678147,420,CLASSIC,8.588770864946888,781.0318664643398,0.637329286798179
EUW1_7812778377,1HP0QdcLNywurJ6kMJgN4PZClQhPl-VCTUZhUH4Qr4kJpcozggfNG4zao3SEV9Dyn4c-PnM6lQRTFA,GRANDMASTER,0,0,7,17,2.4285714285714284,Thresh,UTILITY,101,7348,28680,8134,14,39,1977,1775517678147,420,CLASSIC,1.1836115326251895,223.00455235204853,3.0652503793626704
EUW1_7811592769,C3I1v0EGyatZjeSyNaUj3AQAaRF_UN0RNnrwDTq5QjMNvFWN8KcmIebB9Klb-UK4o-AkrHfxVOO11A,CHALLENGER,0,3,9,2,0.5555555555555556,Rumble,TOP,23,21246,23453,8699,14,192,1496,1775428712548,420,CLASSIC,7.7005347593582885,852.1122994652407,0.9224598930481284
EUW1_7811592769,UwHcKv8yPl4rXxxONdTMwN6eQ8xa8KuRI5aI0xPG_N09TFAw-KzOxqoZNXmCUbqEkObIqoIgOtXEsQ,CHALLENGER,0,1,5,6,1.4,JarvanIV,JUNGLE,34,11921,19016,8489,13,169,1496,1775428712548,420,CLASSIC,6.778074866310161,478.1149732620321,1.3636363636363635
EUW1_7811592769,RpZQtLGH6e1kuHeneKbURLLMD4UWpO4fxDOIWdtqylHn1CsiojjIRcqSsp4nsoKk2-iN67yF7vGuPg,CHALLENGER,0,4,5,1,1.0,Syndra,MIDDLE,19,20809,21902,9579,14,214,1496,1775428712548,420,CLASSIC,8.582887700534759,834.5855614973262,0.7620320855614974
EUW1_7811592769,Df4sYktT79Sayc38Jsx2iaOkiBkhzXRH9_pv6SWTJCVekDfwK6LZbGLnNaYgAG8NPP0fyPXDWaQ_lA,CHALLENGER,0,7,9,2,1.0,Ezreal,BOTTOM,14,28999,25799,12382,13,186,1496,1775428712548,420,CLASSIC,7.459893048128342,1163.0614973262032,0.5614973262032086
EUW1_7811592769,2SsKRfcaiuLK0jb8VlFYlQyWJMIaUZqLxZV5ccczDfPrCjtnQgbR5cVNxtJUXGw5rqnM663h10c_TQ,GRANDMASTER,0,1,7,9,1.4285714285714286,Karma,UTILITY,79,7000,23197,7042,11,25,1496,1775428712548,420,CLASSIC,1.0026737967914439,280.7486631016043,3.1684491978609626
EUW1_7811592769,aGWrL3wSAfbeUzhz5vgLDD_aOrbm3lxPaaDE8KQlX-qE5JGsiqoT9jmo-xPC5T1UW65jcjzBWFc7bA,CHALLENGER,1,2,3,8,3.3333333333333335,Skarner,TOP,16,9280,21938,8888,16,173,1496,1775428712548,420,CLASSIC,6.938502673796791,372.19251336898395,0.6417112299465241
EUW1_7811592769,wdPuBM06h-VzRaUwqGaHgT61YMCVDkgbtZZh14IG4gMLxV3Ocs-moWXzIevh5rSE7SMptss1bq1daQ,CHALLENGER,1,16,2,9,12.5,Zaahen,JUNGLE,35,28902,41812,15693,16,187,1496,1775428712548,420,CLASSIC,7.5,1159.1711229946525,1.4037433155080214
EUW1_7811592769,nmK4NnHesoY6A1bwqR-MjgjWZNhK0-CEwdFZ3DBo9mPWVBJ-PO-YmPHiXetv0kyihvfyrIxQk9BDHA,CHALLENGER,1,8,4,9,4.25,Aurora,MIDDLE,28,24775,19765,12992,15,188,1496,1775428712548,420,CLASSIC,7.540106951871658,993.6497326203208,1.1229946524064172
EUW1_7811592769,v3Jr1A9OlabL8ItN4UK76CDjdlKpAENTdGPZhAcEKgmbMz4hWG-mKFx9yc0znarpHxV3SDymo_hLvg,CHALLENGER,1,9,3,6,5.0,Vayne,BOTTOM,25,28054,23087,13651,14,216,1496,1775428712548,420,CLASSIC,8.663101604278074,1125.1604278074867,1.0026737967914439
EUW1_7811592769,TpnuFmp7IpW_4XT6B6bU8YKTExZcICTj0G0e2yLO_Tc2ABIxZIYAehEDoqScp-xkbgUBozEStsIyOA,CHALLENGER,1,0,4,19,4.75,Lulu,UTILITY,88,7941,15194,8098,13,25,1496,1775428712548,420,CLASSIC,1.0026737967914439,318.48930481283423,3.5294117647058822
EUW1_7810534576,GmTtheaCtw4RgKE31E_UMU6Ne7i0w1ZidAbbfFBMOOuwKieruxh4U-oV0t5efAdbNEqO2DO6OvQVNQ,GRANDMASTER,0,5,5,5,2.0,Akali,TOP,17,22514,30105,10416,16,205,1527,1775351630376,420,CLASSIC,8.055009823182711,884.6365422396857,0.6679764243614932
EUW1_7810534576,TNvIeA1klMOo6xFwVdaglbE9MdlRaYXB69flJ7aRrR02Xa4fWWO1N5oo8p5n82bszgwH-sV-5R4TCg,GRANDMASTER,0,5,7,8,1.8571428571428572,Jayce,JUNGLE,22,19205,30782,13798,15,201,1527,1775351630376,420,CLASSIC,7.897838899803537,754.6168958742633,0.8644400785854617
EUW1_7810534576,Cki0N6vJ5533W9bNnr9TULVwONCh6j8COZQ7CKO-__BpWVrsMLIJ9UZ7j3C7latvTeC0QcrGfQsEqQ,CHALLENGER,0,8,9,7,1.6666666666666667,Pantheon,MIDDLE,11,22828,30604,11922,14,190,1527,1775351630376,420,CLASSIC,7.465618860510806,896.9744597249509,0.43222003929273084
EUW1_7810534576,pnQAkEXdDve2iSvxxR7frG523NZo4cQK2zSXLGxmFZfAAQxCahXe6JW8qoZBgFS6_umOK2pYwdIy5Q,CHALLENGER,0,3,6,5,1.3333333333333333,Ezreal,BOTTOM,16,17535,21723,11710,14,228,1527,1775351630376,420,CLASSIC,8.958742632612967,688.9980353634578,0.6286836935166994
EUW1_7810534576,2SiG1oxJIsN2Yskmt-GP9VHxEs2j422pBOfUvCFpppyJpYUWQfMU51Cp0yBCR1zrVQ8vQGH61TApxg,CHALLENGER,0,1,9,10,1.2222222222222223,Nami,UTILITY,80,5824,18528,7178,11,20,1527,1775351630376,420,CLASSIC,0.7858546168958743,228.8408644400786,3.1434184675834973
EUW1_7810534576,mzd0m8qaL7u07XTBm3bzOSJO0eFQmTScQYec49d-5-qz5Ujf_zf_CVX0d4StBzzxGYZeTCiEvKiAVA,GRANDMASTER,1,3,4,9,3.0,Gragas,TOP,15,24401,24291,11172,17,227,1527,1775351630376,420,CLASSIC,8.919449901768173,958.7819253438114,0.5893909626719057
EUW1_7810534576,wdPuBM06h-VzRaUwqGaHgT61YMCVDkgbtZZh14IG4gMLxV3Ocs-moWXzIevh5rSE7SMptss1bq1daQ,CHALLENGER,1,11,6,11,3.6666666666666665,Qiyana,JUNGLE,34,24856,29187,14348,16,171,1527,1775351630376,420,CLASSIC,6.7190569744597255,976.6601178781925,1.3359528487229864
EUW1_7810534576,vzC0-V3SjwcTe7sr4dN3y7H1yAR6nXtGRHRTDIVWO6vY4xQwbAj60033_5Ehn7d2iQUyXoGQ74LT_g,CHALLENGER,1,7,5,6,2.6,Vladimir,MIDDLE,5,27342,33715,12926,16,216,1527,1775351630376,420,CLASSIC,8.487229862475441,1074.3418467583497,0.19646365422396858
EUW1_7810534576,sz6A3b4H94mGmttPGugZNxrQolU1NkH_5F0TzYD6cCIrUGC9uXIYP-V8J5Hih4JJCmVM0Rmupj13vw,GRANDMASTER,1,15,4,4,4.75,Kalista,BOTTOM,14,31596,27106,16071,15,240,1527,1775351630376,420,CLASSIC,9.430255402750491,1241.4931237721023,0.550098231827112
EUW1_7810534576,Ek6Vg0OjL8gFJzZdmTtAGLfp74KyALk5IENL_LwYw1P8zV2P5fz1zt0ys2suYRFmSbQtlDUrevxkHg,MASTER,1,0,3,24,8.0,Renata,UTILITY,69,11586,12846,8217,13,25,1527,1775351630376,420,CLASSIC,0.9823182711198428,455.24557956778,2.7111984282907664
EUW1_7810497871,-wOrJ0epX6d0-CLuXUqrsJfEhwW6GUjdQ-hJ1QIXnX8rr8hNeGuyRksBk3vMpwJzvG9W3kZFpG7c4w,CHALLENGER,0,3,14,7,0.7142857142857143,Gnar,TOP,22,26206,33934,9895,15,177,1730,1775348123719,420,CLASSIC,6.138728323699422,908.8786127167631,0.7630057803468209
EUW1_7810497871,noW9v60Jq_ntvUpEvwFfPjW10nV2XScnB1L-9gqvPIBiwlEoFKIrkJAMyB2vzmQSGlp-ZysuSYsaVw,MASTER,0,6,4,13,4.75,Shaco,JUNGLE,32,29446,25016,12926,16,229,1730,1775348123719,420,CLASSIC,7.942196531791907,1021.2485549132948,1.1098265895953758
EUW1_7810497871,-788CfJeRXycWEWiCHaRkt0j7W-aT4kVWT2rhEKS7lkAHp2xYYIQde5C5ky1jH3Jl-WCppUchjGr0w,GRANDMASTER,0,5,2,8,6.5,Annie,MIDDLE,23,29462,11463,10751,15,211,1730,1775348123719,420,CLASSIC,7.317919075144509,1021.8034682080926,0.7976878612716763
EUW1_7810497871,yQ3Myk0Bj9ORtRo1fRvkCD91ouViaObw_5Rctwy9fxXgrVAN0sQD_Iy4IzZvJ-Y75TS_Od41cwHjvw,GRANDMASTER,0,9,4,5,3.5,Ashe,BOTTOM,40,23391,15538,14923,14,236,1730,1775348123719,420,CLASSIC,8.184971098265896,811.2485549132948,1.3872832369942196
EUW1_7810497871,sz6A3b4H94mGmttPGugZNxrQolU1NkH_5F0TzYD6cCIrUGC9uXIYP-V8J5Hih4JJCmVM0Rmupj13vw,GRANDMASTER,0,1,6,18,3.1666666666666665,Karma,UTILITY,80,7619,20981,8342,13,30,1730,1775348123719,420,CLASSIC,1.0404624277456649,264.242774566474,2.7745664739884393
EUW1_7810497871,mzd0m8qaL7u07XTBm3bzOSJO0eFQmTScQYec49d-5-qz5Ujf_zf_CVX0d4StBzzxGYZeTCiEvKiAVA,GRANDMASTER,1,7,6,11,3.0,Sylas,TOP,19,22614,38787,12475,16,199,1730,1775348123719,420,CLASSIC,6.901734104046243,784.3005780346821,0.6589595375722543
EUW1_7810497871,wdPuBM06h-VzRaUwqGaHgT61YMCVDkgbtZZh14IG4gMLxV3Ocs-moWXzIevh5rSE7SMptss1bq1daQ,CHALLENGER,1,10,5,10,4.0,Ambessa,JUNGLE,36,25528,33044,15337,16,202,1730,1775348123719,420,CLASSIC,7.00578034682081,885.364161849711,1.2485549132947977
EUW1_7810497871,9toWPDrFiBx4Lc37E8oEtEJZtQGkKErNvYCAzDMLT6L6ecvdTmDFcXaXpBU8d7Qerwrr0AdWBLrKmg,GRANDMASTER,1,8,2,8,8.0,Garen,MIDDLE,27,20594,36746,13264,17,245,1730,1775348123719,420,CLASSIC,8.497109826589595,714.242774566474,0.9364161849710984
EUW1_7810497871,m2H8g_5gU6Hey2-JhwNHazZPktZh-bTt2BN2NrSL64msoDEgarOTkzjz1-zWkepqHWjaa3LTalXEeQ,MASTER,1,3,5,11,2.8,Seraphine,BOTTOM,21,8702,16465,10870,13,190,1730,1775348123719,420,CLASSIC,6.589595375722544,301.8034682080925,0.7283236994219654
EUW1_7810497871,5iM_YT4j1KM2jZe9YECNXO2HEWbhFni9mw6bYwvoIwIzPYOif4Q41ATzjyMMQNwLSkmpLFK2J5l2zg,GRANDMASTER,1,1,6,15,2.6666666666666665,Rell,UTILITY,101,5150,22996,8323,12,24,1730,1775348123719,420,CLASSIC,0.8323699421965318,178.61271676300578,3.502890173410405
EUW1_7810461718,mzd0m8qaL7u07XTBm3bzOSJO0eFQmTScQYec49d-5-qz5Ujf_zf_CVX0d4StBzzxGYZeTCiEvKiAVA,GRANDMASTER,1,6,2,5,5.5,Garen,TOP,22,23165,24793,12715,17,240,1479,1775345250040,420,CLASSIC,9.736308316430021,939.7565922920893,0.8924949290060853
EUW1_7810461718,wdPuBM06h-VzRaUwqGaHgT61YMCVDkgbtZZh14IG4gMLxV3Ocs-moWXzIevh5rSE7SMptss1bq1daQ,CHALLENGER,1,11,3,6,5.666666666666667,Ambessa,JUNGLE,42,27651,30945,13919,16,204,1479,1775345250040,420,CLASSIC,8.275862068965518,1121.7444219066938,1.7038539553752536
EUW1_7810461718,2RrSx9Y2_Hr_fLWWJ0VXa_pFST0jlpNPY1kcHjUA785hpCSiA1jrIA-O3FZ6X1-jx8k2qIU7rja_2g,CHALLENGER,1,7,7,5,1.7142857142857142,Syndra,MIDDLE,17,23783,20886,10790,16,188,1479,1775345250040,420,CLASSIC,7.626774847870183,964.8275862068966,0.6896551724137931
EUW1_7810461718,v2wfueu2arp-k13HY2KctQQojvIQYh1aIc-HLNwfb_TKqgckdxJP3SrD33mxWYMVM1hb35CrRqsnHA,GRANDMASTER,1,3,3,4,2.3333333333333335,Caitlyn,BOTTOM,25,19264,17667,12302,14,244,1479,1775345250040,420,CLASSIC,9.898580121703855,781.501014198783,1.0141987829614605
EUW1_7810461718,xeFYvTPE_HtgmcBpwr5fIHQyYDOs0pRXTbQz9MlvXbvMmADzcqFHWrZVaZ7LJeTwHRykR2qd8Eo58Q,GRANDMASTER,1,1,4,15,4.0,Nami,UTILITY,67,7505,13868,7887,13,21,1479,1775345250040,420,CLASSIC,0.8519269776876268,304.46247464503045,2.718052738336714
EUW1_7810461718,P2b9VzWzUmuZFxxVzDQg7olIQ4HW-laVwYRkwL-QMQJpJCcrzZhe82VgZazoI2Zklfb1GQzzy0cB6w,CHALLENGER,0,3,6,1,0.6666666666666666,TahmKench,TOP,14,22203,40544,9268,15,206,1479,1775345250040,420,CLASSIC,8.356997971602434,900.7302231237323,0.5679513184584178
EUW1_7810461718,Wt3gVpSCS6snj07ojo4XL1PO6oUGP6hB9FwIqNAD9tcZjEKf6sFVRsXyb6u9D3cfwIS5pcSajHuuTg,CHALLENGER,0,10,5,2,2.4,Graves,JUNGLE,24,24161,17636,12491,14,193,1479,1775345250040,420,CLASSIC,7.829614604462475,980.1622718052739,0.9736308316430021
EUW1_7810461718,rWtKUN0f4e_zG_IJ1i4qEdoNehC6Vx0jL57dXIjyAKsgqALRG4ZzqzGUIJSMdDMYuxzmNThjqbeOog,CHALLENGER,0,3,7,5,1.1428571428571428,Leblanc,MIDDLE,15,14768,22338,8846,14,181,1479,1775345250040,420,CLASSIC,7.342799188640974,599.107505070994,0.6085192697768763
EUW1_7810461718,zADzXgw5TPiG5Sd77Ah2Sxpqd0P9CXZkFT0oSV-QtwEkIc9yI11tJ8czLF4dBkpP9MsUs8xCtbF-uw,GRANDMASTER,0,3,5,3,1.2,Sivir,BOTTOM,18,16925,18597,11052,13,222,1479,1775345250040,420,CLASSIC,9.00608519269777,686.6125760649088,0.7302231237322515
EUW1_7810461718,dp92a5wwT-tlpDvcZiWwRaDoq4Bbvu-K6zrL4tniLHYjroipX8JgPDFo4rAl14-qJa3Ko7Nn9bjk5Q,MASTER,0,0,5,8,1.6,Karma,UTILITY,54,7057,19259,6527,11,38,1479,1775345250040,420,CLASSIC,1.54158215010142,286.2880324543611,2.190669371196755
EUW1_7810391033,VqHhamjGtfLhgo55J1ODBS8NpENoPKHsPlHI_vBZejr6CyR4qwReukGjVaDVGPJWkLcVp3TC4EOiSQ,GRANDMASTER,1,4,3,16,6.666666666666667,Singed,TOP,34,29460,50354,17312,20,328,2516,1775341471379,420,CLASSIC,7.8219395866454695,702.543720190779,0.8108108108108109
EUW1_7810391033,k8U-jWyXQcfhdN_VJJOdctkpRfUgQDjqsCW_FY9GKjYUGTVmLjvW-D6yoB-iWtEfMHSwL7-J8-ChPw,CHALLENGER,1,9,8,18,3.375,Vi,JUNGLE,68,33920,59807,19925,18,285,2516,1775341471379,420,CLASSIC,6.796502384737679,808.9030206677267,1.6216216216216217
EUW1_7810391033,Xm6l0aWGSAIFSqobfUJqUhfTpTxySGse2vbUy8eeyNNNo0yXd4JCOuslKW_4L-wqTX2sS-scrsh81A,CHALLENGER,1,9,9,8,1.8888888888888888,Ahri,MIDDLE,49,33524,38423,15941,18,278,2516,1775341471379,420,CLASSIC,6.629570747217807,799.4594594594595,1.1685214626391098
EUW1_7810391033,_jU3kcYrdmle2PNNi_e9SjE1-0fHWLFq4lp0AydftHoZ5ueOLhGceQfTHISCk9fsX9Rt9rWa_lqnjQ,CHALLENGER,1,16,6,17,5.5,Jhin,BOTTOM,29,60971,30936,23963,18,308,2516,1775341471379,420,CLASSIC,7.344992050874405,1453.998410174881,0.6915739268680445
EUW1_7810391033,ClTT2DXCNcbbi3xVz5GK_10b7Goa4B5Nn1KvMU-kfvXfvntNTvPY6hdARwFzh-K-L_lxU16REt8_LQ,CHALLENGER,1,6,3,31,12.333333333333334,Karma,UTILITY,154,22052,32497,13993,17,55,2516,1775341471379,420,CLASSIC,1.3116057233704295,525.8823529411765,3.6724960254372023
EUW1_7810391033,mzd0m8qaL7u07XTBm3bzOSJO0eFQmTScQYec49d-5-qz5Ujf_zf_CVX0d4StBzzxGYZeTCiEvKiAVA,GRANDMASTER,0,7,9,7,1.5555555555555556,Jayce,TOP,63,49058,38781,20150,20,350,2516,1775341471379,420,CLASSIC,8.34658187599364,1169.904610492846,1.5023847376788555
EUW1_7810391033,wdPuBM06h-VzRaUwqGaHgT61YMCVDkgbtZZh14IG4gMLxV3Ocs-moWXzIevh5rSE7SMptss1bq1daQ,CHALLENGER,0,4,6,7,1.8333333333333333,Aatrox,JUNGLE,60,31932,69849,15718,18,266,2516,1775341471379,420,CLASSIC,6.343402225755168,761.4944356120827,1.4308426073131957
EUW1_7810391033,vkSJs33nSY3cFbrDU3uDXC07afCw1Xtgcg3IJZPcdvWuLt0pEa3b_wrePcmLXfUKUN54v5PiEsdI-w,GRANDMASTER,0,8,7,8,2.2857142857142856,Akali,MIDDLE,34,38754,42296,16077,18,272,2516,1775341471379,420,CLASSIC,6.486486486486487,924.1812400635931,0.8108108108108109
EUW1_7810391033,v3Jr1A9OlabL8ItN4UK76CDjdlKpAENTdGPZhAcEKgmbMz4hWG-mKFx9yc0znarpHxV3SDymo_hLvg,CHALLENGER,0,7,15,7,0.9333333333333333,Yunara,BOTTOM,22,41617,43926,20799,17,329,2516,1775341471379,420,CLASSIC,7.845786963434023,992.4562798092211,0.5246422893481717
EUW1_7810391033,gSULI1lUF2deBJMf0UrKbIRgQoiCbsTEFfYBtXSeLmw8trm16q3aUU_mrVrfcYHv1EonEPYwbINxww,GRANDMASTER,0,3,7,19,3.142857142857143,Lulu,UTILITY,170,11566,26051,13381,15,41,2516,1775341471379,420,CLASSIC,0.9777424483306837,275.818759936407,4.054054054054054
EUW1_7810358509,YnfMuW-xlPagu2SrMvBkhkVHnanMtvE_TpTPdSB7hZ38cYwrlSn3M5zEVrglKAk2BoPncrj17PD3WA,GRANDMASTER,0,1,3,1,0.6666666666666666,Pantheon,TOP,11,12671,12057,5964,11,140,955,1775339653601,420,CLASSIC,8.795811518324607,796.0837696335079,0.6910994764397906
EUW1_7810358509,aCJCfWVYRVl0A9w4isH_xJojLZtfYjEMnN1yipxm-PYXNqQ8Q0mNDMm8Jq89lBTkhrSxTAeQn8Gq8Q,GRANDMASTER,0,5,4,0,1.25,RekSai,JUNGLE,13,5201,16145,7372,10,101,955,1775339653601,420,CLASSIC,6.345549738219895,326.76439790575915,0.8167539267015708
EUW1_7810358509,pM-1la4VDf88hXeU0_R9g7OAOsqBY15zSXYDe7YgbduEXyR0UT4_v98GNB4l3ysHbjTRvdfpIOabQQ,CHALLENGER,0,0,5,1,0.2,Yone,MIDDLE,13,8492,14847,5336,10,129,955,1775339653601,420,CLASSIC,8.104712041884817,533.5287958115183,0.8167539267015708
EUW1_7810358509,csC-7f54pYnylcFVsP9xh-7cihJK9dmNLFS4VCrVX3gpZ-AdHiaaCSOurpJXQzYQsXSsgDcJ3kV8Aw,MASTER,0,0,4,4,1.0,Ezreal,BOTTOM,11,8587,8744,5788,9,117,955,1775339653601,420,CLASSIC,7.350785340314136,539.4973821989529,0.6910994764397906
EUW1_7810358509,tKc0X8ZuD79EI89prgVlzMpU9-6Ej2QNG86Mab7weiOHcEVxP6EbJ3xWRxk4WG4scySVAFr4vMF0AQ,GRANDMASTER,0,1,5,0,0.2,Hwei,UTILITY,32,5368,10383,4222,8,20,955,1775339653601,420,CLASSIC,1.256544502617801,337.2565445026178,2.0104712041884816
EUW1_7810358509,mzd0m8qaL7u07XTBm3bzOSJO0eFQmTScQYec49d-5-qz5Ujf_zf_CVX0d4StBzzxGYZeTCiEvKiAVA,GRANDMASTER,1,4,2,4,4.0,Shen,TOP,14,9504,14313,6838,12,126,955,1775339653601,420,CLASSIC,7.9162303664921465,597.1099476439791,0.8795811518324608
EUW1_7810358509,wdPuBM06h-VzRaUwqGaHgT61YMCVDkgbtZZh14IG4gMLxV3Ocs-moWXzIevh5rSE7SMptss1bq1daQ,CHALLENGER,1,4,0,10,14.0,JarvanIV,JUNGLE,23,7868,12061,7939,12,140,955,1775339653601,420,CLASSIC,8.795811518324607,494.32460732984293,1.4450261780104712
EUW1_7810358509,7Y-hCB9Msu18_eX-6OMuiDHZRjeANMj-xNaxPgOSVf0xxm_OhrxnLpSSlB9Jds0ERyMTiT3OtzoxBQ,CHALLENGER,1,7,1,4,11.0,Ahri,MIDDLE,11,14761,9029,8445,12,162,955,1775339653601,420,CLASSIC,10.178010471204189,927.3926701570681,0.6910994764397906
EUW1_7810358509,rgJtN-_1ZYU5b-KYbuK9SNHkpIElV9RB45W7e7ypKbghVR4nKzwGARvRzlLPz02KHtFi_j-8dQpDxQ,GRANDMASTER,1,6,2,0,3.0,Mel,BOTTOM,13,11723,8269,7631,11,145,955,1775339653601,420,CLASSIC,9.109947643979059,736.5235602094241,0.8167539267015708
EUW1_7810358509,LTh-TZPTKVM43hzDT96pZEC1SgJuwwRAUcjWdIXnVLoMGmcV42WdKJfCtiBoibZR0j9qSLubRmw40g,MASTER,1,0,2,11,5.5,Karma,UTILITY,41,5606,9085,4532,8,21,955,1775339653601,420,CLASSIC,1.3193717277486912,352.20942408376965,2.5759162303664924
EUW1_7810271869,N2AwjCcLWzcQcVeGWXqF7kiTeOE17Ngl9AWq9j5IEvDw1AVe8e8TaBYRxgf5KbC7TtszsVM51Dlp4Q,MASTER,0,8,8,10,2.25,Vayne,TOP,74,38637,41078,17671,20,332,2383,1775336152116,420,CLASSIC,8.359211078472514,972.8157784305497,1.863197650020982
EUW1_7810271869,gITnGto3BbLgh-p9T6TnUyXecoFxjloyo5ZRjiRudWWyUWWeqT90XKjBKxrOYv8MJKSAOLA_tEAE5A,CHALLENGER,0,4,5,20,4.8,Skarner,JUNGLE,48,35510,57695,14691,18,231,2383,1775336152116,420,CLASSIC,5.816198069660092,894.0830885438522,1.2085606378514477
EUW1_7810271869,LYd4fwMGWFhISr8oZLWSNO270b7moZrdR4AmLcnvRbwGURoEp3WGxvd0vC_7eT1R3sz4eLCmsXNNSw,GRANDMASTER,0,9,5,8,3.4,Annie,MIDDLE,47,28971,24863,15701,18,293,2383,1775336152116,420,CLASSIC,7.377255560218212,729.4418799832144,1.1833822912295426
EUW1_7810271869,qs6l1agIfsQFPgK5KnpWMN5VPmUNE4uh9nCbmpRfTe9oL1BbZ_pFrUUSmeI-uNqHun93RjmB82rT9w,CHALLENGER,0,11,9,9,2.2222222222222223,Ashe,BOTTOM,55,37903,31698,21086,17,328,2383,1775336152116,420,CLASSIC,8.258497691984893,954.3348720100713,1.384809064204784
EUW1_7810271869,TpnuFmp7IpW_4XT6B6bU8YKTExZcICTj0G0e2yLO_Tc2ABIxZIYAehEDoqScp-xkbgUBozEStsIyOA,CHALLENGER,0,2,9,21,2.5555555555555554,Seraphine,UTILITY,160,17059,35255,11852,15,51,2383,1775336152116,420,CLASSIC,1.2840956777171633,429.5174150230801,4.028535459504826
EUW1_7810271869,mzd0m8qaL7u07XTBm3bzOSJO0eFQmTScQYec49d-5-qz5Ujf_zf_CVX0d4StBzzxGYZeTCiEvKiAVA,GRANDMASTER,1,3,8,13,2.0,Ryze,TOP,62,34785,48743,16837,20,338,2383,1775336152116,420,CLASSIC,8.510281158203945,875.828787242971,1.56105749055812
EUW1_7810271869,_jU3kcYrdmle2PNNi_e9SjE1-0fHWLFq4lp0AydftHoZ5ueOLhGceQfTHISCk9fsX9Rt9rWa_lqnjQ,CHALLENGER,1,6,7,10,2.2857142857142856,LeeSin,JUNGLE,61,26167,49826,16559,18,262,2383,1775336152116,420,CLASSIC,6.596726814939152,658.8417960553924,1.5358791439362147
EUW1_7810271869,wdPuBM06h-VzRaUwqGaHgT61YMCVDkgbtZZh14IG4gMLxV3Ocs-moWXzIevh5rSE7SMptss1bq1daQ,CHALLENGER,1,18,6,5,3.8333333333333335,Mel,MIDDLE,21,57184,33268,20739,18,336,2383,1775336152116,420,CLASSIC,8.459924464960134,1439.7985732270247,0.5287452790600083
EUW1_7810271869,YqWMljBLG8hy-A9xyeWDbHzjyozVlIYsJm4fJdpURDoHZUA-9D1tZIOnHVUeXxP3PdPKPbuG1E8lHw,CHALLENGER,1,8,7,18,3.7142857142857144,AurelionSol,BOTTOM,22,32027,33472,17464,18,243,2383,1775336152116,420,CLASSIC,6.118338229122954,806.3869072597565,0.5539236256819136
EUW1_7810271869,p-yFF6UyV6rueuD_BXdvS5TMhrcoZZGLcXrjWvKkCUxPmPWHxJYLLFsNziOnGXkuq4Txad0-YECjDQ,CHALLENGER,1,1,6,27,4.666666666666667,Rakan,UTILITY,179,11096,35821,11791,16,45,2383,1775336152116,420,CLASSIC,1.1330255979857322,279.37893411665965,4.506924045321024
EUW1_7810221621,VhLB4G40z7Fgt7JAiAF3MhwowWHVwfx_xHbYHh-foutne7_bHs75oBqShFmil4mzx2Rs5mjbTODjcA,CHALLENGER,0,3,6,7,1.6666666666666667,Jayce,TOP,11,13050,17933,8114,14,164,1267,1775333974532,420,CLASSIC,7.7663772691397,617.9952644041042,0.5209155485398579
EUW1_7810221621,E64fV_dbpZIwrJb8A9sp7o523m5dbJQZq40xBc5lC1pC9oI_NJBhHpdiHfHLtyfs6FzNs-guAk4UGQ,GRANDMASTER,0,2,7,10,1.7142857142857142,Pantheon,JUNGLE,16,9156,23015,7577,11,94,1267,1775333974532,420,CLASSIC,4.4514601420678765,433.5911602209945,0.7576953433307024
EUW1_7810221621,sjQ7atoIsqt7vcoUxfdpNeJI5PVoY7oK1s4pEbWcaEuJLypwLoGz9SpW25M5m3c2KTx7TPR8ll0Gzg,CHALLENGER,0,5,12,5,0.8333333333333334,Viktor,MIDDLE,8,13294,17075,8905,13,143,1267,1775333974532,420,CLASSIC,6.771902131018153,629.5501183898974,0.3788476716653512
EUW1_7810221621,cLpHRPG2qDu9vBrUs5Mf2N7El7TLj9iGv3cLMs3j5yb94P0vF2OwYkxptstiKutlJZpzZhYKBMKJMw,CHALLENGER,0,8,6,10,3.0,Velkoz,BOTTOM,19,24273,12459,10780,12,159,1267,1775333974532,420,CLASSIC,7.529597474348855,1149.4711917916338,0.8997632202052092
EUW1_7810221621,p-yFF6UyV6rueuD_BXdvS5TMhrcoZZGLcXrjWvKkCUxPmPWHxJYLLFsNziOnGXkuq4Txad0-YECjDQ,CHALLENGER,0,3,4,14,4.25,Blitzcrank,UTILITY,66,7295,16015,6753,10,27,1267,1775333974532,420,CLASSIC,1.2786108918705603,345.4617205998421,3.1254932912391475
EUW1_7810221621,mzd0m8qaL7u07XTBm3bzOSJO0eFQmTScQYec49d-5-qz5Ujf_zf_CVX0d4StBzzxGYZeTCiEvKiAVA,GRANDMASTER,1,3,4,9,3.0,Gragas,TOP,26,19220,21142,8507,14,151,1267,1775333974532,420,CLASSIC,7.150749802683504,910.1815311760063,1.2312549329123914
EUW1_7810221621,wdPuBM06h-VzRaUwqGaHgT61YMCVDkgbtZZh14IG4gMLxV3Ocs-moWXzIevh5rSE7SMptss1bq1daQ,CHALLENGER,1,7,4,11,4.5,Aatrox,JUNGLE,29,11205,31485,10884,15,185,1267,1775333974532,420,CLASSIC,8.760852407261247,530.6235201262825,1.3733228097868981
EUW1_7810221621,TATwK9QaBCZKgfAmT0tnK3I8GDPRxQpPObnnuMlukkKr_8Z3BuQ3gYe5MG6SgAZxtcgO9CvLiupgoA,GRANDMASTER,1,17,3,7,8.0,Katarina,MIDDLE,11,22944,16606,12672,14,139,1267,1775333974532,420,CLASSIC,6.582478295185477,1086.5351223362272,0.5209155485398579
EUW1_7810221621,v3Jr1A9OlabL8ItN4UK76CDjdlKpAENTdGPZhAcEKgmbMz4hWG-mKFx9yc0znarpHxV3SDymo_hLvg,CHALLENGER,1,6,5,7,2.6,Jinx,BOTTOM,11,16912,14775,10589,12,155,1267,1775333974532,420,CLASSIC,7.3401736385161795,800.8839779005525,0.5209155485398579
EUW1_7810221621,BGK7zv_59YXUoHPX6eV0GZ_rOOx1xG2drDMOOtFhpPIemyLwI_yb-hxzuOjrbhWpIVoQuhJqWwt1IQ,GRANDMASTER,1,2,5,14,3.2,Lulu,UTILITY,47,5583,11377,6148,10,26,1267,1775333974532,420,CLASSIC,1.2312549329123914,264.38831886345696,2.2257300710339383
EUW1_7810165638,yNvsl9Fu6hB6hzE7AulOy3vgHuMdqzNDLF3VedR6zzWjsTsfD0HeGQV4EhNjswf3WllrdM96BKVVzw,CHALLENGER,1,4,4,2,1.5,Yorick,TOP,19,18937,25375,10872,17,214,1403,1775331575942,420,CLASSIC,9.151817533856024,809.8503207412688,0.812544547398432
EUW1_7810165638,KXONl04KPM1Hpt3-JUpZaNJvtv-YvAVlklNmUMgOcuEFYexRPTlEycUck_7bfn4rI3fc3vERKNWjGg,MASTER,1,13,5,11,4.8,JarvanIV,JUNGLE,27,22777,24354,13428,15,171,1403,1775331575942,420,CLASSIC,7.312900926585888,974.0698503207412,1.1546685673556665
EUW1_7810165638,td1A5hEmBnmKSc7ipKxGHvopzH1x24fqGzKW0OhPCjF0JtIOl_wRPYWZsAnIJ1NtAT1FcAXL3Fhgkw,MASTER,1,7,1,9,16.0,Anivia,MIDDLE,24,17184,22592,12089,16,184,1403,1775331575942,420,CLASSIC,7.868852459016393,734.8823948681397,1.0263720598717034
EUW1_7810165638,TjRvNlmgS6hsDH8rd8xeYVwgy8HtbJK_gvoF-ABX9Yj_h4YVq9bBqVu3kuTk_sRKvZTiTfrxxwJzQA,GRANDMASTER,1,5,3,11,5.333333333333333,Ashe,BOTTOM,18,22327,20638,12852,14,205,1403,1775331575942,420,CLASSIC,8.766928011404135,954.8253741981468,0.7697790449037777
EUW1_7810165638,ClTT2DXCNcbbi3xVz5GK_10b7Goa4B5Nn1KvMU-kfvXfvntNTvPY6hdARwFzh-K-L_lxU16REt8_LQ,CHALLENGER,1,6,2,12,9.0,Seraphine,UTILITY,70,9199,16236,8611,12,25,1403,1775331575942,420,CLASSIC,1.069137562366358,393.399857448325,2.9935851746258018
EUW1_7810165638,DqUYY42bZ8UmMYOXhzLUITAZGbNF8LBwBYkR7Z4Ogp0eHxhuAaE3RCu97FPH-b6Rm5Dpo1BmGoE_oA,GRANDMASTER,0,2,5,2,0.8,Fiora,TOP,19,16838,28031,10630,15,199,1403,1775331575942,420,CLASSIC,8.510334996436208,720.0855310049893,0.812544547398432
EUW1_7810165638,wdPuBM06h-VzRaUwqGaHgT61YMCVDkgbtZZh14IG4gMLxV3Ocs-moWXzIevh5rSE7SMptss1bq1daQ,CHALLENGER,0,5,9,3,0.8888888888888888,Jayce,JUNGLE,26,19861,20951,11369,12,155,1403,1775331575942,420,CLASSIC,6.628652886671419,849.3656450463293,1.1119030648610122
EUW1_7810165638,LQHLpEeBcBuExvh-NRlsX-ZO32AqJ-QetmJQRzyR0VIlLU1k_BQkZerCnLc87se7UHLNahaj1OKwNw,GRANDMASTER,0,1,7,4,0.7142857142857143,Malzahar,MIDDLE,15,12831,16589,8847,13,176,1403,1775331575942,420,CLASSIC,7.526728439059159,548.7241625089094,0.6414825374198146
EUW1_7810165638,zADzXgw5TPiG5Sd77Ah2Sxpqd0P9CXZkFT0oSV-QtwEkIc9yI11tJ8czLF4dBkpP9MsUs8xCtbF-uw,GRANDMASTER,0,6,7,1,1.0,Ezreal,BOTTOM,12,28108,21904,11792,12,156,1403,1775331575942,420,CLASSIC,6.671418389166073,1202.0527441197435,0.5131860299358517
EUW1_7810165638,dp92a5wwT-tlpDvcZiWwRaDoq4Bbvu-K6zrL4tniLHYjroipX8JgPDFo4rAl14-qJa3Ko7Nn9bjk5Q,MASTER,0,1,7,6,1.0,Karma,UTILITY,52,8088,20505,7216,11,36,1403,1775331575942,420,CLASSIC,1.5395580898075554,345.8873841767641,2.2238061297220244
EUW1_7813324706,hPS-j1BBYtD0_-Uk5260vXBf4MoUWgM3tYU18MfCzZQ2qUjDdPcwlk5yZEziVQpVRwe5qz8i7MnUSw,CHALLENGER,0,4,4,2,1.5,Ambessa,TOP,11,20884,20663,8275,14,147,1142,1775583290529,420,CLASSIC,7.723292469352013,1097.23292469352,0.5779334500875656
EUW1_7813324706,k8U-jWyXQcfhdN_VJJOdctkpRfUgQDjqsCW_FY9GKjYUGTVmLjvW-D6yoB-iWtEfMHSwL7-J8-ChPw,CHALLENGER,0,4,1,2,6.0,Ivern,JUNGLE,32,8454,7358,7382,11,117,1142,1775583290529,420,CLASSIC,6.147110332749562,444.1681260945709,1.6812609457092818
EUW1_7813324706,H5w0f9ib4kaC9kKN7pRXMOA1ZT664K3LWJeTaosp-Tmosjh6IVtl79rlL_nCe-ptP_2p8aI9QgVADg,GRANDMASTER,0,1,5,1,0.4,Xerath,MIDDLE,14,11765,11991,6170,11,135,1142,1775583290529,420,CLASSIC,7.092819614711033,618.1260945709281,0.7355516637478108
EUW1_7813324706,EB2OFoB-48ZX4q3VThFAXofT-wyeIpeiUE0IQhbZ_jt4ZKtKPCZaDRK-m74VS1PPLKWP-Bj-3-eGnw,MASTER,0,0,4,1,0.25,Yunara,BOTTOM,14,7227,12687,6942,10,146,1142,1775583290529,420,CLASSIC,7.670753064798598,379.70227670753064,0.7355516637478108
EUW1_7813324706,qf29Pl1k0bQ1fy4M8vqP9ZZ2Z54on_8d7e3n_rp706GDmoqAhrG6sVSFANeo6Zl2m5GyRvX7GQzllQ,GRANDMASTER,0,0,5,1,0.2,Lulu,UTILITY,35,4765,14001,4390,8,26,1142,1775583290529,420,CLASSIC,1.3660245183887916,250.35026269702274,1.838879159369527
EUW1_7813324706,B0t1Vyz7xphSMWKV7dFSAUJVGNQTIIVcFJU5ouuPwSpR4bL0sow_VxsW_hklqdo77MAHS2UEupf_zw,MASTER,1,1,5,2,0.6,Volibear,TOP,15,9464,23218,7299,13,145,1142,1775583290529,420,CLASSIC,7.618213660245183,497.2329246935201,0.7880910683012259
EUW1_7813324706,nvtH9BkIM8XwVcyQPbtgPlxNpXoQuzEEnLDCAARddAxqnbpBVpsA-hfxHV-YRjBWt-j7kg36rRSqRg,CHALLENGER,1,2,1,6,8.0,DrMundo,JUNGLE,30,8158,26169,8074,13,168,1142,1775583290529,420,CLASSIC,8.82661996497373,428.61646234676004,1.5761821366024518
EUW1_7813324706,9hAq7Da7EGM5dlONGtslw2fG7iXHDaxzUPQF3uQxVAjfNUYLdb2LwIb2Rt6SH-3T_od0nyFdNgLybQ,GRANDMASTER,1,5,3,2,2.3333333333333335,Viktor,MIDDLE,8,15106,10169,8840,13,153,1142,1775583290529,420,CLASSIC,8.038528896672503,793.6602451838878,0.42031523642732044
EUW1_7813324706,dagY2-LsfgTp-mBR04XYERMi0KxtRFE11pxTQYv_yIULvC4_9YCrYtyq_90ueclonA_C966MFkbVOQ,CHALLENGER,1,5,0,8,13.0,Ashe,BOTTOM,25,16156,12667,10660,12,180,1142,1775583290529,420,CLASSIC,9.45709281961471,848.8266199649737,1.3134851138353765
EUW1_7813324706,sZSXw3aaRrJftTZdlEdmEqVRscISzfIByoDMCGZMPcDFtF7UwvSgVx_OlqpTlif8mKGuRtJGRKmshg,CHALLENGER,1,6,0,7,13.0,Anivia,UTILITY,36,11934,12736,6647,10,16,1142,1775583290529,420,CLASSIC,0.8406304728546409,627.0052539404553,1.891418563922942
EUW1_7813269546,aI9cPJXebDtWbQ_eFhp7-WEYRYW4VpYo3UCJSrZ2nnuQZz0SX7a2w0Pb4xrRkOEocLkiAfeDWDfJeQ,CHALLENGER,0,1,2,4,2.5,Kayle,TOP,44,38190,36635,16107,20,388,2151,1775580383769,420,CLASSIC,10.822873082287307,1065.2719665271966,1.2273361227336121
EUW1_7813269546,LQQVMGwYrv2qeaDzvHtBwJU9yc2IMIkWqNdq_CWwUyFUMNtC3G0RB_rFC0EzMQTZU0UsD5aUjFRQkg,CHALLENGER,0,4,9,9,1.4444444444444444,Nocturne,JUNGLE,26,34168,53377,14604,17,248,2151,1775580383769,420,CLASSIC,6.917712691771269,953.0822873082287,0.7252440725244073
EUW1_7813269546,k8U-jWyXQcfhdN_VJJOdctkpRfUgQDjqsCW_FY9GKjYUGTVmLjvW-D6yoB-iWtEfMHSwL7-J8-ChPw,CHALLENGER,0,4,7,3,1.0,Ryze,MIDDLE,44,28340,36290,14358,18,316,2151,1775580383769,420,CLASSIC,8.814504881450487,790.5160390516039,1.2273361227336121
EUW1_7813269546,4V-d3PBsLnoPixBQWwChLCy-G66Rl49tK92BzdA2_hnYh3mSwNaLppBcjLj0NpJQZwcGOpa6HQPTTQ,CHALLENGER,0,5,4,7,3.0,Corki,BOTTOM,44,40362,29517,17656,17,344,2151,1775580383769,420,CLASSIC,9.595536959553696,1125.857740585774,1.2273361227336121
EUW1_7813269546,qPdZZMAQk1S0WAg9MBfugBGHLgYcAwuPXX90-VzPYrjlmjSGrK4Y6T8DOVF59fc8kZ4IZ2rav6gfwg,CHALLENGER,0,4,6,7,1.8333333333333333,Karma,UTILITY,133,12728,25049,10485,15,30,2151,1775580383769,420,CLASSIC,0.8368200836820083,355.03486750348674,3.709902370990237
EUW1_7813269546,4hhIZyfmSGjKAddyGpjvxx6VgZ8SsR5S-fJ7rFikzSL4H6fDx39VxZhPIKYmjY3pZnjYCLOBqeVRhw,CHALLENGER,1,0,3,9,3.0,Yorick,TOP,52,31875,50531,16234,20,348,2151,1775580383769,420,CLASSIC,9.707112970711297,889.1213389121339,1.4504881450488145
EUW1_7813269546,nvtH9BkIM8XwVcyQPbtgPlxNpXoQuzEEnLDCAARddAxqnbpBVpsA-hfxHV-YRjBWt-j7kg36rRSqRg,CHALLENGER,1,5,3,12,5.666666666666667,DrMundo,JUNGLE,58,30296,89544,16114,18,280,2151,1775580383769,420,CLASSIC,7.810320781032078,845.0767085076708,1.6178521617852162
EUW1_7813269546,nZsDo9roUHgA4ihLEE1SQkoEpEWw65vEdRriOpZ8euHxYvutCm7WO8n60wXeJkJ046BUOeB8c9iCoA,CHALLENGER,1,11,5,4,3.0,Pantheon,MIDDLE,23,26330,41554,14069,17,179,2151,1775580383769,420,CLASSIC,4.993026499302649,734.4490934449093,0.6415620641562064
EUW1_7813269546,dagY2-LsfgTp-mBR04XYERMi0KxtRFE11pxTQYv_yIULvC4_9YCrYtyq_90ueclonA_C966MFkbVOQ,CHALLENGER,1,6,6,9,2.5,Caitlyn,BOTTOM,32,38736,24003,20731,18,373,2151,1775580383769,420,CLASSIC,10.404463040446304,1080.502092050209,0.8926080892608089
EUW1_7813269546,sZSXw3aaRrJftTZdlEdmEqVRscISzfIByoDMCGZMPcDFtF7UwvSgVx_OlqpTlif8mKGuRtJGRKmshg,CHALLENGER,1,6,1,8,14.0,Neeko,UTILITY,135,21167,13206,12834,16,65,2151,1775580383769,420,CLASSIC,1.813110181311018,590.4323570432357,3.7656903765690375
EUW1_7813232994,wXFgFN4t_J4Z-F7sa7gzTlqykvB3zfRh43GFRnugtx-bhB6XMcdv6A3OFTLBlKVk35bBKHqYv0RpmA,CHALLENGER,0,9,5,2,2.2,Varus,TOP,22,27220,24117,10928,15,196,1476,1775578647967,420,CLASSIC,7.967479674796747,1106.5040650406504,0.8943089430894309
EUW1_7813232994,upp7YXiOZ_IKsRDDCvUOn3q7sqnzSdHyZD7C00XkcqlVJEah96JcPI6aIajfhshEtHDV_7TjyGetQw,GRANDMASTER,0,1,4,3,1.0,Graves,JUNGLE,27,12906,17641,9927,14,207,1476,1775578647967,420,CLASSIC,8.414634146341463,524.6341463414634,1.097560975609756
EUW1_7813232994,6sw8tt7XeWtRtja2xZyIjLuVataocLjmfBpV0OqO0g5vEZCcuLBM68FauxaoNx-4dTDNSWloISahgg,CHALLENGER,0,3,1,0,3.0,Ekko,MIDDLE,12,20213,19135,9736,14,230,1476,1775578647967,420,CLASSIC,9.34959349593496,821.6666666666666,0.4878048780487805
EUW1_7813232994,qNm3455QmkjDf1HCNjiauIbrLl3YijNPO9aa2KmwyecgewqCAu2v-eO4qolVR8ERIYmWyBho8KfjSg,GRANDMASTER,0,2,5,3,1.0,Ezreal,BOTTOM,11,10163,16373,9466,13,190,1476,1775578647967,420,CLASSIC,7.723577235772357,413.130081300813,0.44715447154471544
EUW1_7813232994,AmCKOJYZKPS4yxXtQUfHLEqHDUZkeTgxIwIWsK3yX3GVsQhu8vdtdDFoK5HJYPM9VCmk1TcSLg6fdw,CHALLENGER,0,0,6,7,1.1666666666666667,Bard,UTILITY,87,7647,22708,6401,10,24,1476,1775578647967,420,CLASSIC,0.975609756097561,310.8536585365853,3.536585365853658
EUW1_7813232994,TATwK9QaBCZKgfAmT0tnK3I8GDPRxQpPObnnuMlukkKr_8Z3BuQ3gYe5MG6SgAZxtcgO9CvLiupgoA,GRANDMASTER,1,8,6,1,1.5,Irelia,TOP,21,16458,20745,13900,15,203,1476,1775578647967,420,CLASSIC,8.252032520325203,669.0243902439024,0.8536585365853658
EUW1_7813232994,k8U-jWyXQcfhdN_VJJOdctkpRfUgQDjqsCW_FY9GKjYUGTVmLjvW-D6yoB-iWtEfMHSwL7-J8-ChPw,CHALLENGER,1,7,1,8,15.0,XinZhao,JUNGLE,49,21680,36007,11912,15,197,1476,1775578647967,420,CLASSIC,8.008130081300813,881.30081300813,1.9918699186991868
EUW1_7813232994,NYMLjncXcArgHvaP7uTJPuMSz1bwQ6wp1bJdEr34ZmN8GD71eMn7wnLFLUM0enBq_BodznJMzwuchA,CHALLENGER,1,0,4,6,1.5,Singed,MIDDLE,16,10776,22202,8191,14,173,1476,1775578647967,420,CLASSIC,7.032520325203252,438.04878048780483,0.6504065040650406
EUW1_7813232994,dagY2-LsfgTp-mBR04XYERMi0KxtRFE11pxTQYv_yIULvC4_9YCrYtyq_90ueclonA_C966MFkbVOQ,CHALLENGER,1,4,2,11,7.5,Ashe,BOTTOM,32,22997,16147,13866,14,290,1476,1775578647967,420,CLASSIC,11.78861788617886,934.8373983739837,1.3008130081300813
EUW1_7813232994,sZSXw3aaRrJftTZdlEdmEqVRscISzfIByoDMCGZMPcDFtF7UwvSgVx_OlqpTlif8mKGuRtJGRKmshg,CHALLENGER,1,2,2,14,8.0,Seraphine,UTILITY,75,10522,11392,7529,12,32,1476,1775578647967,420,CLASSIC,1.3008130081300813,427.7235772357723,3.048780487804878
EUW1_7813203742,R3cbRpkkp85d9NIT5Zd5jj7MGwqT1U41LrP13_xKvPC3qVKtq0NUq8cTdS5B19wqFI-8kYtb4gHIEQ,GRANDMASTER,1,1,2,11,6.0,Sion,TOP,15,11789,13992,11019,16,216,1389,1775576873327,420,CLASSIC,9.330453563714903,509.24406047516203,0.6479481641468683
EUW1_7813203742,EKJdfJg6ekg_1vI7--fRSVq7lCFGwZdylMTDqEuPw5PtIMEFhStbQLXrkuQURVACnmP1ZBptDKaMSw,GRANDMASTER,1,10,1,18,28.0,Nunu,JUNGLE,19,23218,29920,13324,16,201,1389,1775576873327,420,CLASSIC,8.682505399568035,1002.9373650107992,0.8207343412526998
EUW1_7813203742,qPdZZMAQk1S0WAg9MBfugBGHLgYcAwuPXX90-VzPYrjlmjSGrK4Y6T8DOVF59fc8kZ4IZ2rav6gfwg,CHALLENGER,1,3,7,10,1.8571428571428572,Orianna,MIDDLE,11,12906,18129,8426,13,144,1389,1775576873327,420,CLASSIC,6.220302375809935,557.4946004319655,0.47516198704103674
EUW1_7813203742,wXFgFN4t_J4Z-F7sa7gzTlqykvB3zfRh43GFRnugtx-bhB6XMcdv6A3OFTLBlKVk35bBKHqYv0RpmA,CHALLENGER,1,18,4,12,7.5,Kalista,BOTTOM,25,55540,29572,18468,14,233,1389,1775576873327,420,CLASSIC,10.064794816414688,2399.136069114471,1.0799136069114472
EUW1_7813203742,AmCKOJYZKPS4yxXtQUfHLEqHDUZkeTgxIwIWsK3yX3GVsQhu8vdtdDFoK5HJYPM9VCmk1TcSLg6fdw,CHALLENGER,1,2,4,28,7.5,Soraka,UTILITY,57,8866,14721,8663,13,13,1389,1775576873327,420,CLASSIC,0.5615550755939526,382.9805615550756,2.4622030237580996
EUW1_7813203742,yrwnBmmZflmk-7PCr2xfjU-qHAzvHP9ZAMMbSqIJFijc4LYSlOxhUs8qY7xEOlDfKr8D8KgFGjEUkg,CHALLENGER,0,5,4,2,1.75,Nasus,TOP,18,12110,33758,10904,14,183,1389,1775576873327,420,CLASSIC,7.904967602591793,523.110151187905,0.7775377969762419
EUW1_7813203742,dagY2-LsfgTp-mBR04XYERMi0KxtRFE11pxTQYv_yIULvC4_9YCrYtyq_90ueclonA_C966MFkbVOQ,CHALLENGER,0,2,7,5,1.0,Nocturne,JUNGLE,20,11407,29101,8416,13,150,1389,1775576873327,420,CLASSIC,6.479481641468683,492.7429805615551,0.8639308855291578
EUW1_7813203742,9zmW-LJV9makX10YqV940taPEveaLopM7GPSvcepx8tuv_OCS1W4Gzv6x3O8Z3G25hrEG-kPzEg5Qg,CHALLENGER,0,5,6,1,1.0,Akali,MIDDLE,9,16312,21088,8930,14,183,1389,1775576873327,420,CLASSIC,7.904967602591793,704.622030237581,0.38876889848812096
EUW1_7813203742,46GQ6p30lVmOqJAyjwnCBhVWcm05euxxnwVbjCRBNSbUI5bNI42_KfxF_3Z9wW0k2im6sSnR8DCEdA,GRANDMASTER,0,3,10,7,1.0,Ezreal,BOTTOM,17,28086,24594,9543,12,151,1389,1775576873327,420,CLASSIC,6.522678185745141,1213.2181425485962,0.734341252699784
EUW1_7813203742,sZSXw3aaRrJftTZdlEdmEqVRscISzfIByoDMCGZMPcDFtF7UwvSgVx_OlqpTlif8mKGuRtJGRKmshg,CHALLENGER,0,2,7,6,1.1428571428571428,Trundle,UTILITY,58,5655,26964,6807,11,33,1389,1775576873327,420,CLASSIC,1.4254859611231103,244.27645788336935,2.5053995680345573
EUW1_7812969143,9toWPDrFiBx4Lc37E8oEtEJZtQGkKErNvYCAzDMLT6L6ecvdTmDFcXaXpBU8d7Qerwrr0AdWBLrKmg,GRANDMASTER,0,1,1,1,2.0,Garen,TOP,8,4536,14083,6221,13,155,1011,1775558624952,420,CLASSIC,9.198813056379821,269.1988130563798,0.4747774480712166
EUW1_7812969143,tKA5crJ7V7uhbgN1vE-w0V9wR6ETfQfJBkmyURbkzOVTq_ji6mDXmO8B2UOpqWu2MqWToazedhOHFw,CHALLENGER,0,1,4,3,1.0,JarvanIV,JUNGLE,20,5815,13896,5793,10,113,1011,1775558624952,420,CLASSIC,6.706231454005934,345.10385756676556,1.1869436201780414
EUW1_7812969143,imIVci2wN85fZdXZJXeul9yhfSE5zDH964sZQK6XqbUEvxSH-d9jYkIRpO6EPTA9sng0hWxZEKOCUg,CHALLENGER,0,0,1,1,1.0,Seraphine,MIDDLE,12,6122,6530,5822,12,165,1011,1775558624952,420,CLASSIC,9.792284866468842,363.3234421364985,0.7121661721068249
EUW1_7812969143,dagY2-LsfgTp-mBR04XYERMi0KxtRFE11pxTQYv_yIULvC4_9YCrYtyq_90ueclonA_C966MFkbVOQ,CHALLENGER,0,5,4,0,1.25,Yunara,BOTTOM,10,17275,13012,8614,10,146,1011,1775558624952,420,CLASSIC,8.664688427299703,1025.2225519287833,0.5934718100890207
EUW1_7812969143,hPS-j1BBYtD0_-Uk5260vXBf4MoUWgM3tYU18MfCzZQ2qUjDdPcwlk5yZEziVQpVRwe5qz8i7MnUSw,CHALLENGER,0,0,6,4,0.6666666666666666,Blitzcrank,UTILITY,39,5013,12582,4336,8,21,1011,1775558624952,420,CLASSIC,1.2462908011869436,297.5074183976261,2.314540059347181
EUW1_7812969143,aI9cPJXebDtWbQ_eFhp7-WEYRYW4VpYo3UCJSrZ2nnuQZz0SX7a2w0Pb4xrRkOEocLkiAfeDWDfJeQ,CHALLENGER,1,0,1,0,0.0,Kayle,TOP,16,9702,7777,7388,13,178,1011,1775558624952,420,CLASSIC,10.56379821958457,575.7863501483679,0.9495548961424332
EUW1_7812969143,LQQVMGwYrv2qeaDzvHtBwJU9yc2IMIkWqNdq_CWwUyFUMNtC3G0RB_rFC0EzMQTZU0UsD5aUjFRQkg,CHALLENGER,1,5,1,4,9.0,Nocturne,JUNGLE,20,10585,18561,7827,12,148,1011,1775558624952,420,CLASSIC,8.783382789317507,628.1899109792284,1.1869436201780414
EUW1_7812969143,UQ1B9ebaHqJ1SeN0poF0dlJ9yQlsqw9wBHMwUz4MXHhyqMJzEUd0V5QeEnPvgZx5M8x_rVS-4heWag,CHALLENGER,1,1,1,7,8.0,Galio,MIDDLE,15,9063,12501,6355,12,150,1011,1775558624952,420,CLASSIC,8.90207715133531,537.8635014836794,0.890207715133531
EUW1_7812969143,JlyhtdkxsHQPHT-uKi8iq1CuEu5aOtbzZ_CnkLKv7vrW6FKL8TWRc2-gjjPFo-QFV-ZxLPpKQLc3mw,CHALLENGER,1,8,3,5,4.333333333333333,Ezreal,BOTTOM,10,11270,9176,8833,10,139,1011,1775558624952,420,CLASSIC,8.249258160237389,668.8427299703263,0.5934718100890207
EUW1_7812969143,E64fV_dbpZIwrJb8A9sp7o523m5dbJQZq40xBc5lC1pC9oI_NJBhHpdiHfHLtyfs6FzNs-guAk4UGQ,GRANDMASTER,1,1,3,13,4.666666666666667,Karma,UTILITY,31,6457,11639,5320,9,35,1011,1775558624952,420,CLASSIC,2.0771513353115725,383.20474777448067,1.8397626112759642
EUW1_7812304355,7yygiJ_Twso31BD0ayz9znGrbxzuErNqSei7_i2ohfQIRNpwqVQ3dSL0Drsdt8vLTy9lsygo3IW1QA,CHALLENGER,1,4,1,6,10.0,KSante,TOP,13,14406,13501,8585,14,180,1108,1775495670703,420,CLASSIC,9.747292418772565,780.1083032490975,0.703971119133574
EUW1_7812304355,6ouPI0TBJkbVV_6HNiooJ3o_2sg9fasqNjioJCJE4rP4ygKat-lKse4OZF4WfkwHYQueRS5sTy5KJg,MASTER,1,6,2,9,7.5,Aatrox,JUNGLE,15,11857,18040,8255,11,130,1108,1775495670703,420,CLASSIC,7.039711191335741,642.0758122743683,0.812274368231047
EUW1_7812304355,tViEtJUGHrhW_tntyfYDlRwf8DrhKKJ5HNjg4gxmUmmURhL62IlT38laVxgWpQi1_Bp42Rvgfpl-tw,GRANDMASTER,1,10,3,4,4.666666666666667,Anivia,MIDDLE,13,17805,15982,10130,12,150,1108,1775495670703,420,CLASSIC,8.12274368231047,964.1696750902528,0.703971119133574
EUW1_7812304355,JTxdalRVT9UTIotnv68WBGdLfPe42o98wLtXqI8b2pxHOV6YnXcKTHML3__tKYgnUpdlteX-z5aXtA,GRANDMASTER,1,7,1,8,15.0,Lucian,BOTTOM,9,17101,9727,9922,12,158,1108,1775495670703,420,CLASSIC,8.555956678700362,926.0469314079423,0.4873646209386282
EUW1_7812304355,RpZQtLGH6e1kuHeneKbURLLMD4UWpO4fxDOIWdtqylHn1CsiojjIRcqSsp4nsoKk2-iN67yF7vGuPg,CHALLENGER,1,2,1,17,19.0,Alistar,UTILITY,61,4396,12082,6379,9,22,1108,1775495670703,420,CLASSIC,1.1913357400722022,238.05054151624552,3.3032490974729245
EUW1_7812304355,9wjMpxoVhv8-Bb7hNLrYfNk0Mk0fmdWK20bBuHYY3KF2Tkx0CkZA74GqBr9xOuwuZveO6PymazrnHg,GRANDMASTER,0,1,3,2,1.0,Shen,TOP,14,8343,14279,6558,12,125,1108,1775495670703,420,CLASSIC,6.768953068592058,451.78700361010834,0.7581227436823106
EUW1_7812304355,VdtE_DRRySvBPvIJXT7YD9BEN8yQKqIoyodcGDf6ph4pM_hSodkl4Hs1VUtpw0YXYtQN8rp3d-Cb3Q,MASTER,0,1,6,4,0.8333333333333334,Zac,JUNGLE,9,6664,23615,6097,10,101,1108,1775495670703,420,CLASSIC,5.469314079422383,360.8664259927798,0.4873646209386282
EUW1_7812304355,pozImjC_hUJjRX5zdvoltCW95ba-efwrLEq32gC4iMiDyq8XGo0CoKlj-iMC-WqiSObayYITnkZlsQ,CHALLENGER,0,3,6,2,0.8333333333333334,Ahri,MIDDLE,13,10524,13047,6882,11,138,1108,1775495670703,420,CLASSIC,7.472924187725632,569.8916967509026,0.703971119133574
EUW1_7812304355,dagY2-LsfgTp-mBR04XYERMi0KxtRFE11pxTQYv_yIULvC4_9YCrYtyq_90ueclonA_C966MFkbVOQ,CHALLENGER,0,3,6,2,0.8333333333333334,Yunara,BOTTOM,13,14088,12190,9076,10,135,1108,1775495670703,420,CLASSIC,7.310469314079423,762.8880866425993,0.703971119133574
EUW1_7812304355,SskFjBybFav7NhGC4PXN7pYuq0aLDvy4hImgNUvvNUDO63vhZthBeIXYJ2yOoPcIMaYuynoPn6-fGw,MASTER,0,0,8,5,0.625,Leona,UTILITY,36,4931,14713,4791,8,16,1108,1775495670703,420,CLASSIC,0.8664259927797835,267.0216606498195,1.9494584837545128
EUW1_7811878803,DqUYY42bZ8UmMYOXhzLUITAZGbNF8LBwBYkR7Z4Ogp0eHxhuAaE3RCu97FPH-b6Rm5Dpo1BmGoE_oA,GRANDMASTER,1,4,2,3,3.5,Aurora,TOP,19,25571,14671,11276,17,242,1444,1775471266306,420,CLASSIC,10.055401662049862,1062.5069252077562,0.7894736842105263
EUW1_7811878803,DZkZVWRpDYMDCR9UAokbzmYfDizClqSNbqG6LMy-JTyQK8rIGKcqTkPSZx5FyuBYdkaHH5v3b9TB-Q,GRANDMASTER,1,5,6,9,2.3333333333333335,Shaco,JUNGLE,18,12447,18176,10821,14,140,1444,1775471266306,420,CLASSIC,5.8171745152354575,517.1883656509696,0.7479224376731302
EUW1_7811878803,tKA5crJ7V7uhbgN1vE-w0V9wR6ETfQfJBkmyURbkzOVTq_ji6mDXmO8B2UOpqWu2MqWToazedhOHFw,CHALLENGER,1,5,2,3,4.0,Taliyah,MIDDLE,10,16301,11504,10767,16,228,1444,1775471266306,420,CLASSIC,9.473684210526315,677.3268698060942,0.41551246537396125
EUW1_7811878803,mAVMIwYFo7Wga0tbfWsKca-TgqJb53lOerk90FUyZA6wqIKIBruM_vjzjWZIGB7v-T1Crk3_NMX5rQ,GRANDMASTER,1,17,0,2,19.0,Jinx,BOTTOM,20,36621,11847,17997,15,267,1444,1775471266306,420,CLASSIC,11.094182825484765,1521.6481994459834,0.8310249307479225
EUW1_7811878803,Za8OYn7Evx7_b65G8qMxprmeqkqXm1PmC4e3ZeNRgwMdbfrrfpvz-l8DAbuiMq0kstf3CLTVPO7T6Q,CHALLENGER,1,0,3,19,6.333333333333333,Braum,UTILITY,81,6755,19545,8650,12,21,1444,1775471266306,420,CLASSIC,0.8725761772853186,280.6786703601108,3.365650969529086
EUW1_7811878803,zjFss0acwgA7WvANuijsKroILV5D_bUQTLHXWFxX-7DxcqMfTl5BMZGkuvr9Pu2wORPAQPhf71Of9w,CHALLENGER,0,2,5,1,0.6,Sion,TOP,26,11915,33469,8802,15,203,1444,1775471266306,420,CLASSIC,8.434903047091414,495.0831024930748,1.0803324099722993
EUW1_7811878803,4mWfrqXLOJJh4pCLoJXE20C1bPTaZHOSFd8PBe7gRr2PC8YNOdl4GdCstocujiAAX8XGYQKcm8WmAg,GRANDMASTER,0,5,5,3,1.6,Graves,JUNGLE,29,9619,18308,11164,14,195,1444,1775471266306,420,CLASSIC,8.102493074792244,399.6814404432133,1.2049861495844876
EUW1_7811878803,fgyhZOI3OX3nLYzxn8FzZvNa72Z7jrfUZfujr08AuS7IvBy41S7fJyaYbNN85wFeIu_b15Qcf077IQ,GRANDMASTER,0,2,5,1,0.6,Lux,MIDDLE,13,6638,14014,8762,14,226,1444,1775471266306,420,CLASSIC,9.390581717451523,275.8171745152355,0.5401662049861496
EUW1_7811878803,dagY2-LsfgTp-mBR04XYERMi0KxtRFE11pxTQYv_yIULvC4_9YCrYtyq_90ueclonA_C966MFkbVOQ,CHALLENGER,0,4,8,2,0.75,Draven,BOTTOM,23,14473,18403,11272,12,208,1444,1775471266306,420,CLASSIC,8.642659279778394,601.3711911357341,0.9556786703601108
EUW1_7811878803,sZSXw3aaRrJftTZdlEdmEqVRscISzfIByoDMCGZMPcDFtF7UwvSgVx_OlqpTlif8mKGuRtJGRKmshg,CHALLENGER,0,0,8,8,1.0,Anivia,UTILITY,64,8374,24432,6561,11,31,1444,1775471266306,420,CLASSIC,1.2880886426592797,347.9501385041551,2.6592797783933517
EUW1_7811289514,Z-xaqHlLWTRM1tG6MqJRGFaHj28ZAJzCLKKkrjPeeGMvSDaZIv7wsCS6YWCLSd4QAiJisys9AwL7HQ,CHALLENGER,1,15,10,7,2.2,Gwen,TOP,36,71688,53222,22990,20,300,2407,1775416619097,420,CLASSIC,7.478188616535106,1786.987951807229,0.8973826339842127
EUW1_7811289514,60yBi7zPq9Y1ZBnXMb_qvK8I9suqmXWw5Ps4JrE09jkML9kZ8wa2mC7zrxx8tk80P_Mw43r90947cA,CHALLENGER,1,10,8,9,2.375,Viego,JUNGLE,54,37168,44256,19151,18,299,2407,1775416619097,420,CLASSIC,7.453261321146655,926.4977149979227,1.346073950976319
EUW1_7811289514,WPG7eWuj7p2Wn5RLJgrU9hgibQFQy7YyDtyHZimE34lBLqC0Fj6XCq9tiswwkD0YDk_GWDA1lYiokQ,CHALLENGER,1,8,8,5,1.625,Syndra,MIDDLE,42,51309,29741,19582,18,385,2407,1775416619097,420,CLASSIC,9.597008724553385,1278.9945990859992,1.0469464063149148
EUW1_7811289514,FPEUjZKG8dn9tLp68wx6z7BmmZGIonYXAGQTCNjmqiEI3j7v0bfFiI1M2o1GzAMjXyH64usROofg8A,CHALLENGER,1,4,7,9,1.8571428571428572,Xayah,BOTTOM,37,36813,38528,21731,18,401,2407,1775416619097,420,CLASSIC,9.995845450768591,917.6485251350229,0.9223099293726631
EUW1_7811289514,n39S9ijL3AmZ8Oue2f7tHyntTuYpHg9TptFirk49FwUL-hoNSGcWdCveP_rxXRNoDWvNT7AMP8Icvg,CHALLENGER,1,0,10,18,1.8,Senna,UTILITY,142,11765,37640,11806,16,40,2407,1775416619097,420,CLASSIC,0.9970918155380141,293.2696302451184,3.53967594515995
EUW1_7811289514,aGWrL3wSAfbeUzhz5vgLDD_aOrbm3lxPaaDE8KQlX-qE5JGsiqoT9jmo-xPC5T1UW65jcjzBWFc7bA,CHALLENGER,0,5,11,7,1.0909090909090908,Skarner,TOP,46,19555,59061,12477,19,201,2407,1775416619097,420,CLASSIC,5.0103863730785205,487.45326132114667,1.1466555878687161
EUW1_7811289514,LFBDUwOj9WY25XlqMJuSbHYV89tPX-6uNGibPRo6Na8gGz_i16tk8y0T-rvSqXtzvS_UrE_ggy4_OQ,CHALLENGER,0,13,7,9,3.142857142857143,XinZhao,JUNGLE,64,38814,66641,19783,18,310,2407,1775416619097,420,CLASSIC,7.727461570419609,967.528043207312,1.5953469048608226
EUW1_7811289514,tKc0X8ZuD79EI89prgVlzMpU9-6Ej2QNG86Mab7weiOHcEVxP6EbJ3xWRxk4WG4scySVAFr4vMF0AQ,GRANDMASTER,0,8,9,10,2.0,Fizz,MIDDLE,37,29664,42071,15396,18,267,2407,1775416619097,420,CLASSIC,6.655587868716244,739.4432904029912,0.9223099293726631
EUW1_7811289514,dagY2-LsfgTp-mBR04XYERMi0KxtRFE11pxTQYv_yIULvC4_9YCrYtyq_90ueclonA_C966MFkbVOQ,CHALLENGER,0,14,4,13,6.75,Sivir,BOTTOM,60,48397,36492,26818,18,453,2407,1775416619097,420,CLASSIC,11.292064810968009,1206.4063149148317,1.4956377233070213
EUW1_7811289514,sZSXw3aaRrJftTZdlEdmEqVRscISzfIByoDMCGZMPcDFtF7UwvSgVx_OlqpTlif8mKGuRtJGRKmshg,CHALLENGER,0,3,6,22,4.166666666666667,Anivia,UTILITY,140,22973,42702,13708,18,98,2407,1775416619097,420,CLASSIC,2.4428749480681344,572.6547569588699,3.489821354383049
EUW1_7811249661,vFzj4j-IMcjA2BAn2JTzE29Ce3nZN44aDekAAjD_BElvfxnC1B1OO3a38s99NPY70LJo7d6yIDpbVA,GRANDMASTER,0,1,0,0,1.0,Rumble,TOP,15,3792,3725,6012,11,150,910,1775414978404,420,CLASSIC,9.89010989010989,250.02197802197804,0.989010989010989
EUW1_7811249661,egTmz8bk1nUv0tOcKuEdRDTKDcWTsbwp10iWnJOE9rIpbCFK7UGS2Sd2ScN4otq-JV3bk8ZMsmVjDA,MASTER,0,0,6,2,0.3333333333333333,Vi,JUNGLE,5,3898,13346,4408,9,75,910,1775414978404,420,CLASSIC,4.945054945054945,257.010989010989,0.32967032967032966
EUW1_7811249661,DTBO7n48F0dg4kYfma4wrXpiMHVwK1b3u8JFj67XezLZ6raMdGQh2Lnq18H9yRLux8qNEQNdxIKZ6Q,CHALLENGER,0,1,4,1,0.5,Orianna,MIDDLE,9,7717,11479,5010,10,114,910,1775414978404,420,CLASSIC,7.516483516483516,508.81318681318686,0.5934065934065934
EUW1_7811249661,9Nm2IWWmPds8Iuh7fy-tcgqNfv4P5y7XBdGRBnEnIwc_P6IMWMkuwn-00FyafQG0G6ceUi8--xG41A,GRANDMASTER,0,1,2,0,0.5,Zeri,BOTTOM,8,4939,5291,5253,9,116,910,1775414978404,420,CLASSIC,7.648351648351649,325.64835164835165,0.5274725274725275
EUW1_7811249661,pYSFmvFDERUPHvze6xR8pNBgkqhqCvXmJkRhkg00-LGPHNZil0EctRpPRFZggphVrqpk1-JAMb4kTQ,CHALLENGER,0,0,5,1,0.2,Thresh,UTILITY,17,1327,8541,3245,7,25,910,1775414978404,420,CLASSIC,1.6483516483516485,87.4945054945055,1.120879120879121
EUW1_7811249661,QROOVQkygYu9e6qqxLxrubnoPRewKFecqJdlIj5L3lq45YHjD2qBJnCnqwRk8nBahMDIUNXHpSJ1XQ,GRANDMASTER,1,0,1,3,3.0,Singed,TOP,12,4274,9504,5285,10,105,910,1775414978404,420,CLASSIC,6.923076923076923,281.80219780219784,0.7912087912087913
EUW1_7811249661,dagY2-LsfgTp-mBR04XYERMi0KxtRFE11pxTQYv_yIULvC4_9YCrYtyq_90ueclonA_C966MFkbVOQ,CHALLENGER,1,5,0,2,7.0,Nocturne,JUNGLE,13,6075,10772,7569,12,160,910,1775414978404,420,CLASSIC,10.54945054945055,400.54945054945057,0.8571428571428572
EUW1_7811249661,7Y-hCB9Msu18_eX-6OMuiDHZRjeANMj-xNaxPgOSVf0xxm_OhrxnLpSSlB9Jds0ERyMTiT3OtzoxBQ,CHALLENGER,1,6,1,1,7.0,Aurora,MIDDLE,5,9695,8928,6660,11,127,910,1775414978404,420,CLASSIC,8.373626373626374,639.2307692307693,0.32967032967032966
EUW1_7811249661,KxIZgnqlDiHm0AuMMVBWfZZBsiPjEv5uATac6Gy__2oxPx_wBRt-nxwjE12wO0HjJzPa2oOH63-BUg,CHALLENGER,1,3,1,5,8.0,Xayah,BOTTOM,7,7586,6037,7716,10,134,910,1775414978404,420,CLASSIC,8.835164835164836,500.1758241758242,0.46153846153846156
EUW1_7811249661,sZSXw3aaRrJftTZdlEdmEqVRscISzfIByoDMCGZMPcDFtF7UwvSgVx_OlqpTlif8mKGuRtJGRKmshg,CHALLENGER,1,3,0,8,11.0,Anivia,UTILITY,38,7528,4305,5370,9,44,910,1775414978404,420,CLASSIC,2.901098901098901,496.35164835164835,2.5054945054945055
EUW1_7811154904,CYhzsT32rAMTvymtZcxb-0pUlinicvaC9_1r3jKV1sGX9DzDYcgbPIdze-FNwvpC2tuLQV5Om6bx-Q,CHALLENGER,1,12,5,5,3.4,Varus,TOP,35,28522,25613,16308,19,286,1947,1775410779319,420,CLASSIC,8.813559322033898,878.9522342064714,1.0785824345146378
EUW1_7811154904,-788CfJeRXycWEWiCHaRkt0j7W-aT4kVWT2rhEKS7lkAHp2xYYIQde5C5ky1jH3Jl-WCppUchjGr0w,GRANDMASTER,1,3,4,21,6.0,Hecarim,JUNGLE,37,27183,53594,15527,18,295,1947,1775410779319,420,CLASSIC,9.09090909090909,837.68875192604,1.140215716486903
EUW1_7811154904,rgJtN-_1ZYU5b-KYbuK9SNHkpIElV9RB45W7e7ypKbghVR4nKzwGARvRzlLPz02KHtFi_j-8dQpDxQ,GRANDMASTER,1,12,1,5,17.0,Akshan,MIDDLE,24,29770,16873,15496,18,231,1947,1775410779319,420,CLASSIC,7.11864406779661,917.4114021571648,0.7395993836671803
EUW1_7811154904,QFOJ4e9czj03KbLyfjga3r7s8E73-uvOLFm0b37gdVDwwdDjdruGpeOy6Ec1fU7BGCT9iuFWX0CHpw,MASTER,1,6,4,10,4.0,Sylas,BOTTOM,53,16858,25395,14459,16,177,1947,1775410779319,420,CLASSIC,5.454545454545454,519.5069337442218,1.633281972265023
EUW1_7811154904,ydonl0UCnDpsFLUfaVnHX2m_qlZYHZxF6kvRHgXJxWCrOqZ-PPaPdn0cTDNWU8rHVmfV01-BGyrozw,CHALLENGER,1,0,7,20,2.857142857142857,Nautilus,UTILITY,152,7089,23981,9464,14,40,1947,1775410779319,420,CLASSIC,1.2326656394453004,218.45916795069334,4.684129429892141
EUW1_7811154904,KxIZgnqlDiHm0AuMMVBWfZZBsiPjEv5uATac6Gy__2oxPx_wBRt-nxwjE12wO0HjJzPa2oOH63-BUg,CHALLENGER,0,6,8,1,0.875,Vayne,TOP,31,27957,29878,13789,18,290,1947,1775410779319,420,CLASSIC,8.936825885978427,861.5408320493066,0.9553158705701078
EUW1_7811154904,wY4pMq7R7ac7QcSftzWqyiMRSFaCfM88Kl49QUhFk0cE5uVZ-c4cy8ueo1IBzzrcrmaLlUDnwOXB-A,CHALLENGER,0,3,6,8,1.8333333333333333,Viego,JUNGLE,33,13478,30008,11367,15,202,1947,1775410779319,420,CLASSIC,6.224961479198766,415.346687211094,1.0169491525423728
EUW1_7811154904,Ebcb4O7q9NhOYnoznorQ6nZGjof0fwt0Lq_-bS3J6TLWW9NmFwu_Ft1zQH118RwymSRW8uVp74fnQA,CHALLENGER,0,5,5,1,1.2,Akali,MIDDLE,28,18487,29046,12249,16,267,1947,1775410779319,420,CLASSIC,8.22804314329738,569.7072419106316,0.8628659476117102
EUW1_7811154904,dagY2-LsfgTp-mBR04XYERMi0KxtRFE11pxTQYv_yIULvC4_9YCrYtyq_90ueclonA_C966MFkbVOQ,CHALLENGER,0,5,7,8,1.8571428571428572,Caitlyn,BOTTOM,28,33533,21755,14680,15,311,1947,1775410779319,420,CLASSIC,9.583975346687211,1033.3744221879815,0.8628659476117102
EUW1_7811154904,Y76K_T4dU8gWCPOEdYl6NpI2hJWU7bsz1tqOGxPF3CnaUIkV9NPys40ltmoruW2O6Si31h2TuDlYrA,GRANDMASTER,0,1,7,10,1.5714285714285714,Karma,UTILITY,112,10561,24018,8021,13,33,1947,1775410779319,420,CLASSIC,1.0169491525423728,325.45454545454544,3.451463790446841
EUW1_7813612259,Z-xaqHlLWTRM1tG6MqJRGFaHj28ZAJzCLKKkrjPeeGMvSDaZIv7wsCS6YWCLSd4QAiJisys9AwL7HQ,CHALLENGER,1,2,3,1,1.0,Gnar,TOP,12,10881,14142,5813,12,114,980,1775595785135,420,CLASSIC,6.979591836734694,666.1836734693878,0.7346938775510204
EUW1_7813612259,k8U-jWyXQcfhdN_VJJOdctkpRfUgQDjqsCW_FY9GKjYUGTVmLjvW-D6yoB-iWtEfMHSwL7-J8-ChPw,CHALLENGER,1,4,0,8,12.0,JarvanIV,JUNGLE,22,7480,11909,7869,12,136,980,1775595785135,420,CLASSIC,8.326530612244898,457.9591836734694,1.3469387755102042
EUW1_7813612259,yrwnBmmZflmk-7PCr2xfjU-qHAzvHP9ZAMMbSqIJFijc4LYSlOxhUs8qY7xEOlDfKr8D8KgFGjEUkg,CHALLENGER,1,5,1,3,8.0,Taliyah,MIDDLE,17,11491,9444,7158,13,149,980,1775595785135,420,CLASSIC,9.122448979591837,703.5306122448981,1.0408163265306123
EUW1_7813612259,S9eOzvet5PMeyDG4FwXFJXfSUEUElv03HpkKHaBr9Ka9ejQKmDWklrSCvOCIFFSWqEdI7sFQeOcBbw,CHALLENGER,1,9,2,3,6.0,Jinx,BOTTOM,10,10680,8378,9214,10,141,980,1775595785135,420,CLASSIC,8.63265306122449,653.8775510204082,0.6122448979591837
EUW1_7813612259,p-yFF6UyV6rueuD_BXdvS5TMhrcoZZGLcXrjWvKkCUxPmPWHxJYLLFsNziOnGXkuq4Txad0-YECjDQ,CHALLENGER,1,0,2,11,5.5,Seraphine,UTILITY,36,5661,5633,4970,9,24,980,1775595785135,420,CLASSIC,1.469387755102041,346.5918367346939,2.2040816326530615
EUW1_7813612259,627nQTO0TKvvU4BpN1uieiWtIRBF9ukVbfkLdVUgGTeryH3Aid33tc5z7pLDp_Z8rkgpTwgU5LVCfg,CHALLENGER,0,2,5,0,0.4,Sylas,TOP,13,10885,17403,5918,12,134,980,1775595785135,420,CLASSIC,8.204081632653061,666.4285714285714,0.7959183673469389
EUW1_7813612259,DA-BJDRtgNILl-uhhSsvcyeFHlqUMgQr_Nu3WxAVon-oEm05EzWJKK4EzSCmqRnSJJCRRjwlRmd2pw,GRANDMASTER,0,2,2,3,2.5,Nocturne,JUNGLE,15,5817,16478,6475,11,129,980,1775595785135,420,CLASSIC,7.89795918367347,356.14285714285717,0.9183673469387755
EUW1_7813612259,RpZQtLGH6e1kuHeneKbURLLMD4UWpO4fxDOIWdtqylHn1CsiojjIRcqSsp4nsoKk2-iN67yF7vGuPg,CHALLENGER,0,3,4,1,1.0,Aurora,MIDDLE,14,7925,12078,6549,11,143,980,1775595785135,420,CLASSIC,8.755102040816327,485.2040816326531,0.8571428571428572
EUW1_7813612259,wXFgFN4t_J4Z-F7sa7gzTlqykvB3zfRh43GFRnugtx-bhB6XMcdv6A3OFTLBlKVk35bBKHqYv0RpmA,CHALLENGER,0,0,5,6,1.2,Ashe,BOTTOM,16,10254,12268,6802,9,128,980,1775595785135,420,CLASSIC,7.836734693877552,627.795918367347,0.979591836734694
EUW1_7813612259,AmCKOJYZKPS4yxXtQUfHLEqHDUZkeTgxIwIWsK3yX3GVsQhu8vdtdDFoK5HJYPM9VCmk1TcSLg6fdw,CHALLENGER,0,1,4,4,1.25,Lulu,UTILITY,26,4649,9514,4285,8,15,980,1775595785135,420,CLASSIC,0.9183673469387755,284.6326530612245,1.5918367346938778
EUW1_7813319735,Z-xaqHlLWTRM1tG6MqJRGFaHj28ZAJzCLKKkrjPeeGMvSDaZIv7wsCS6YWCLSd4QAiJisys9AwL7HQ,CHALLENGER,1,7,3,12,6.333333333333333,KSante,TOP,35,20236,36647,13213,18,205,1949,1775583004787,420,CLASSIC,6.310928681375064,622.9656233966136,1.07747562852745
EUW1_7813319735,J74KGm2amNbDVAt-ehutUpJrxt--2dW-pkG7AUqU8CYWnZYFJMEZ2kOv-5Lcf_nv7H51KRnzQXDDwQ,CHALLENGER,1,7,4,14,5.25,Shaco,JUNGLE,19,22437,21593,14381,18,231,1949,1775583004787,420,CLASSIC,7.11133914828117,690.7234479220112,0.5849153412006157
EUW1_7813319735,yrwnBmmZflmk-7PCr2xfjU-qHAzvHP9ZAMMbSqIJFijc4LYSlOxhUs8qY7xEOlDfKr8D8KgFGjEUkg,CHALLENGER,1,7,5,9,3.2,Taliyah,MIDDLE,25,32060,17551,15334,18,273,1949,1775583004787,420,CLASSIC,8.40430990251411,986.9676757311441,0.7696254489481785
EUW1_7813319735,Tv6UMY_2z-9OV64EKjyCbOtFNaAec4NXDQw1UIVWOR5cNVTOTetRnT95mjoXf4t05McMlumobEiWwQ,CHALLENGER,1,14,10,10,2.4,Yunara,BOTTOM,32,44783,30998,20946,17,322,1949,1775583004787,420,CLASSIC,9.91277578245254,1378.6454592098512,0.9851205746536685
EUW1_7813319735,TpnuFmp7IpW_4XT6B6bU8YKTExZcICTj0G0e2yLO_Tc2ABIxZIYAehEDoqScp-xkbgUBozEStsIyOA,CHALLENGER,1,5,7,25,4.285714285714286,Lulu,UTILITY,105,15081,21145,11993,15,38,1949,1775583004787,420,CLASSIC,1.1698306824012314,464.2688558234992,3.23242688558235
EUW1_7813319735,aI9cPJXebDtWbQ_eFhp7-WEYRYW4VpYo3UCJSrZ2nnuQZz0SX7a2w0Pb4xrRkOEocLkiAfeDWDfJeQ,CHALLENGER,0,1,9,12,1.4444444444444444,Kayle,TOP,43,20929,32846,14113,18,273,1949,1775583004787,420,CLASSIC,8.40430990251411,644.2996408414572,1.323755772190867
EUW1_7813319735,LQQVMGwYrv2qeaDzvHtBwJU9yc2IMIkWqNdq_CWwUyFUMNtC3G0RB_rFC0EzMQTZU0UsD5aUjFRQkg,CHALLENGER,0,4,8,8,1.5,Nocturne,JUNGLE,11,17149,47215,14310,16,243,1949,1775583004787,420,CLASSIC,7.480759363776295,527.9322729604926,0.33863519753719856
EUW1_7813319735,9zmW-LJV9makX10YqV940taPEveaLopM7GPSvcepx8tuv_OCS1W4Gzv6x3O8Z3G25hrEG-kPzEg5Qg,CHALLENGER,0,5,4,10,3.75,Ryze,MIDDLE,38,22824,27923,15022,18,264,1949,1775583004787,420,CLASSIC,8.127244740892765,702.6372498717291,1.1698306824012314
EUW1_7813319735,EVSDw4FVXC2JRvYJhQZWrqi3WyJXqZ5qex65Jnom5LRr3QJypN-idkkKTpf3mVLBfVqmyv-VzVwe_A,GRANDMASTER,0,9,9,7,1.7777777777777777,Kaisa,BOTTOM,30,25200,28485,17528,16,270,1949,1775583004787,420,CLASSIC,8.311954848640328,775.782452539764,0.9235505387378142
EUW1_7813319735,Q3Sc0Nl_5juhYUIss2wBoaN3UGsDIKKdsILewwH2EAKozvtS7gSa9_1ws69WP1QCagWG7wVxsybudg,CHALLENGER,0,10,10,10,2.0,Pyke,UTILITY,90,12666,32068,13680,14,24,1949,1775583004787,420,CLASSIC,0.7388404309902514,389.92303745510515,2.770651616213443
EUW1_7813275169,PXww7MSjjUtMMk2sTXOVlx5R70zzH59kcHJuGyOpjEMlsPptRTy5yWgRT1W2HhdAjFW-JoHrjTs9NA,GRANDMASTER,0,1,7,6,1.0,Ornn,TOP,17,15474,37019,8965,15,193,1575,1775581015549,420,CLASSIC,7.352380952380952,589.4857142857143,0.6476190476190476
EUW1_7813275169,1R9MT-lJwfeTtFMOI6lK2BEHRSq-yUSyWUttipcs0njF0OATFtQFFj6acUnISVeGU0pbZKFadwyAjQ,MASTER,0,1,6,6,1.1666666666666667,Ezreal,JUNGLE,29,15656,24377,9796,15,207,1575,1775581015549,420,CLASSIC,7.885714285714286,596.4190476190477,1.1047619047619048
EUW1_7813275169,xmDRE0NN531bmnBSZvuaYoOyAnEbEYSGx2PXO6J7E6wpH11yNkq8sLlQa0LkyI_LqbFAqy45ew9zuw,MASTER,0,9,7,2,1.5714285714285714,Yasuo,MIDDLE,18,19091,25837,13750,15,237,1575,1775581015549,420,CLASSIC,9.028571428571428,727.2761904761904,0.6857142857142857
EUW1_7813275169,ajr9wMs9VTPI-AXeZ7JGKNAvTRygLe9-OJNCSbzy_GHOsL_TZYxNtn2GfQCWAqxqUbvd50OJBTWPfg,MASTER,0,14,14,1,1.0714285714285714,Kalista,BOTTOM,16,29223,31965,13539,13,171,1575,1775581015549,420,CLASSIC,6.514285714285714,1113.2571428571428,0.6095238095238096
EUW1_7813275169,qYnMOpujzgQTY-IF-uovTbuQdW762sv0zLNxKXnDJLMaLWx14QLrNLpGdY6Or3GcJSK4QJco4Y0e8A,GRANDMASTER,0,3,14,16,1.3571428571428572,Taric,UTILITY,76,12904,33814,9372,12,23,1575,1775581015549,420,CLASSIC,0.8761904761904762,491.5809523809524,2.895238095238095
EUW1_7813275169,H31-hJMddAijd-nkYFAVDzBMzhLwZW4UvuusG3rdnZC7ehL8Htor3UucTso_Wc7vhgux1931oBF83A,MASTER,1,5,5,11,3.2,Ambessa,TOP,17,23152,22061,11027,16,214,1575,1775581015549,420,CLASSIC,8.152380952380952,881.9809523809524,0.6476190476190476
EUW1_7813275169,THwSdiiRZplxC8sItp3M5P7nGksowSZ35v5nZjqLJMyvIHGlA4ujBO1YUwcJORLJDJL9dz_mVwXvTg,GRANDMASTER,1,11,6,18,4.833333333333333,Sylas,JUNGLE,24,23160,33020,13116,16,187,1575,1775581015549,420,CLASSIC,7.123809523809523,882.2857142857143,0.9142857142857143
EUW1_7813275169,yrwnBmmZflmk-7PCr2xfjU-qHAzvHP9ZAMMbSqIJFijc4LYSlOxhUs8qY7xEOlDfKr8D8KgFGjEUkg,CHALLENGER,1,9,5,25,6.8,Taliyah,MIDDLE,23,34728,17113,12145,15,184,1575,1775581015549,420,CLASSIC,7.0095238095238095,1322.9714285714285,0.8761904761904762
EUW1_7813275169,EVSDw4FVXC2JRvYJhQZWrqi3WyJXqZ5qex65Jnom5LRr3QJypN-idkkKTpf3mVLBfVqmyv-VzVwe_A,GRANDMASTER,1,19,5,14,6.6,Yunara,BOTTOM,22,37693,20589,19212,15,209,1575,1775581015549,420,CLASSIC,7.961904761904762,1435.9238095238095,0.8380952380952381
EUW1_7813275169,AXmFm03gOtlgAFnCOZ7a2A-yV6ptdZz56x7siwr5qn7yyWTAX0GWnKrqEojD1lkNk8qCgQOTGltK1Q,MASTER,1,4,7,30,4.857142857142857,Nasus,UTILITY,85,8338,23985,10218,13,19,1575,1775581015549,420,CLASSIC,0.7238095238095238,317.6380952380952,3.238095238095238
EUW1_7813242317,bFoJ2smj8rtoBeYK9rGbyhxe2JiqFxeTafOA_2LJiYP_bGTJmLmkNqVJUZhZGVkU3URehFRzJaI-Jw,GRANDMASTER,1,2,1,0,2.0,Gnar,TOP,9,8859,14257,6787,13,154,1109,1775579268159,420,CLASSIC,8.331830477908024,479.2966636609558,0.48692515779981965
EUW1_7813242317,qCJ0xRV2DYPSwJB7Pjk9weEvVRvyY4X4_-RwkIYs98u8zLWS_iLv9764zAZpBRiq-2YLE_GRSCEuEQ,CHALLENGER,1,3,1,9,12.0,Nunu,JUNGLE,14,8656,17947,8729,13,168,1109,1775579268159,420,CLASSIC,9.0892696122633,468.3137962128043,0.757439134355275
EUW1_7813242317,yrwnBmmZflmk-7PCr2xfjU-qHAzvHP9ZAMMbSqIJFijc4LYSlOxhUs8qY7xEOlDfKr8D8KgFGjEUkg,CHALLENGER,1,3,3,7,3.3333333333333335,Taliyah,MIDDLE,11,13413,9469,7807,13,172,1109,1775579268159,420,CLASSIC,9.305680793507664,725.6807935076645,0.5951307484220018
EUW1_7813242317,9zmW-LJV9makX10YqV940taPEveaLopM7GPSvcepx8tuv_OCS1W4Gzv6x3O8Z3G25hrEG-kPzEg5Qg,CHALLENGER,1,11,2,6,8.5,Ezreal,BOTTOM,7,21250,11690,12053,12,157,1109,1775579268159,420,CLASSIC,8.494138863841298,1149.6844003606852,0.3787195671776375
EUW1_7813242317,TjRvNlmgS6hsDH8rd8xeYVwgy8HtbJK_gvoF-ABX9Yj_h4YVq9bBqVu3kuTk_sRKvZTiTfrxxwJzQA,GRANDMASTER,1,3,1,14,17.0,Alistar,UTILITY,56,5142,15902,6765,9,9,1109,1775579268159,420,CLASSIC,0.48692515779981965,278.1965734896303,3.0297565374211
EUW1_7813242317,lGAMsFyoNuFABpZXmmVrrKfSeOW3be-ZmV4tq4AZk77MWE1SBdqk9PhN0EWduTwWu9xJfKNy6QDSgA,CHALLENGER,0,3,4,0,0.75,Akali,TOP,12,14046,17320,7654,13,145,1109,1775579268159,420,CLASSIC,7.8449053201082055,759.9278629395852,0.6492335437330928
EUW1_7813242317,vzC0-V3SjwcTe7sr4dN3y7H1yAR6nXtGRHRTDIVWO6vY4xQwbAj60033_5Ehn7d2iQUyXoGQ74LT_g,CHALLENGER,0,3,3,1,1.3333333333333333,Nocturne,JUNGLE,11,7005,18096,7078,11,127,1109,1775579268159,420,CLASSIC,6.871055004508566,378.9900811541929,0.5951307484220018
EUW1_7813242317,na0jIWb-eU8-xwxAET4fLaIO5YzTLeBbfKg1dWNHq0J1AHO7Tgj8qs9Iv5nYRgzZJRtVZ_FHqzDOXw,GRANDMASTER,0,1,3,1,0.6666666666666666,Galio,MIDDLE,2,6360,10849,6601,12,169,1109,1775579268159,420,CLASSIC,9.143372407574391,344.0937781785392,0.10820559062218214
EUW1_7813242317,UPGlR0JjFY8asepKQeb1UkBqY7kI0u0KearU8gUjEuhTbAJImGHRlD2c3x-OhZlxFHwiHHuFTKNzLw,MASTER,0,0,8,3,0.375,Aphelios,BOTTOM,8,8084,13902,6077,10,131,1109,1775579268159,420,CLASSIC,7.08746618575293,437.3669972948602,0.4328223624887286
EUW1_7813242317,GbXI3qn4vtlCXNEwJTUeq6t7P1DqnuaanQ3DCMH4iYlihEZE4V0Ru1JR1KaAwD2tzeDjW75pZwaVlQ,CHALLENGER,0,1,4,1,0.5,Ekko,UTILITY,62,8861,12283,4950,9,37,1109,1775579268159,420,CLASSIC,2.0018034265103695,479.40486925157796,3.3543733092876464
EUW1_7813176638,xD_IkJ3BVDUkhzmveibR5pI5ewHYiC9LEcdNnsZ8Gu-ulB3lYFANh6zWRD_hfrkrcChKfGoX3EBz8w,CHALLENGER,0,0,6,3,0.5,Zilean,TOP,26,7294,14408,6458,13,132,1409,1775575073743,420,CLASSIC,5.621007806955287,310.60326472675655,1.1071682044002837
EUW1_7813176638,gITnGto3BbLgh-p9T6TnUyXecoFxjloyo5ZRjiRudWWyUWWeqT90XKjBKxrOYv8MJKSAOLA_tEAE5A,CHALLENGER,0,5,5,5,2.0,Skarner,JUNGLE,26,17257,30202,10078,13,153,1409,1775575073743,420,CLASSIC,6.5152590489709015,734.86160397445,1.1071682044002837
EUW1_7813176638,RpZQtLGH6e1kuHeneKbURLLMD4UWpO4fxDOIWdtqylHn1CsiojjIRcqSsp4nsoKk2-iN67yF7vGuPg,CHALLENGER,0,2,8,5,0.875,Azir,MIDDLE,18,14774,18882,9123,13,202,1409,1775575073743,420,CLASSIC,8.601845280340667,629.1270404542229,0.7665010645848119
EUW1_7813176638,dLlI2wzOcSIDOLODqDR9ejzBMtwrQvsZfGzPCt591-Eb3Ta3Sj4eO-kfg4ASQKlg1msbPkYxa2iMRQ,CHALLENGER,0,3,5,2,1.0,Caitlyn,BOTTOM,26,13224,13573,9712,12,213,1409,1775575073743,420,CLASSIC,9.070262597586941,563.1227821149752,1.1071682044002837
EUW1_7813176638,JdtEBraZUWPwwuVeXx-EJGcCMhc4ZiAfojYOPaoiiTYK9BesUMjD1nvfoTXrt0GmwCBazXWejYK6ig,GRANDMASTER,0,4,4,6,2.5,Anivia,UTILITY,81,8929,18213,8168,11,44,1409,1775575073743,420,CLASSIC,1.8736692689850958,380.2271114265436,3.4492547906316533
EUW1_7813176638,UiiRKX507kkigVGCxOchgs9QNDB4qMSvFHobfKTRc4_YLfvzqGU7hpQ1hsQDWYKxjQ1190aZIntxfw,CHALLENGER,1,6,0,3,9.0,Akali,TOP,23,17473,16100,10481,17,250,1409,1775575073743,420,CLASSIC,10.645848119233499,744.0596167494676,0.9794180269694819
EUW1_7813176638,t1cIpU8o1q64GDpcThzD_t98lxPD6gRGWy-eOZmeo60uGAyiAuwhFK6zwDNVO8i68qKNtnRwc10k8g,CHALLENGER,1,6,4,11,4.25,Briar,JUNGLE,20,17849,33597,10863,14,150,1409,1775575073743,420,CLASSIC,6.387508871540099,760.0709723207949,0.8516678495386799
EUW1_7813176638,yrwnBmmZflmk-7PCr2xfjU-qHAzvHP9ZAMMbSqIJFijc4LYSlOxhUs8qY7xEOlDfKr8D8KgFGjEUkg,CHALLENGER,1,7,4,7,3.5,Taliyah,MIDDLE,21,20599,15783,10997,14,194,1409,1775575073743,420,CLASSIC,8.261178140525194,877.1753016323634,0.8942512420156139
EUW1_7813176638,wXFgFN4t_J4Z-F7sa7gzTlqykvB3zfRh43GFRnugtx-bhB6XMcdv6A3OFTLBlKVk35bBKHqYv0RpmA,CHALLENGER,1,6,3,2,2.6666666666666665,Lucian,BOTTOM,32,17651,19255,12157,13,225,1409,1775575073743,420,CLASSIC,9.581263307310149,751.6394606103619,1.362668559261888
EUW1_7813176638,AmCKOJYZKPS4yxXtQUfHLEqHDUZkeTgxIwIWsK3yX3GVsQhu8vdtdDFoK5HJYPM9VCmk1TcSLg6fdw,CHALLENGER,1,3,3,9,4.0,Nami,UTILITY,67,8829,10059,7244,11,16,1409,1775575073743,420,CLASSIC,0.681334279630944,375.96877217885026,2.8530872959545777
EUW1_7812705515,7ufUFr9qraHyqSw2C_Ti-bjo5N7DJjd2xImgK-Jvai4Zeeit7JjFgaB3xW9JSRkynUsVtKBNAM7Emg,CHALLENGER,1,1,5,4,1.0,Renekton,TOP,19,7573,20837,6528,12,135,1104,1775512114217,420,CLASSIC,7.336956521739131,411.57608695652175,1.032608695652174
EUW1_7812705515,t1cIpU8o1q64GDpcThzD_t98lxPD6gRGWy-eOZmeo60uGAyiAuwhFK6zwDNVO8i68qKNtnRwc10k8g,CHALLENGER,1,9,2,6,7.5,Briar,JUNGLE,14,14176,15307,10354,14,157,1104,1775512114217,420,CLASSIC,8.532608695652174,770.4347826086957,0.7608695652173914
EUW1_7812705515,RpZQtLGH6e1kuHeneKbURLLMD4UWpO4fxDOIWdtqylHn1CsiojjIRcqSsp4nsoKk2-iN67yF7vGuPg,CHALLENGER,1,12,1,1,13.0,Jayce,MIDDLE,12,16877,10595,12150,14,201,1104,1775512114217,420,CLASSIC,10.923913043478262,917.2282608695652,0.6521739130434783
EUW1_7812705515,yrwnBmmZflmk-7PCr2xfjU-qHAzvHP9ZAMMbSqIJFijc4LYSlOxhUs8qY7xEOlDfKr8D8KgFGjEUkg,CHALLENGER,1,3,3,4,2.3333333333333335,Hwei,BOTTOM,8,11106,7465,8922,12,179,1104,1775512114217,420,CLASSIC,9.728260869565219,603.5869565217391,0.4347826086956522
EUW1_7812705515,uZcQeaY1oIqPTQIPwC1BayJRe9O8fRUppewop3uqov9yinxazmkX47-C9XuhUJvOhs2gwVgsfuitPw,CHALLENGER,1,2,2,10,6.0,Ekko,UTILITY,31,8803,9290,6324,10,27,1104,1775512114217,420,CLASSIC,1.4673913043478262,478.4239130434783,1.6847826086956523
EUW1_7812705515,-wOrJ0epX6d0-CLuXUqrsJfEhwW6GUjdQ-hJ1QIXnX8rr8hNeGuyRksBk3vMpwJzvG9W3kZFpG7c4w,CHALLENGER,0,2,6,1,0.5,Aurora,TOP,16,13883,16460,6456,12,152,1104,1775512114217,420,CLASSIC,8.260869565217392,754.5108695652175,0.8695652173913044
EUW1_7812705515,k8U-jWyXQcfhdN_VJJOdctkpRfUgQDjqsCW_FY9GKjYUGTVmLjvW-D6yoB-iWtEfMHSwL7-J8-ChPw,CHALLENGER,0,1,3,1,0.6666666666666666,Chogath,JUNGLE,35,4139,12769,6302,11,140,1104,1775512114217,420,CLASSIC,7.608695652173914,224.94565217391306,1.9021739130434785
EUW1_7812705515,hgrLMJ0S8iNAWNMEaelxjZWbXxR2Qm2ph-TeR4gZNu4dqZ-VKTNPmab2-n7MjhJTyWjDlh1hwB7jjQ,CHALLENGER,0,5,8,1,0.75,Quinn,MIDDLE,12,13249,17424,6972,11,120,1104,1775512114217,420,CLASSIC,6.521739130434783,720.054347826087,0.6521739130434783
EUW1_7812705515,pMp2TVHEbJd2zX1yWpP22JgEW1q7Ro-0JawH01A305S2brGqnLXJ5zfmc57JK8I8bWDFS5TuPzDzJw,CHALLENGER,0,4,5,2,1.2,Qiyana,BOTTOM,13,5169,11734,6941,10,121,1104,1775512114217,420,CLASSIC,6.576086956521739,280.9239130434783,0.7065217391304348
EUW1_7812705515,9zmW-LJV9makX10YqV940taPEveaLopM7GPSvcepx8tuv_OCS1W4Gzv6x3O8Z3G25hrEG-kPzEg5Qg,CHALLENGER,0,1,5,8,1.8,Lulu,UTILITY,20,4768,11059,5367,9,19,1104,1775512114217,420,CLASSIC,1.032608695652174,259.1304347826087,1.0869565217391306
EUW1_7812641901,vn_KbwbH3v9NKmPsAbnS08aZLaUGmjivDoDUuEFAF4valoshK16ty95FtydHDDGiJcG9SnMHoCGDeQ,CHALLENGER,0,6,10,7,1.3,Rumble,TOP,42,41566,43572,13225,18,239,2324,1775509195712,420,CLASSIC,6.17039586919105,1073.132530120482,1.0843373493975903
EUW1_7812641901,7yygiJ_Twso31BD0ayz9znGrbxzuErNqSei7_i2ohfQIRNpwqVQ3dSL0Drsdt8vLTy9lsygo3IW1QA,CHALLENGER,0,6,7,15,3.0,DrMundo,JUNGLE,50,32472,85132,15450,18,223,2324,1775509195712,420,CLASSIC,5.757314974182444,838.3476764199655,1.2908777969018932
EUW1_7812641901,RpZQtLGH6e1kuHeneKbURLLMD4UWpO4fxDOIWdtqylHn1CsiojjIRcqSsp4nsoKk2-iN67yF7vGuPg,CHALLENGER,0,8,6,8,2.6666666666666665,Azir,MIDDLE,39,51463,38827,19700,18,400,2324,1775509195712,420,CLASSIC,10.327022375215146,1328.6488812392427,1.0068846815834767
EUW1_7812641901,t-ivZimhCebG8LFs9Z0SUeHg2D1W6onLE2X84QEnLkfEg-cO8UHopkV6iBCvuLb6JcKuGfkFL4QtCw,GRANDMASTER,0,10,11,9,1.7272727272727273,Varus,BOTTOM,27,36882,34174,21070,18,301,2324,1775509195712,420,CLASSIC,7.771084337349397,952.2030981067126,0.6970740103270223
EUW1_7812641901,E1P-XD5nmt0zV14HphsSWCNRwancLeop4pVshzMhtHHXsAVQFLqqH1caF0y76InQLu3H4KcrFOp6jg,GRANDMASTER,0,4,13,17,1.6153846153846154,Karma,UTILITY,94,9172,42938,10771,15,29,2324,1775509195712,420,CLASSIC,0.748709122203098,236.7986230636833,2.426850258175559
EUW1_7812641901,6YzVabvtVbK07DvJ4ePZIOiHG_8x56UTvlIVSnFxTLfU7dJgj5KDLirR8tobYDim5QuI6njXzKXN6g,GRANDMASTER,1,6,7,9,2.142857142857143,KSante,TOP,35,21615,50447,12889,18,210,2324,1775509195712,420,CLASSIC,5.421686746987952,558.0464716006885,0.9036144578313253
EUW1_7812641901,tKA5crJ7V7uhbgN1vE-w0V9wR6ETfQfJBkmyURbkzOVTq_ji6mDXmO8B2UOpqWu2MqWToazedhOHFw,CHALLENGER,1,19,2,11,15.0,Ambessa,JUNGLE,51,68502,48914,20539,18,293,2324,1775509195712,420,CLASSIC,7.564543889845094,1768.55421686747,1.3166953528399312
EUW1_7812641901,yrwnBmmZflmk-7PCr2xfjU-qHAzvHP9ZAMMbSqIJFijc4LYSlOxhUs8qY7xEOlDfKr8D8KgFGjEUkg,CHALLENGER,1,4,7,12,2.2857142857142856,Taliyah,MIDDLE,32,42787,31188,16171,18,327,2324,1775509195712,420,CLASSIC,8.442340791738381,1104.655765920826,0.8261617900172117
EUW1_7812641901,rzNXYlN5snJ7-zw6RhjyrW4A9WWO-HVRaZZKGNWBeUWKpayxKR_1JVkjnVDopwF4mMunPQ7Z4aoViQ,CHALLENGER,1,15,8,16,3.875,Sivir,BOTTOM,42,62127,34758,23830,18,386,2324,1775509195712,420,CLASSIC,9.965576592082616,1603.9672977624784,1.0843373493975903
EUW1_7812641901,tkkVzvtIwFToqwSRRmL-i0McU_24phBJXVxe3ZJdeXhnH90A9sK4e-sWnAilD_3_FtWBkoF8sQyDtw,GRANDMASTER,1,3,10,31,3.4,Nautilus,UTILITY,127,16123,41187,12030,16,23,2324,1775509195712,420,CLASSIC,0.5938037865748709,416.2564543889845,3.278829604130809
EUW1_7812581107,Mz2vxXxSijBbysFq1CrSeh6WDJ97I0m3_JrYLUhz-RMYFT7Nm9SXQbhFntUw6lyIDSKOln0csr61sw,CHALLENGER,0,2,5,3,1.0,Jayce,TOP,37,34640,23819,12847,17,266,1907,1775506776922,420,CLASSIC,8.369166229680125,1089.8793917147352,1.1641321447299422
EUW1_7812581107,tKA5crJ7V7uhbgN1vE-w0V9wR6ETfQfJBkmyURbkzOVTq_ji6mDXmO8B2UOpqWu2MqWToazedhOHFw,CHALLENGER,0,5,6,5,1.6666666666666667,Vi,JUNGLE,44,20488,39975,11911,16,216,1907,1775506776922,420,CLASSIC,6.796014682747771,644.6145778710015,1.3843733613004718
EUW1_7812581107,7Y-hCB9Msu18_eX-6OMuiDHZRjeANMj-xNaxPgOSVf0xxm_OhrxnLpSSlB9Jds0ERyMTiT3OtzoxBQ,CHALLENGER,0,11,5,4,3.0,Leblanc,MIDDLE,32,37289,32263,13351,16,228,1907,1775506776922,420,CLASSIC,7.1735710540115365,1173.2249606712112,1.0068169900367068
EUW1_7812581107,Df4sYktT79Sayc38Jsx2iaOkiBkhzXRH9_pv6SWTJCVekDfwK6LZbGLnNaYgAG8NPP0fyPXDWaQ_lA,CHALLENGER,0,6,7,12,2.5714285714285716,Ezreal,BOTTOM,25,73630,30252,15624,15,255,1907,1775506776922,420,CLASSIC,8.023072889355008,2316.6229680125853,0.7865757734661772
EUW1_7812581107,4NI6m23zZtzjHi3xUbkRnn3aUYcTOYSMvg8D-uev9JQlZn5ahs6vHmOnCGNHYljOFbsw4ODsXu1dRQ,CHALLENGER,0,5,8,15,2.5,Rell,UTILITY,113,16829,40393,9728,11,31,1907,1775506776922,420,CLASSIC,0.9753539590980598,529.4913476664918,3.555322496067121
EUW1_7812581107,627nQTO0TKvvU4BpN1uieiWtIRBF9ukVbfkLdVUgGTeryH3Aid33tc5z7pLDp_Z8rkgpTwgU5LVCfg,CHALLENGER,1,4,4,9,3.25,Sion,TOP,39,17533,47588,11757,17,211,1907,1775506776922,420,CLASSIC,6.638699528054536,551.6413214472994,1.2270582066072364
EUW1_7812581107,nvtH9BkIM8XwVcyQPbtgPlxNpXoQuzEEnLDCAARddAxqnbpBVpsA-hfxHV-YRjBWt-j7kg36rRSqRg,CHALLENGER,1,5,1,12,17.0,DrMundo,JUNGLE,54,27917,78216,14193,17,249,1907,1775506776922,420,CLASSIC,7.834294703723125,878.3534347142107,1.6990036706869427
EUW1_7812581107,RpZQtLGH6e1kuHeneKbURLLMD4UWpO4fxDOIWdtqylHn1CsiojjIRcqSsp4nsoKk2-iN67yF7vGuPg,CHALLENGER,1,6,9,9,1.6666666666666667,Azir,MIDDLE,29,26090,33108,14230,17,261,1907,1775506776922,420,CLASSIC,8.21185107498689,820.8704771893025,0.9124278972207656
EUW1_7812581107,2UVnIo7M52raKkKN1vr05IY2CNzWZcmbVqcr5wTgXO_H2NN44bvlGBpNh9PgLV3LLVdwgvAhReMD5g,GRANDMASTER,1,8,8,12,2.5,Sivir,BOTTOM,17,47798,31505,18195,16,293,1907,1775506776922,420,CLASSIC,9.218668065023596,1503.8699528054535,0.5348715259570005
EUW1_7812581107,yrwnBmmZflmk-7PCr2xfjU-qHAzvHP9ZAMMbSqIJFijc4LYSlOxhUs8qY7xEOlDfKr8D8KgFGjEUkg,CHALLENGER,1,8,8,15,2.875,Taliyah,UTILITY,132,21754,27834,11580,13,47,1907,1775506776922,420,CLASSIC,1.478762454116413,684.4467750393287,4.153120083901416
EUW1_7812115938,7tQfHGV4ybirx1bZMSC1bLw4INwam_qEYYgaweFim2PgLO3a58u_Z7m9e5m5x9vyvwL43bl9djdmHQ,CHALLENGER,1,7,0,7,14.0,Kayle,TOP,18,23822,17635,12786,16,229,1309,1775486464411,420,CLASSIC,10.496562261268144,1091.9174942704356,0.825057295645531
EUW1_7812115938,ImUsZmMIBUdGDOvwxYcAFXSP0Ap0l5gAOlEFe2_FinJ6-DrtJ9tsb1dLvc3j78y2J0M8coBIuzYpLg,CHALLENGER,1,6,4,10,4.0,LeeSin,JUNGLE,33,9892,19434,10095,14,165,1309,1775486464411,420,CLASSIC,7.563025210084033,453.414820473644,1.5126050420168067
EUW1_7812115938,ckhuNkf-lo42zVaPVQeWELaoSZ1UdH_3tAtpmYN1yRH8VQt47Yu-SIg6IkT7apgN0fqyjWZdGQw06g,CHALLENGER,1,14,1,10,24.0,Akshan,MIDDLE,27,19730,11101,14722,15,215,1309,1775486464411,420,CLASSIC,9.854851031321619,904.3544690603514,1.2375859434682963
EUW1_7812115938,fUOATvqm9fdMFk9R1PdkWrjWbdqCEuRcP-vOdBUDVjB_wBeS_is5Gb5_Yga5lKjB2-sgjykUqNLwrA,CHALLENGER,1,6,2,11,8.5,Ziggs,BOTTOM,25,14324,7930,11899,14,212,1309,1775486464411,420,CLASSIC,9.717341482047365,656.5622612681436,1.145912910618793
EUW1_7812115938,9wjMpxoVhv8-Bb7hNLrYfNk0Mk0fmdWK20bBuHYY3KF2Tkx0CkZA74GqBr9xOuwuZveO6PymazrnHg,GRANDMASTER,1,1,5,12,2.6,Poppy,UTILITY,79,5923,18233,6271,10,23,1309,1775486464411,420,CLASSIC,1.0542398777692896,271.4896867838044,3.621084797555386
EUW1_7812115938,-N1vDjK6nV1U0K3bXf96g18zr-lFLY_cwL6zufEOpxrrTmGqzd5QXnk12ng_BDZn4kVNAMMoxYu9BQ,GRANDMASTER,0,0,7,1,0.14285714285714285,Fiora,TOP,21,5730,19585,7475,13,159,1309,1775486464411,420,CLASSIC,7.288006111535523,262.64323911382735,0.9625668449197861
EUW1_7812115938,9lOd6u66qlRO58QDDnfzVtZgySxI8Pm20_clAHnb7otCIf0Af2JKIn1cDgr4YYJbylpiGykcWq9iBw,GRANDMASTER,0,2,7,5,1.0,Vi,JUNGLE,34,5326,22401,7841,12,140,1309,1775486464411,420,CLASSIC,6.4171122994652405,244.12528647822765,1.5584415584415585
EUW1_7812115938,yrwnBmmZflmk-7PCr2xfjU-qHAzvHP9ZAMMbSqIJFijc4LYSlOxhUs8qY7xEOlDfKr8D8KgFGjEUkg,CHALLENGER,0,4,8,3,0.875,Taliyah,MIDDLE,16,13017,17130,9091,13,173,1309,1775486464411,420,CLASSIC,7.929717341482047,596.6539343009931,0.7333842627960275
EUW1_7812115938,kteXLkIClnef1TeX4vHWOBsk95iK9h-TA4soXeaxToVMv9CWIbWyoZZLpZF01xlvDZrOTKUNY1v9ag,CHALLENGER,0,4,5,6,2.0,Xayah,BOTTOM,18,13715,14100,10649,13,212,1309,1775486464411,420,CLASSIC,9.717341482047365,628.6478227654699,0.825057295645531
EUW1_7812115938,TpnuFmp7IpW_4XT6B6bU8YKTExZcICTj0G0e2yLO_Tc2ABIxZIYAehEDoqScp-xkbgUBozEStsIyOA,CHALLENGER,0,2,7,7,1.2857142857142858,Neeko,UTILITY,69,11708,15314,6348,10,27,1309,1775486464411,420,CLASSIC,1.2375859434682963,536.6539343009931,3.1627196333078684
EUW1_7813033667,uFtKfHSuCX7ERXLSh4bk_h8UgK9BD8EcCje3dU5Gr0PwhhCnBzsJp9sD8vfO8fBG8pkYXOpKI1g35A,CHALLENGER,1,2,4,12,3.5,Ornn,TOP,39,20483,41874,9810,17,157,1993,1775564529034,420,CLASSIC,4.726542900150527,616.6482689412945,1.1741093828399398
EUW1_7813033667,vTGJMwEpzcImMnZqjnvVSibUBO8bI6oeU7-v8vRDASC1HsDyYcNrT2cbDqU92Hw4_Ja0W0514Vuo8w,MASTER,1,7,4,13,5.0,Riven,JUNGLE,33,23940,39292,16225,18,280,1993,1775564529034,420,CLASSIC,8.429503261414952,720.7225288509784,0.9934771700953337
EUW1_7813033667,GSYapFoCihZr8K1Ms7Av5lXcafNQkpsgzYJcQlT78QFtvA23AzaNCUA2AzOw9wcjEaqDfTlv1QTlqg,GRANDMASTER,1,12,3,10,7.333333333333333,Anivia,MIDDLE,24,41633,48474,14860,18,230,1993,1775564529034,420,CLASSIC,6.924234821876568,1253.376818866031,0.7225288509784245
EUW1_7813033667,PlYE2jLwQ_5XVK_MfKOv73VENUpEXD1zDjX2dfiU5-DRO4UQ_ufqklHWfJZzi27sg-oSjPvRUmrjEw,GRANDMASTER,1,13,8,5,2.25,Twitch,BOTTOM,18,39712,23127,17642,16,229,1993,1775564529034,420,CLASSIC,6.8941294530857995,1195.5444054189663,0.5418966382338183
EUW1_7813033667,B_Ru29LsdlD09EN4PucoRQt5ytZf8edW2QJrDexUdJoSf_mZN-CxOgfH6IhAQwJQVp7vj2io-bfWUg,CHALLENGER,1,0,5,22,4.4,Bard,UTILITY,126,17227,28132,9444,15,27,1993,1775564529034,420,CLASSIC,0.8128449573507275,518.6251881585549,3.7932764676367285
EUW1_7813033667,JEP9wHZtFqujZSkvHR0Tq4d-6Nl4Q9RIAkGTBrjDA0ZxtGUVhqquvWbLrRfx-j7dQxQ3sh-m9qGXGQ,GRANDMASTER,0,7,6,2,1.5,Garen,TOP,27,30883,39053,14244,18,266,1993,1775564529034,420,CLASSIC,8.008028098344203,929.7441043652784,0.8128449573507275
EUW1_7813033667,4NI6m23zZtzjHi3xUbkRnn3aUYcTOYSMvg8D-uev9JQlZn5ahs6vHmOnCGNHYljOFbsw4ODsXu1dRQ,CHALLENGER,0,4,12,6,0.8333333333333334,Darius,JUNGLE,39,15526,51387,11949,15,206,1993,1775564529034,420,CLASSIC,6.201705970898143,467.41595584545905,1.1741093828399398
EUW1_7813033667,H5w0f9ib4kaC9kKN7pRXMOA1ZT664K3LWJeTaosp-Tmosjh6IVtl79rlL_nCe-ptP_2p8aI9QgVADg,GRANDMASTER,0,1,9,5,0.6666666666666666,Viktor,MIDDLE,25,39409,33725,10280,16,219,1993,1775564529034,420,CLASSIC,6.593075765178123,1186.4224786753637,0.7526342197691921
EUW1_7813033667,ACmw2YS69T4EcdWBw15HL8LgRnHCZ0GWqbGNvmUkBZ3E4jkW3Ph1-IH_rR-CVPduzGKe31cLMdyaSw,GRANDMASTER,0,11,3,6,5.666666666666667,Jhin,BOTTOM,24,52417,23820,17684,16,288,1993,1775564529034,420,CLASSIC,8.670346211741093,1578.0331159056698,0.7225288509784245
EUW1_7813033667,OVDjjy2D-0d_hVcK29cjR3mKOQuPHO3Vdz8VPfmR2703uugAw0nIEoZw0cTTCG6H1fwpNUWtyc_M7A,CHALLENGER,0,1,4,17,4.5,Janna,UTILITY,104,13838,22793,10588,14,29,1993,1775564529034,420,CLASSIC,0.8730556949322629,416.5980933266432,3.1309583542398394
EUW1_7812655050,xNwwifZg3K1hofEt3zXnon3wYsyBKVhlbTzsBAubAjYL7s6Ras5U2LfqnkyvMtwuuhadLkQm98OczA,CHALLENGER,0,2,3,0,0.6666666666666666,Sion,TOP,13,10582,17521,5689,11,123,915,1775509807079,420,CLASSIC,8.065573770491802,693.9016393442623,0.8524590163934426
EUW1_7812655050,dO5u1cmO6MWFnf9t5aK6X6ACMC1BcyzfgyK57EEvra3YLT8DSqVAblvRAs2kdYT5VWw9ebvCuOZdbA,MASTER,0,3,4,1,1.0,XinZhao,JUNGLE,17,7053,17473,6010,10,106,915,1775509807079,420,CLASSIC,6.950819672131147,462.4918032786885,1.1147540983606556
EUW1_7812655050,UsUtexQMXU7xgc7Dsn8zb9CTepQrpG_Ug4GAToIRjdJXsqFHEv0yS3lHiJw9wlfA63yFTh5gJ1Vtkw,GRANDMASTER,0,0,2,3,1.5,Orianna,MIDDLE,10,5605,8207,4873,10,112,915,1775509807079,420,CLASSIC,7.344262295081967,367.5409836065574,0.6557377049180327
EUW1_7812655050,JlyhtdkxsHQPHT-uKi8iq1CuEu5aOtbzZ_CnkLKv7vrW6FKL8TWRc2-gjjPFo-QFV-ZxLPpKQLc3mw,CHALLENGER,0,0,4,1,0.25,Ashe,BOTTOM,8,6168,10074,4482,8,110,915,1775509807079,420,CLASSIC,7.213114754098361,404.4590163934426,0.5245901639344263
EUW1_7812655050,ToGLD7isk0k_5E5Ku5cFY9JYXsJ6GHpPwJZncwco8Jx9oCEww8RB-Ncn4MB-LeYmJ_TYkPci_Uk6bQ,GRANDMASTER,0,1,6,1,0.3333333333333333,Seraphine,UTILITY,27,4551,8910,3694,7,18,915,1775509807079,420,CLASSIC,1.180327868852459,298.42622950819674,1.7704918032786885
EUW1_7812655050,wF4SsrGCgKqy0yemPiAh-z-4aNcwoTnTmSN1wVHeo4_9LHuRcU11TI3jUFLO1sPqLzwXhfQLMVkO0w,CHALLENGER,1,1,2,2,1.5,Ambessa,TOP,13,14925,12467,5949,12,131,915,1775509807079,420,CLASSIC,8.59016393442623,978.688524590164,0.8524590163934426
EUW1_7812655050,4NI6m23zZtzjHi3xUbkRnn3aUYcTOYSMvg8D-uev9JQlZn5ahs6vHmOnCGNHYljOFbsw4ODsXu1dRQ,CHALLENGER,1,4,3,3,2.3333333333333335,Pantheon,JUNGLE,12,6213,14424,6856,10,112,915,1775509807079,420,CLASSIC,7.344262295081967,407.40983606557376,0.7868852459016393
EUW1_7812655050,tiE9LR7kIvSPWOOJAhsG0qyWo-GSaktIFuXsMGvP5ByBm-VjbYYXA-dqUBAlE0ujbIxXwmqBdaMCSg,GRANDMASTER,1,8,1,2,10.0,Sylas,MIDDLE,9,11747,8996,8013,11,136,915,1775509807079,420,CLASSIC,8.918032786885245,770.2950819672132,0.5901639344262295
EUW1_7812655050,Df4sYktT79Sayc38Jsx2iaOkiBkhzXRH9_pv6SWTJCVekDfwK6LZbGLnNaYgAG8NPP0fyPXDWaQ_lA,CHALLENGER,1,2,0,6,8.0,Ezreal,BOTTOM,12,11773,7629,7100,10,139,915,1775509807079,420,CLASSIC,9.114754098360656,772.0,0.7868852459016393
EUW1_7812655050,sZSXw3aaRrJftTZdlEdmEqVRscISzfIByoDMCGZMPcDFtF7UwvSgVx_OlqpTlif8mKGuRtJGRKmshg,CHALLENGER,1,4,0,9,13.0,Anivia,UTILITY,21,6989,6939,5513,7,16,915,1775509807079,420,CLASSIC,1.0491803278688525,458.2950819672131,1.3770491803278688
EUW1_7811823107,VqHhamjGtfLhgo55J1ODBS8NpENoPKHsPlHI_vBZejr6CyR4qwReukGjVaDVGPJWkLcVp3TC4EOiSQ,GRANDMASTER,0,1,3,5,2.0,Ornn,TOP,23,12327,27020,8098,15,164,1742,1775466163928,420,CLASSIC,5.648679678530424,424.58094144661305,0.7921928817451205
EUW1_7811823107,wY4pMq7R7ac7QcSftzWqyiMRSFaCfM88Kl49QUhFk0cE5uVZ-c4cy8ueo1IBzzrcrmaLlUDnwOXB-A,CHALLENGER,0,8,3,8,5.333333333333333,Sylas,JUNGLE,24,22460,37838,13309,17,229,1742,1775466163928,420,CLASSIC,7.887485648679678,773.593570608496,0.8266360505166475
EUW1_7811823107,GawfTdbqD6aewubpHVeswQMEvL13OJuT-lxzPBxHUYX5PF09PyzjMvCxWi0FwcD2uJHMyzPqcMkdxw,CHALLENGER,0,2,8,3,0.625,Yasuo,MIDDLE,22,13022,29851,11184,15,250,1742,1775466163928,420,CLASSIC,8.610792192881744,448.5189437428243,0.7577497129735935
EUW1_7811823107,pYSFmvFDERUPHvze6xR8pNBgkqhqCvXmJkRhkg00-LGPHNZil0EctRpPRFZggphVrqpk1-JAMb4kTQ,CHALLENGER,0,10,4,6,4.0,Ezreal,BOTTOM,15,46079,26052,16953,16,317,1742,1775466163928,420,CLASSIC,10.918484500574053,1587.1067738231916,0.5166475315729047
EUW1_7811823107,ydonl0UCnDpsFLUfaVnHX2m_qlZYHZxF6kvRHgXJxWCrOqZ-PPaPdn0cTDNWU8rHVmfV01-BGyrozw,CHALLENGER,0,1,4,13,3.5,Bard,UTILITY,133,15089,25015,8394,12,29,1742,1775466163928,420,CLASSIC,0.9988518943742823,519.7129735935706,4.580941446613088
EUW1_7811823107,DqUYY42bZ8UmMYOXhzLUITAZGbNF8LBwBYkR7Z4Ogp0eHxhuAaE3RCu97FPH-b6Rm5Dpo1BmGoE_oA,GRANDMASTER,1,6,2,3,4.5,Fiora,TOP,31,31245,36535,16781,18,274,1742,1775466163928,420,CLASSIC,9.437428243398392,1076.1768082663605,1.0677382319173363
EUW1_7811823107,4NI6m23zZtzjHi3xUbkRnn3aUYcTOYSMvg8D-uev9JQlZn5ahs6vHmOnCGNHYljOFbsw4ODsXu1dRQ,CHALLENGER,1,7,5,5,2.4,Pantheon,JUNGLE,35,29042,37672,13456,15,186,1742,1775466163928,420,CLASSIC,6.406429391504018,1000.2985074626865,1.2055109070034442
EUW1_7811823107,dh8HFdW0Y4_LCXa64Thtb6vgsXd1eU5EA7xwCue809xP6b_afXKSU6Q_tNpgBMHy1-ODQzBWsErmkg,GRANDMASTER,1,7,2,6,6.5,Aurora,MIDDLE,22,35584,24365,12920,16,244,1742,1775466163928,420,CLASSIC,8.404133180252582,1225.625717566016,0.7577497129735935
EUW1_7811823107,5G5zt6cb7WCEJs8qYK-Azjoi9hRfD-h-1ELheeE7MEwlpRzn28Mi_w513wJfCfvdV_xchsoh7aqZ6g,GRANDMASTER,1,2,5,8,2.0,Jinx,BOTTOM,28,15415,21013,13424,15,276,1742,1775466163928,420,CLASSIC,9.506314580941446,530.9414466130884,0.9644087256027554
EUW1_7811823107,Za8OYn7Evx7_b65G8qMxprmeqkqXm1PmC4e3ZeNRgwMdbfrrfpvz-l8DAbuiMq0kstf3CLTVPO7T6Q,CHALLENGER,1,0,8,8,1.0,Leona,UTILITY,101,7501,28345,7599,13,29,1742,1775466163928,420,CLASSIC,0.9988518943742823,258.35820895522386,3.4787600459242247
EUW1_7811444161,VhLB4G40z7Fgt7JAiAF3MhwowWHVwfx_xHbYHh-foutne7_bHs75oBqShFmil4mzx2Rs5mjbTODjcA,CHALLENGER,1,3,5,16,3.8,Rumble,TOP,22,23089,21278,10594,15,163,1414,1775422633120,420,CLASSIC,6.916548797736916,979.7312588401697,0.9335219236209336
EUW1_7811444161,LFBDUwOj9WY25XlqMJuSbHYV89tPX-6uNGibPRo6Na8gGz_i16tk8y0T-rvSqXtzvS_UrE_ggy4_OQ,CHALLENGER,1,6,2,7,6.5,DrMundo,JUNGLE,23,21187,40105,11799,16,214,1414,1775422633120,420,CLASSIC,9.080622347949081,899.024045261669,0.975954738330976
EUW1_7811444161,F_T3rQzlnw4_kjzn4Z7qdk6C4R1tlwXj83eS2Q4zgXVxkBQwxEOOnYtq6BccxTLzNLZJAZAFdhNSLA,GRANDMASTER,1,6,7,2,1.1428571428571428,Yasuo,MIDDLE,19,20231,23542,9930,14,188,1414,1775422633120,420,CLASSIC,7.9773691654879775,858.4582743988684,0.8062234794908062
EUW1_7811444161,lbKLIshD3ZSkgkFGuY6cwIS5uHSHT9QAKM8jQicrC6wqK7UtdXDtdNXjlLgafTDn7s5wp3MN1KQD9g,GRANDMASTER,1,15,5,6,4.2,Kalista,BOTTOM,17,29625,21714,15479,13,210,1414,1775422633120,420,CLASSIC,8.910891089108912,1257.072135785007,0.7213578500707214
EUW1_7811444161,fo6lIoFVcQPzoEABpmKaJRqnvCIpBx0NVCaEIVr3pZpmix8zTyT2pbMe9drcQbnrlxHmt44oduOdEQ,CHALLENGER,1,1,3,27,9.333333333333334,Lulu,UTILITY,58,10594,12784,9000,13,15,1414,1775422633120,420,CLASSIC,0.6364922206506365,449.53323903818955,2.4611032531824613
EUW1_7811444161,4hhIZyfmSGjKAddyGpjvxx6VgZ8SsR5S-fJ7rFikzSL4H6fDx39VxZhPIKYmjY3pZnjYCLOBqeVRhw,CHALLENGER,0,1,6,4,0.8333333333333334,KSante,TOP,15,14128,31547,8021,14,195,1414,1775422633120,420,CLASSIC,8.274398868458274,599.4908062234795,0.6364922206506365
EUW1_7811444161,4NI6m23zZtzjHi3xUbkRnn3aUYcTOYSMvg8D-uev9JQlZn5ahs6vHmOnCGNHYljOFbsw4ODsXu1dRQ,CHALLENGER,0,7,8,8,1.875,Aatrox,JUNGLE,20,19360,40367,9894,13,131,1414,1775422633120,420,CLASSIC,5.558698727015559,821.4992927864215,0.8486562942008486
EUW1_7811444161,yQZe5-3Keqtzgbu1K7He-RAd5vLwIgn6G1uvtqcbVJIkNnBp9YZg9y8MgJkQ9v4fS0rKRw94fcbqqA,GRANDMASTER,0,10,4,7,4.25,Syndra,MIDDLE,22,26512,14648,14199,15,209,1414,1775422633120,420,CLASSIC,8.868458274398868,1124.978783592645,0.9335219236209336
EUW1_7811444161,XBsYMq2zk0fbKgbhAuV6aSiZNzGOY-5NzrxBcPEqLuruHAu9SEQpHnoQ9HtHzQ6AEPlZXhlnjuVfjA,CHALLENGER,0,3,7,4,1.0,AurelionSol,BOTTOM,17,11320,15844,8816,12,121,1414,1775422633120,420,CLASSIC,5.134370579915134,480.3394625176803,0.7213578500707214
EUW1_7811444161,bjRVLRw4wT7fjT3gas500bJdz7yoSyLc863WOiBxULtviOP4Dgz7Vhy6jpHuh6rj6MonnvoSeBMf3A,GRANDMASTER,0,1,6,13,2.3333333333333335,Karma,UTILITY,80,10591,17922,7236,11,48,1414,1775422633120,420,CLASSIC,2.036775106082037,449.4059405940594,3.3946251768033946
EUW1_7811336817,yQZe5-3Keqtzgbu1K7He-RAd5vLwIgn6G1uvtqcbVJIkNnBp9YZg9y8MgJkQ9v4fS0rKRw94fcbqqA,GRANDMASTER,0,1,5,3,0.8,Cassiopeia,TOP,26,9414,14577,8177,14,194,1356,1775418570152,420,CLASSIC,8.584070796460177,416.54867256637164,1.1504424778761062
EUW1_7811336817,pf4riy24THIuSd7imr9SSkHY22l-DZcvAYikk1qFnmofgZpCS8HOl818_DU8DmSuXW3GkwLy8vuqVQ,GRANDMASTER,0,4,7,3,1.0,RekSai,JUNGLE,25,8825,25687,10280,13,173,1356,1775418570152,420,CLASSIC,7.654867256637168,390.4867256637168,1.1061946902654867
EUW1_7811336817,P2b9VzWzUmuZFxxVzDQg7olIQ4HW-laVwYRkwL-QMQJpJCcrzZhe82VgZazoI2Zklfb1GQzzy0cB6w,CHALLENGER,0,3,6,4,1.1666666666666667,Anivia,MIDDLE,15,13170,26893,8591,14,153,1356,1775418570152,420,CLASSIC,6.769911504424778,582.7433628318583,0.663716814159292
EUW1_7811336817,PdNvi4VBPBBT1MLtXceOBl4sCUYRbFgbuwsqLuvQkGbwZ26kcxq0QoNGrUsYnZtB__RIQLMO25oXsg,CHALLENGER,0,4,7,2,0.8571428571428571,Caitlyn,BOTTOM,26,15146,16060,9948,11,157,1356,1775418570152,420,CLASSIC,6.946902654867256,670.1769911504424,1.1504424778761062
EUW1_7811336817,c2GzEzBVGXXAwAjIbFUoDVY_XDmgCxb4PFGWaD-ZZPqsoIdVc783_SfIB0Qbiqk8oUO9RVraDWjiYw,GRANDMASTER,0,0,3,6,2.0,Karma,UTILITY,53,7288,12795,5869,11,28,1356,1775418570152,420,CLASSIC,1.238938053097345,322.4778761061947,2.3451327433628317
EUW1_7811336817,sKfDg5c00ySpFO5KKrR9LXDfW4X_9RwRkdF4qWMN0ft-8s15x3p0UQbZ2-OG-DY0RPKL_WoYHpg0Ag,MASTER,1,5,3,3,2.6666666666666665,Sion,TOP,9,11838,25539,9163,15,178,1356,1775418570152,420,CLASSIC,7.876106194690265,523.8053097345132,0.3982300884955752
EUW1_7811336817,4NI6m23zZtzjHi3xUbkRnn3aUYcTOYSMvg8D-uev9JQlZn5ahs6vHmOnCGNHYljOFbsw4ODsXu1dRQ,CHALLENGER,1,9,2,5,7.0,Pantheon,JUNGLE,24,17828,23759,11814,14,175,1356,1775418570152,420,CLASSIC,7.7433628318584065,788.8495575221239,1.0619469026548671
EUW1_7811336817,K0zZNM0T8RVdBTR1GCiJkAN_qG_iBdzLeMttE3o1yW4AOrQjKd4XWhGF0GByyGTz7ldiLVqDdqlMUg,GRANDMASTER,1,5,5,9,2.8,Annie,MIDDLE,15,22468,14255,10238,14,183,1356,1775418570152,420,CLASSIC,8.097345132743362,994.1592920353982,0.663716814159292
EUW1_7811336817,Tv6UMY_2z-9OV64EKjyCbOtFNaAec4NXDQw1UIVWOR5cNVTOTetRnT95mjoXf4t05McMlumobEiWwQ,CHALLENGER,1,6,2,4,5.0,Lucian,BOTTOM,23,17105,15480,11953,13,210,1356,1775418570152,420,CLASSIC,9.292035398230087,756.858407079646,1.0176991150442478
EUW1_7811336817,JVU79Y5tCAgrrAU0RwI-Jko8mEQEHKbN9mMKkH9445NlNtCOR06iQJMqgxUEb273VwBz5WSdirC5BQ,GRANDMASTER,1,3,0,16,19.0,Sona,UTILITY,62,10633,14406,8033,11,20,1356,1775418570152,420,CLASSIC,0.8849557522123893,470.4867256637168,2.743362831858407
EUW1_7811278534,GawfTdbqD6aewubpHVeswQMEvL13OJuT-lxzPBxHUYX5PF09PyzjMvCxWi0FwcD2uJHMyzPqcMkdxw,CHALLENGER,1,8,2,9,8.5,Gnar,TOP,22,30069,21460,13101,16,196,1314,1775416187083,420,CLASSIC,8.949771689497718,1373.013698630137,1.0045662100456623
EUW1_7811278534,RG_V2c9kUOAkIGEyAAjjsRglpGBxTBmOv05UOpIEBmIiFGolPAGWNd05aiCu1EiEhravwxQuZAwcTA,CHALLENGER,1,16,2,7,11.5,Graves,JUNGLE,28,26192,18187,15732,16,224,1314,1775416187083,420,CLASSIC,10.228310502283106,1195.9817351598174,1.2785388127853883
EUW1_7811278534,pYSFmvFDERUPHvze6xR8pNBgkqhqCvXmJkRhkg00-LGPHNZil0EctRpPRFZggphVrqpk1-JAMb4kTQ,CHALLENGER,1,10,6,5,2.5,Ahri,MIDDLE,15,24010,20609,10582,14,168,1314,1775416187083,420,CLASSIC,7.671232876712329,1096.3470319634705,0.6849315068493151
EUW1_7811278534,94jmhIETU72x9FbvWjn6X8eMvCwJIVDqFgbzePPzs7VGsClEuuhMA-AmYLxqreXdTb9BL7fmFmzOvw,GRANDMASTER,1,5,4,5,2.5,Caitlyn,BOTTOM,16,15558,16093,10996,12,187,1314,1775416187083,420,CLASSIC,8.538812785388128,710.4109589041096,0.7305936073059361
EUW1_7811278534,yUwjS2kVT9-ITq4lC8m2iHcfPVURvc10IMvzT9jopsRXWLvDEnTqVStAlY9h8IHvqGqo-eyKnnFgtQ,CHALLENGER,1,0,3,12,4.0,Bard,UTILITY,92,12477,17335,6582,11,29,1314,1775416187083,420,CLASSIC,1.3242009132420092,569.7260273972603,4.200913242009133
EUW1_7811278534,QROOVQkygYu9e6qqxLxrubnoPRewKFecqJdlIj5L3lq45YHjD2qBJnCnqwRk8nBahMDIUNXHpSJ1XQ,GRANDMASTER,0,0,10,3,0.3,Skarner,TOP,16,7649,27992,5182,12,94,1314,1775416187083,420,CLASSIC,4.292237442922374,349.26940639269407,0.7305936073059361
EUW1_7811278534,QCL3uyW-zCyTpOuXO1XasKnSXoBJkyVqQmJUj7kq0UlPk_LLlybBcO-bQM_XYIwnGmFd4EwG0Zg39g,CHALLENGER,0,1,6,4,0.8333333333333334,LeeSin,JUNGLE,29,7271,24621,7318,13,150,1314,1775416187083,420,CLASSIC,6.849315068493151,332.00913242009136,1.3242009132420092
EUW1_7811278534,4NI6m23zZtzjHi3xUbkRnn3aUYcTOYSMvg8D-uev9JQlZn5ahs6vHmOnCGNHYljOFbsw4ODsXu1dRQ,CHALLENGER,0,6,10,6,1.2,Sylas,MIDDLE,12,21987,30202,9065,13,122,1314,1775416187083,420,CLASSIC,5.570776255707763,1003.9726027397261,0.5479452054794521
EUW1_7811278534,Tv6UMY_2z-9OV64EKjyCbOtFNaAec4NXDQw1UIVWOR5cNVTOTetRnT95mjoXf4t05McMlumobEiWwQ,CHALLENGER,0,10,8,3,1.625,Ezreal,BOTTOM,17,30058,23567,13628,13,160,1314,1775416187083,420,CLASSIC,7.305936073059361,1372.5114155251142,0.7762557077625571
EUW1_7811278534,2WJqXwSNO_ocx8doT_o4GQ3yORCCIGAAqERH4AHiq0-FpuWj3LQj3eUbqUoFLEUL3g4vQZHqUTFs1w,MASTER,0,0,5,11,2.2,Zilean,UTILITY,63,4385,14191,5713,11,20,1314,1775416187083,420,CLASSIC,0.9132420091324202,200.2283105022831,2.8767123287671237
EUW1_7811056917,-788CfJeRXycWEWiCHaRkt0j7W-aT4kVWT2rhEKS7lkAHp2xYYIQde5C5ky1jH3Jl-WCppUchjGr0w,GRANDMASTER,0,1,6,1,0.3333333333333333,Malphite,TOP,9,9712,13533,6056,12,109,1191,1775406115118,420,CLASSIC,5.491183879093199,489.26952141057933,0.4534005037783375
EUW1_7811056917,vTGJMwEpzcImMnZqjnvVSibUBO8bI6oeU7-v8vRDASC1HsDyYcNrT2cbDqU92Hw4_Ja0W0514Vuo8w,MASTER,0,6,8,0,0.75,Camille,JUNGLE,20,12376,24155,8186,11,115,1191,1775406115118,420,CLASSIC,5.79345088161209,623.4760705289672,1.0075566750629723
EUW1_7811056917,YLacJVIjc5vxlfMqUIa8dZl4qqE0ZN12MS6vhAOC4MpCHPNmgWplFcaXWbmd6ODvW9vixUiWyaxo9w,GRANDMASTER,0,0,9,3,0.3333333333333333,Ahri,MIDDLE,11,12302,18369,5710,11,126,1191,1775406115118,420,CLASSIC,6.347607052896725,619.7481108312342,0.5541561712846347
EUW1_7811056917,M1gePXschByRPgBKLBwbgLeFIEnIqRrohTxmUAZmW_Sigu4BtZR3iCbj_bKRWXrJg0qG3G3JOHXVqQ,CHALLENGER,0,5,7,5,1.4285714285714286,Corki,BOTTOM,11,18165,19393,10071,11,143,1191,1775406115118,420,CLASSIC,7.204030226700251,915.1133501259445,0.5541561712846347
EUW1_7811056917,3L2R0iUHovu1iGPG0DU_IZqqkKrGRQvhb2McKqSIast4qeC9zbslHlMFufqyXs_lY_D8XDwyOXtH7g,GRANDMASTER,0,2,4,5,1.75,Nautilus,UTILITY,38,7274,13564,5697,10,23,1191,1775406115118,420,CLASSIC,1.158690176322418,366.448362720403,1.9143576826196471
EUW1_7811056917,FsOIKi94BCaXfVyeVMyrugz1jm7S0aQzpVekLsCjZsjYJzP22_HQF6GVV45sCbu7Uk8kuv638qqIYA,CHALLENGER,1,6,1,4,10.0,Volibear,TOP,14,12259,24372,8877,14,166,1191,1775406115118,420,CLASSIC,8.362720403022669,617.5818639798488,0.7052896725440806
EUW1_7811056917,60yBi7zPq9Y1ZBnXMb_qvK8I9suqmXWw5Ps4JrE09jkML9kZ8wa2mC7zrxx8tk80P_Mw43r90947cA,CHALLENGER,1,10,2,2,6.0,Naafiri,JUNGLE,27,13775,18545,11248,15,187,1191,1775406115118,420,CLASSIC,9.42065491183879,693.9546599496222,1.3602015113350125
EUW1_7811056917,AP1Dk38px5xViN141CSXPi2Aj4D9GkSfM3vIu1CibNtKJIMUt0c1DKx1VkUyYPPRCJ4NCMb3i5diCw,GRANDMASTER,1,9,4,6,3.75,Sylas,MIDDLE,17,24576,24481,10844,14,152,1191,1775406115118,420,CLASSIC,7.6574307304785885,1238.0856423173802,0.8564231738035264
EUW1_7811056917,4NI6m23zZtzjHi3xUbkRnn3aUYcTOYSMvg8D-uev9JQlZn5ahs6vHmOnCGNHYljOFbsw4ODsXu1dRQ,CHALLENGER,1,6,5,4,2.0,Caitlyn,BOTTOM,17,19694,13202,10761,12,163,1191,1775406115118,420,CLASSIC,8.211586901763223,992.1410579345087,0.8564231738035264
EUW1_7811056917,n39S9ijL3AmZ8Oue2f7tHyntTuYpHg9TptFirk49FwUL-hoNSGcWdCveP_rxXRNoDWvNT7AMP8Icvg,CHALLENGER,1,3,2,11,7.0,Senna,UTILITY,54,7986,9939,8101,11,22,1191,1775406115118,420,CLASSIC,1.1083123425692694,402.3173803526448,2.720403022670025
EUW1_7810819952,hPS-j1BBYtD0_-Uk5260vXBf4MoUWgM3tYU18MfCzZQ2qUjDdPcwlk5yZEziVQpVRwe5qz8i7MnUSw,CHALLENGER,1,17,4,3,5.0,Pantheon,TOP,30,44792,21971,17046,19,228,1864,1775393137299,420,CLASSIC,7.339055793991417,1441.8025751072962,0.9656652360515021
EUW1_7810819952,pt79COIJA2haYkNrT73QXRC3DSIum5TUxX60Lp-084OqlgOAxKTM8IY3oMkLMonSfW9PHCML1toYkw,CHALLENGER,1,10,5,12,4.4,Darius,JUNGLE,63,36773,43048,14595,17,225,1864,1775393137299,420,CLASSIC,7.242489270386266,1183.6802575107297,2.0278969957081547
EUW1_7810819952,P2b9VzWzUmuZFxxVzDQg7olIQ4HW-laVwYRkwL-QMQJpJCcrzZhe82VgZazoI2Zklfb1GQzzy0cB6w,CHALLENGER,1,6,5,11,3.4,Ryze,MIDDLE,34,28930,32835,14030,18,246,1864,1775393137299,420,CLASSIC,7.918454935622318,931.2231759656653,1.094420600858369
EUW1_7810819952,9lOzArkT982r6nRXCgn5kBAptOhmE5J9M427tykEh0TDcF4IR3VAKAyD55ZuR--DhrxWMsm_JGA5Hw,GRANDMASTER,1,8,3,11,6.333333333333333,Velkoz,BOTTOM,34,33817,15720,15072,16,217,1864,1775393137299,420,CLASSIC,6.984978540772532,1088.530042918455,1.094420600858369
EUW1_7810819952,hwdGFDuvpO8lMYJkXKnMOGh6xEFwDM65PK92P2UnK9iOUWIVTSo3tdJUawUo40xMKA3WuO0-GvEhBA,MASTER,1,0,7,19,2.7142857142857144,Leona,UTILITY,92,9000,30213,9337,14,38,1864,1775393137299,420,CLASSIC,1.2231759656652361,289.69957081545067,2.96137339055794
EUW1_7810819952,i837-rk3eTs0a_VbS5Sh27CUSMUagJa8l5-opL5b8hSi4ubBd3JT9ZTzZW93SoAUqL8DUKmgMCSicQ,GRANDMASTER,0,1,10,6,0.7,Gnar,TOP,36,15660,39293,9538,15,179,1864,1775393137299,420,CLASSIC,5.761802575107296,504.07725321888415,1.1587982832618027
EUW1_7810819952,4NI6m23zZtzjHi3xUbkRnn3aUYcTOYSMvg8D-uev9JQlZn5ahs6vHmOnCGNHYljOFbsw4ODsXu1dRQ,CHALLENGER,0,12,5,11,4.6,XinZhao,JUNGLE,60,32200,56143,15818,16,232,1864,1775393137299,420,CLASSIC,7.467811158798283,1036.480686695279,1.9313304721030042
EUW1_7810819952,lGAMsFyoNuFABpZXmmVrrKfSeOW3be-ZmV4tq4AZk77MWE1SBdqk9PhN0EWduTwWu9xJfKNy6QDSgA,CHALLENGER,0,3,9,8,1.2222222222222223,Orianna,MIDDLE,34,23434,29484,11958,15,245,1864,1775393137299,420,CLASSIC,7.886266094420601,754.31330472103,1.094420600858369
EUW1_7810819952,Tv6UMY_2z-9OV64EKjyCbOtFNaAec4NXDQw1UIVWOR5cNVTOTetRnT95mjoXf4t05McMlumobEiWwQ,CHALLENGER,0,5,11,7,1.0909090909090908,Ashe,BOTTOM,45,27401,28617,14302,15,261,1864,1775393137299,420,CLASSIC,8.40128755364807,882.0064377682404,1.4484978540772533
EUW1_7810819952,0Ko4me-PSzZ60i0IN6Q1d8dqBR7xSeYLUGyCWOJ_GTM6l72JKVJlzJyYSeu1vJszeYCP4OxNaBzOdQ,CHALLENGER,0,3,6,16,3.1666666666666665,Seraphine,UTILITY,61,11855,24393,9924,14,44,1864,1775393137299,420,CLASSIC,1.4163090128755365,381.59871244635195,1.963519313304721
EUW1_7810768347,5CcKIxPNWxLmAvrUCozKnn7A21tvfNvYtgSaX6k_1teHBfXK7DlxPYSu6mqOX8PUvNmrOnI1zob-JQ,CHALLENGER,0,8,10,5,1.3,Ornn,TOP,30,19901,48408,13520,17,190,1889,1775389819674,420,CLASSIC,6.034939121228163,632.1122286924299,0.9528851244044467
EUW1_7810768347,llfR7yqoUtGbEApEgt8ib-q1aRZ_g96ixnvqGTreLrro0fZTBm-L7jI5EHAds7YXDjO8mVOvuhLmSw,CHALLENGER,0,8,10,11,1.9,Nocturne,JUNGLE,39,32760,53011,14575,16,173,1889,1775389819674,420,CLASSIC,5.494970884065643,1040.550555849656,1.2387506617257809
EUW1_7810768347,QhP34zdJNYJmrS1LkkKmrEPHLfinqu6r_P7Y-TquCBiBAx9N5eZ-yT6LN8QuRK1V8qO2O_bAocAePw,GRANDMASTER,0,9,15,10,1.2666666666666666,Orianna,MIDDLE,25,31600,32968,13734,16,192,1889,1775389819674,420,CLASSIC,6.098464796188459,1003.7056643726839,0.7940709370037057
EUW1_7810768347,KxIZgnqlDiHm0AuMMVBWfZZBsiPjEv5uATac6Gy__2oxPx_wBRt-nxwjE12wO0HjJzPa2oOH63-BUg,CHALLENGER,0,3,9,8,1.2222222222222223,Yunara,BOTTOM,27,26003,25522,14895,15,300,1889,1775389819674,420,CLASSIC,9.528851244044468,825.9290629962943,0.857596611964002
EUW1_7810768347,ctHO5khsoUbnFSLO6VzgIMxJ1zfjG04Kb9Dl5eo1tnI1WiYqFLVhBaACEFJJpMB_rBRAQKRxxEkduA,GRANDMASTER,0,3,10,14,1.7,Lulu,UTILITY,118,7890,23108,9532,14,31,1889,1775389819674,420,CLASSIC,0.984647961884595,250.6087877183695,3.7480148226574905
EUW1_7810768347,w74I-de-ODwxEfUDFY7QuowCgR4d5sYzfUS2aCVT6BuR0KKIgw2ZAz6iR8hM0LfJH0dztNXhLQK92g,GRANDMASTER,1,10,9,8,2.0,Akali,TOP,32,29794,33418,12105,17,147,1889,1775389819674,420,CLASSIC,4.669137109581789,946.3419798835363,1.0164107993647433
EUW1_7810768347,4NI6m23zZtzjHi3xUbkRnn3aUYcTOYSMvg8D-uev9JQlZn5ahs6vHmOnCGNHYljOFbsw4ODsXu1dRQ,CHALLENGER,1,11,3,20,10.333333333333334,JarvanIV,JUNGLE,45,27702,39898,15922,17,243,1889,1775389819674,420,CLASSIC,7.718369507676019,879.8941238750662,1.4293276866066702
EUW1_7810768347,uEMPZRAmHcC-wl_-9VzP1C0mkkYIimiwve5sjrRHtu67KCiPAl9jRSfAIXtcX7rInMvhBPIdbhof1A,CHALLENGER,1,12,7,19,4.428571428571429,Karthus,MIDDLE,35,40843,23210,16278,17,250,1889,1775389819674,420,CLASSIC,7.940709370037056,1297.289571201694,1.1116993118051879
EUW1_7810768347,SqQsS8T1CFD4hf67RzeLyk_qKuyLBZU64Fphf74JTcljQKaFovyiNaZw59MncUNYsXK1uQ_fXZ5Ubg,CHALLENGER,1,13,6,14,4.5,Lucian,BOTTOM,21,40567,24830,18619,16,288,1889,1775389819674,420,CLASSIC,9.147697194282689,1288.5230280571732,0.6670195870831127
EUW1_7810768347,_VLem9VYGia2EeBEVcRHdhIhvAI2sVcw1Cnx9N8iNDdiL4dJXC0MLZqCsC_iAi3A0STETzWlaQjSoA,CHALLENGER,1,8,7,16,3.4285714285714284,Pantheon,UTILITY,109,22304,34937,11658,14,26,1889,1775389819674,420,CLASSIC,0.8258337744838539,708.438327157226,3.4621492853361566
EUW1_7813220559,BtXubqSLhvKVP_EG5hUOmh1DuMRPzlFC3L3p1qlizA79AebEa6OjWgYTKfi8A9MGzcXUqaBNCQYk1w,GRANDMASTER,0,10,7,3,1.8571428571428572,Rumble,TOP,36,40524,33028,15853,18,283,2227,1775577676561,420,CLASSIC,7.624607094746295,1091.800628648406,0.9699146834306241
EUW1_7813220559,pzg0cUWN6vyf1yY1g51QAqPdRz78JIX2cz7F15LXLEMCACX1BnOKALS-G4ghlOVGDef33rMw-auy4g,MASTER,0,5,7,7,1.7142857142857142,Graves,JUNGLE,56,22048,31095,14539,17,251,2227,1775577676561,420,CLASSIC,6.762460709474629,594.0188594521778,1.5087561742254154
EUW1_7813220559,uvkmymtyrICOn_RKLJNqA_7b4BeD9WcvtOELYXZSG7-Upb9amuGOQB6fvoKzylXSZSjT2vsw1p3WyA,MASTER,0,3,5,9,2.4,Ryze,MIDDLE,62,23901,39686,15005,18,333,2227,1775577676561,420,CLASSIC,8.971710821733273,643.9425235743153,1.6704086214638527
EUW1_7813220559,lZEii5KTC4UNSO80FiCyQ1XGjmiuXoMksIAVJgnE1TseDdhYZWLRsCfCx3QyMYYreu13NdR7qSR6-g,GRANDMASTER,0,5,4,10,3.75,Ezreal,BOTTOM,37,33839,27108,17957,16,305,2227,1775577676561,420,CLASSIC,8.217332734620566,911.692860350247,0.9968567579703637
EUW1_7813220559,CY_GP3jLPjZ1nIZfuNnHzZXj3ZgdsQC5ClUkmt31SQ0V0C9WtOlre6iYXQvdAwEOzEAYZGqJ_sL07A,GRANDMASTER,0,2,4,15,4.25,Sona,UTILITY,117,8099,22709,10873,15,33,2227,1775577676561,420,CLASSIC,0.8890884598114055,218.2038616973507,3.1522227211495286
EUW1_7813220559,wgLBgyUkeumnyQ8cciaF5GfXb9pPISguSisN2RvrUMsWyy6qislVknacELPNYYR61J-HhnreOYpeNg,MASTER,1,0,7,17,2.4285714285714284,Skarner,TOP,34,16334,44821,11280,19,196,2227,1775577676561,420,CLASSIC,5.2806466097889535,440.07184553210595,0.916030534351145
EUW1_7813220559,_jU3kcYrdmle2PNNi_e9SjE1-0fHWLFq4lp0AydftHoZ5ueOLhGceQfTHISCk9fsX9Rt9rWa_lqnjQ,CHALLENGER,1,6,3,15,7.0,Nocturne,JUNGLE,56,24418,38399,15898,18,271,2227,1775577676561,420,CLASSIC,7.30130220026942,657.8715761113606,1.5087561742254154
EUW1_7813220559,UiiRKX507kkigVGCxOchgs9QNDB4qMSvFHobfKTRc4_YLfvzqGU7hpQ1hsQDWYKxjQ1190aZIntxfw,CHALLENGER,1,14,5,9,4.6,Ahri,MIDDLE,48,41985,31956,20720,18,355,2227,1775577676561,420,CLASSIC,9.564436461607544,1131.1629995509654,1.2932195779074989
EUW1_7813220559,Ey64MpRYyeW-dWpncFTpg7lzj3juwTuQIhvn-JWJxZz0oLlC8f_eQWyErGJdmfVkeWu-KAVFO76t0w,GRANDMASTER,1,7,6,3,1.6666666666666667,Yunara,BOTTOM,39,29036,33516,20178,17,379,2227,1775577676561,420,CLASSIC,10.211046250561292,782.2900763358779,1.0507409070498428
EUW1_7813220559,uHldYPrR4gARJrhDClQPq3yPVtJ88vDJN0OVBtKfCuIUdgg7YZT1KpzaWbjsY4nygtof4vLDIMPNIw,GRANDMASTER,1,0,4,12,3.0,Yuumi,UTILITY,68,8329,7080,8763,16,18,2227,1775577676561,420,CLASSIC,0.4849573417153121,224.4005388414908,1.83206106870229
EUW1_7813171943,1gY1awx0dEqTdo3fbGSRO1jxQRZ-c7YtBYDPYBryMuecRtTOd7sWCycWiQP6joVRMfAPLfJhENLZfw,CHALLENGER,0,1,4,10,2.75,Sion,TOP,31,18433,42186,10234,16,196,1812,1775574966087,420,CLASSIC,6.490066225165563,610.364238410596,1.0264900662251655
EUW1_7813171943,_jU3kcYrdmle2PNNi_e9SjE1-0fHWLFq4lp0AydftHoZ5ueOLhGceQfTHISCk9fsX9Rt9rWa_lqnjQ,CHALLENGER,0,3,2,17,10.0,JarvanIV,JUNGLE,41,26430,30429,12518,16,202,1812,1775574966087,420,CLASSIC,6.688741721854305,875.1655629139073,1.3576158940397351
EUW1_7813171943,ckhuNkf-lo42zVaPVQeWELaoSZ1UdH_3tAtpmYN1yRH8VQt47Yu-SIg6IkT7apgN0fqyjWZdGQw06g,CHALLENGER,0,13,8,4,2.125,Akshan,MIDDLE,17,39561,23348,15528,16,209,1812,1775574966087,420,CLASSIC,6.920529801324504,1309.9668874172187,0.5629139072847682
EUW1_7813171943,1yFsWlHNu_yboNOt4ofUWNRKjJGLJ76iDZb9AqAwKYsaWUXrsx5U0ex3Q0M-RviV7oS6RvVGbAIEMg,GRANDMASTER,0,5,9,5,1.1111111111111112,Hwei,BOTTOM,10,27441,27555,13988,15,266,1812,1775574966087,420,CLASSIC,8.80794701986755,908.6423841059603,0.33112582781456956
EUW1_7813171943,yUwjS2kVT9-ITq4lC8m2iHcfPVURvc10IMvzT9jopsRXWLvDEnTqVStAlY9h8IHvqGqo-eyKnnFgtQ,CHALLENGER,0,5,8,12,2.125,Pyke,UTILITY,119,13409,22358,11139,13,30,1812,1775574966087,420,CLASSIC,0.9933774834437087,444.0066225165563,3.9403973509933774
EUW1_7813171943,60yBi7zPq9Y1ZBnXMb_qvK8I9suqmXWw5Ps4JrE09jkML9kZ8wa2mC7zrxx8tk80P_Mw43r90947cA,CHALLENGER,1,8,7,6,2.0,Yone,TOP,27,44866,36874,15830,19,282,1812,1775574966087,420,CLASSIC,9.337748344370862,1485.6291390728477,0.8940397350993378
EUW1_7813171943,LQQVMGwYrv2qeaDzvHtBwJU9yc2IMIkWqNdq_CWwUyFUMNtC3G0RB_rFC0EzMQTZU0UsD5aUjFRQkg,CHALLENGER,1,6,4,7,3.25,Nocturne,JUNGLE,20,17580,43717,14901,18,276,1812,1775574966087,420,CLASSIC,9.139072847682119,582.1192052980133,0.6622516556291391
EUW1_7813171943,0NTqAJQPw9AxM4X7EsneR0QEcMoftoZ8ZPZyo1YbPpdveF_DxQLmLEdejSM5mcERcv3apvIaSuBfqA,CHALLENGER,1,2,5,11,2.6,Ahri,MIDDLE,26,22790,28500,10598,15,189,1812,1775574966087,420,CLASSIC,6.258278145695364,754.635761589404,0.8609271523178809
EUW1_7813171943,aI9cPJXebDtWbQ_eFhp7-WEYRYW4VpYo3UCJSrZ2nnuQZz0SX7a2w0Pb4xrRkOEocLkiAfeDWDfJeQ,CHALLENGER,1,12,6,1,2.1666666666666665,Veigar,BOTTOM,35,27532,24184,17140,16,244,1812,1775574966087,420,CLASSIC,8.079470198675496,911.6556291390729,1.1589403973509933
EUW1_7813171943,0WYBDTa_4J9C-MH2oS_v1owiK10nlFgvdAiDGJvwLnMVTnRVPS009vUThyjT4VhSeGQ2kDQKllYn6A,CHALLENGER,1,3,5,13,3.2,Bard,UTILITY,103,17122,29046,10464,14,32,1812,1775574966087,420,CLASSIC,1.0596026490066226,566.9536423841059,3.410596026490066
EUW1_7813130925,7x-rE5uRqPFQh6Akc1Z8sYwClNn__KkSpCEQka5tvJ4w2PKYgPy1jmcAo3kaCMPfFOiNtoUrYjf4Dw,MASTER,0,3,12,8,0.9166666666666666,Malphite,TOP,18,25649,38550,9638,15,162,1931,1775572230164,420,CLASSIC,5.033661315380632,796.9653029518385,0.5592957017089591
EUW1_7813130925,1fyHwNe8SJfDaxepz7MTpnznPnEETSh_8jj3jFyaUx2JbALuiDcbQK9gWJmM480kd6JmBjTMCyGzGA,GRANDMASTER,0,12,10,12,2.4,Zac,JUNGLE,24,30884,59967,14829,15,174,1931,1775572230164,420,CLASSIC,5.406525116519939,959.6271361988607,0.7457276022786122
EUW1_7813130925,60yBi7zPq9Y1ZBnXMb_qvK8I9suqmXWw5Ps4JrE09jkML9kZ8wa2mC7zrxx8tk80P_Mw43r90947cA,CHALLENGER,0,6,9,5,1.2222222222222223,Yone,MIDDLE,28,20946,35021,15463,17,307,1931,1775572230164,420,CLASSIC,9.539098912480581,650.8337648886588,0.8700155359917142
EUW1_7813130925,wXFgFN4t_J4Z-F7sa7gzTlqykvB3zfRh43GFRnugtx-bhB6XMcdv6A3OFTLBlKVk35bBKHqYv0RpmA,CHALLENGER,0,10,8,11,2.625,Caitlyn,BOTTOM,23,49045,30144,19159,16,291,1931,1775572230164,420,CLASSIC,9.041947177628172,1523.9254272397723,0.7146556188503367
EUW1_7813130925,AmCKOJYZKPS4yxXtQUfHLEqHDUZkeTgxIwIWsK3yX3GVsQhu8vdtdDFoK5HJYPM9VCmk1TcSLg6fdw,CHALLENGER,0,1,6,23,4.0,Bard,UTILITY,129,14384,26481,9507,14,16,1931,1775572230164,420,CLASSIC,0.49715173485240816,446.9394096323149,4.008285862247541
EUW1_7813130925,_jU3kcYrdmle2PNNi_e9SjE1-0fHWLFq4lp0AydftHoZ5ueOLhGceQfTHISCk9fsX9Rt9rWa_lqnjQ,CHALLENGER,1,11,5,19,6.0,Aatrox,TOP,22,35466,43957,15837,18,176,1931,1775572230164,420,CLASSIC,5.468669083376489,1101.9989642672192,0.6835836354220611
EUW1_7813130925,0NTqAJQPw9AxM4X7EsneR0QEcMoftoZ8ZPZyo1YbPpdveF_DxQLmLEdejSM5mcERcv3apvIaSuBfqA,CHALLENGER,1,8,7,20,4.0,Pantheon,JUNGLE,35,34423,46782,14373,17,199,1931,1775572230164,420,CLASSIC,6.183324702226826,1069.590885551528,1.0875194199896427
EUW1_7813130925,yUwjS2kVT9-ITq4lC8m2iHcfPVURvc10IMvzT9jopsRXWLvDEnTqVStAlY9h8IHvqGqo-eyKnnFgtQ,CHALLENGER,1,17,4,16,8.25,Ahri,MIDDLE,29,53171,30145,18679,18,285,1931,1775572230164,420,CLASSIC,8.85551527705852,1652.1284308648371,0.9010875194199898
EUW1_7813130925,3VEdvoVC7FaYTX7P3fwit6dC-OTr7gwaQYnKsXYhuC7KimxGiPWf8Pno7gKiMz21-DGMFxSpMHX_eg,GRANDMASTER,1,7,9,14,2.3333333333333335,Yunara,BOTTOM,23,30338,25662,17630,17,250,1931,1775572230164,420,CLASSIC,7.767995857068877,942.6618332470224,0.7146556188503367
EUW1_7813130925,xcVTa5caCtfobVbThfkPy_qYrtkqGn8eQSyHtoPl8ns3k0-1-BFOoX1u0WBV2QcbIjstCEfVywMx-A,MASTER,1,2,7,24,3.7142857142857144,Nautilus,UTILITY,76,12072,29023,9676,14,30,1931,1775572230164,420,CLASSIC,0.9321595028482652,375.1009839461419,2.361470740548939
EUW1_7813091783,M8YKhFwYG-P_3nOg5xuyGOiAWBJXlQTzqACQRfCH8jekphzHzcHeaYEbTak-KyeIP6R6DEt0fsowKw,CHALLENGER,0,11,4,3,3.5,Tryndamere,TOP,29,40569,59976,19291,20,375,2117,1775569280022,420,CLASSIC,10.628247520075579,1149.8063297118565,0.8219178082191781
EUW1_7813091783,_jU3kcYrdmle2PNNi_e9SjE1-0fHWLFq4lp0AydftHoZ5ueOLhGceQfTHISCk9fsX9Rt9rWa_lqnjQ,CHALLENGER,0,15,4,10,6.25,Poppy,JUNGLE,42,36035,45047,15763,17,202,2117,1775569280022,420,CLASSIC,5.725082664147378,1021.303731695796,1.1903637222484649
EUW1_7813091783,OVDjjy2D-0d_hVcK29cjR3mKOQuPHO3Vdz8VPfmR2703uugAw0nIEoZw0cTTCG6H1fwpNUWtyc_M7A,CHALLENGER,0,10,7,12,3.142857142857143,Zoe,MIDDLE,25,41310,24108,15445,18,252,2117,1775569280022,420,CLASSIC,7.142182333490789,1170.8077468115257,0.7085498346717053
EUW1_7813091783,x7Tju8IxiGyll37-3YVlpNlRLZZFc9iQ8PyJPIbH6XyAI4GVzUlhEt3eToQCvSU1yOFWz2I4qseDKA,CHALLENGER,0,8,12,14,1.8333333333333333,Cassiopeia,BOTTOM,23,28635,36020,14838,16,206,2117,1775569280022,420,CLASSIC,5.8384506376948515,811.5729806329713,0.6518658478979689
EUW1_7813091783,yUwjS2kVT9-ITq4lC8m2iHcfPVURvc10IMvzT9jopsRXWLvDEnTqVStAlY9h8IHvqGqo-eyKnnFgtQ,CHALLENGER,0,4,4,22,6.5,Rell,UTILITY,135,15471,30365,11335,13,46,2117,1775569280022,420,CLASSIC,1.3037316957959377,438.4789796882381,3.8261691072272086
EUW1_7813091783,RpZQtLGH6e1kuHeneKbURLLMD4UWpO4fxDOIWdtqylHn1CsiojjIRcqSsp4nsoKk2-iN67yF7vGuPg,CHALLENGER,1,4,7,7,1.5714285714285714,Jayce,TOP,38,40943,27065,18213,20,381,2117,1775569280022,420,CLASSIC,10.798299480396789,1160.4062352385452,1.076995748700992
EUW1_7813091783,60yBi7zPq9Y1ZBnXMb_qvK8I9suqmXWw5Ps4JrE09jkML9kZ8wa2mC7zrxx8tk80P_Mw43r90947cA,CHALLENGER,1,11,11,10,1.9090909090909092,Lillia,JUNGLE,33,49683,62508,19351,18,264,2117,1775569280022,420,CLASSIC,7.482286254133208,1408.1152574397734,0.935285781766651
EUW1_7813091783,C9XBTKtWyZQjQkTrJ2PVnQIhsXo-05gmORF2_7Y2K0gzHua0HcVy-CBkBRLZ2VNgslmraVbr04O_fA,CHALLENGER,1,8,6,6,2.3333333333333335,Ahri,MIDDLE,36,26867,29778,14750,16,235,2117,1775569280022,420,CLASSIC,6.660368445914029,761.4643363249883,1.0203117619272557
EUW1_7813091783,BBuoYwMemcVEUopP0NvviJS4M1ThPtO3Gs6qqzOP63ryc5cQg-c7oYh9G4nt1RzsNzlzST3M1eiiXA,CHALLENGER,1,5,12,5,0.8333333333333334,Irelia,BOTTOM,23,23940,37816,16024,15,256,2117,1775569280022,420,CLASSIC,7.255550307038262,678.507321681625,0.6518658478979689
EUW1_7813091783,BmgLU33F1ARwRdhbRmkH8jWloG8_CS3ZQuIe-MppPmTJ0T2GFuLZOAneBskrOo19Bcys5e8xrzNwig,CHALLENGER,1,3,13,17,1.5384615384615385,Lulu,UTILITY,147,12356,36563,11841,14,33,2117,1775569280022,420,CLASSIC,0.935285781766651,350.1936702881436,4.166273027869627
EUW1_7813055609,nKp463F9b98gkZEC7Q2TMMA8jaIZ2D0nHp_G3co6yjdkzqLe64XlvpQEnRxK6l4jiXczrJw8V3UASw,CHALLENGER,0,3,5,2,1.0,Nasus,TOP,20,15336,48072,9665,15,216,1653,1775566414220,420,CLASSIC,7.840290381125227,556.6606170598911,0.7259528130671506
EUW1_7813055609,_jU3kcYrdmle2PNNi_e9SjE1-0fHWLFq4lp0AydftHoZ5ueOLhGceQfTHISCk9fsX9Rt9rWa_lqnjQ,CHALLENGER,0,7,6,8,2.5,Graves,JUNGLE,24,28653,26336,13096,15,199,1653,1775566414220,420,CLASSIC,7.223230490018149,1040.0362976406534,0.8711433756805808
EUW1_7813055609,na0jIWb-eU8-xwxAET4fLaIO5YzTLeBbfKg1dWNHq0J1AHO7Tgj8qs9Iv5nYRgzZJRtVZ_FHqzDOXw,GRANDMASTER,0,4,5,8,2.4,Galio,MIDDLE,13,21810,20012,11867,15,226,1653,1775566414220,420,CLASSIC,8.203266787658801,791.6515426497277,0.4718693284936479
EUW1_7813055609,_7ZcijsbMjIXm2QThwVRL0uMtT3FJ2bSLFE9pIKCdCYKWOI3F0p7TDMFJsxpsOEQ9MvZrFqwaP29nA,CHALLENGER,0,4,6,6,1.6666666666666667,KogMaw,BOTTOM,13,26965,19532,10128,13,179,1653,1775566414220,420,CLASSIC,6.497277676950998,978.7658802177858,0.4718693284936479
EUW1_7813055609,yUwjS2kVT9-ITq4lC8m2iHcfPVURvc10IMvzT9jopsRXWLvDEnTqVStAlY9h8IHvqGqo-eyKnnFgtQ,CHALLENGER,0,4,8,11,1.875,Bard,UTILITY,100,14126,24937,8600,11,21,1653,1775566414220,420,CLASSIC,0.7622504537205081,512.7404718693285,3.629764065335753
EUW1_7813055609,X2ktgaLP4Mt8x2L1BcbtX9_DVi9dtP5s26xlIOW3sjJx9ffqRdnDBJ3b-44TCpqF1Juth5XnOhdZog,CHALLENGER,1,4,3,10,4.666666666666667,Sion,TOP,23,27862,49311,12391,17,239,1653,1775566414220,420,CLASSIC,8.67513611615245,1011.3248638838476,0.8348457350272233
EUW1_7813055609,5CcKIxPNWxLmAvrUCozKnn7A21tvfNvYtgSaX6k_1teHBfXK7DlxPYSu6mqOX8PUvNmrOnI1zob-JQ,CHALLENGER,1,5,5,15,4.0,JarvanIV,JUNGLE,21,14940,34382,12388,16,178,1653,1775566414220,420,CLASSIC,6.460980036297641,542.2867513611615,0.7622504537205081
EUW1_7813055609,SwAdAEp-V2qDoZbVavkI7Q64yOWU1HXkg6LE3Nnp-XWXKCGVUA6o5cndQwYazLKLc-CfXTAg1VZ-VA,CHALLENGER,1,5,3,12,5.666666666666667,Velkoz,MIDDLE,18,28938,11553,12255,16,244,1653,1775566414220,420,CLASSIC,8.856624319419238,1050.3811252268601,0.6533575317604355
EUW1_7813055609,BBuoYwMemcVEUopP0NvviJS4M1ThPtO3Gs6qqzOP63ryc5cQg-c7oYh9G4nt1RzsNzlzST3M1eiiXA,CHALLENGER,1,15,6,6,3.5,Katarina,BOTTOM,18,32593,29780,17749,15,205,1653,1775566414220,420,CLASSIC,7.441016333938294,1183.049001814882,0.6533575317604355
EUW1_7813055609,BmgLU33F1ARwRdhbRmkH8jWloG8_CS3ZQuIe-MppPmTJ0T2GFuLZOAneBskrOo19Bcys5e8xrzNwig,CHALLENGER,1,1,5,25,5.2,Lulu,UTILITY,104,11709,18340,9287,14,32,1653,1775566414220,420,CLASSIC,1.161524500907441,425.00907441016335,3.774954627949183
EUW1_7813028841,MPqaQq3mfMkmfJAhmxiu7I9f-XEKWgW-1WvEK-iqKBbKeTo9O_5lvbIaXO8PPyWTZsTK_INYMEuRCg,MASTER,1,4,8,3,0.875,Varus,TOP,17,13981,19668,11011,16,201,1658,1775564276232,420,CLASSIC,7.273823884197829,505.9469240048251,0.6151990349819059
EUW1_7813028841,wY4pMq7R7ac7QcSftzWqyiMRSFaCfM88Kl49QUhFk0cE5uVZ-c4cy8ueo1IBzzrcrmaLlUDnwOXB-A,CHALLENGER,1,3,1,17,20.0,Skarner,JUNGLE,25,18768,29878,10312,15,153,1658,1775564276232,420,CLASSIC,5.536791314837154,679.1797346200242,0.9047044632086851
EUW1_7813028841,tkkVzvtIwFToqwSRRmL-i0McU_24phBJXVxe3ZJdeXhnH90A9sK4e-sWnAilD_3_FtWBkoF8sQyDtw,GRANDMASTER,1,13,4,11,6.0,AurelionSol,MIDDLE,19,28924,22080,12983,16,216,1658,1775564276232,420,CLASSIC,7.81664656212304,1046.7068757539205,0.6875753920386007
EUW1_7813028841,9Nm2IWWmPds8Iuh7fy-tcgqNfv4P5y7XBdGRBnEnIwc_P6IMWMkuwn-00FyafQG0G6ceUi8--xG41A,GRANDMASTER,1,11,7,12,3.2857142857142856,Yunara,BOTTOM,12,29965,26201,17284,15,245,1658,1775564276232,420,CLASSIC,8.866103739445114,1084.3787696019301,0.4342581423401689
EUW1_7813028841,uIF2CuhhJI_-PIwi9DM9UiXVmeY-OjYFe1a2H5ZBgANKCFHLOqgdngZxU4r8xfUdSAzWzZWHnDIl_w,CHALLENGER,1,6,2,26,16.0,Senna,UTILITY,100,22402,18861,11963,14,42,1658,1775564276232,420,CLASSIC,1.519903498190591,810.6875753920386,3.6188178528347406
EUW1_7813028841,Rd_CNVkSdjRlw9N-LxCp9t11mWUW35aatMiiqF7uJSdgPn_EFIwjRfs0AMRTdPbYtJRTcjN93ig3pw,GRANDMASTER,0,8,7,6,2.0,Samira,TOP,20,21850,24028,14008,16,211,1658,1775564276232,420,CLASSIC,7.635705669481303,790.7117008443909,0.7237635705669482
EUW1_7813028841,_jU3kcYrdmle2PNNi_e9SjE1-0fHWLFq4lp0AydftHoZ5ueOLhGceQfTHISCk9fsX9Rt9rWa_lqnjQ,CHALLENGER,0,8,4,8,4.0,Vi,JUNGLE,38,14512,21313,12592,15,172,1658,1775564276232,420,CLASSIC,6.224366706875754,525.1628468033775,1.3751507840772015
EUW1_7813028841,An4_e7CSlfZfV-CALYJsqnsw2G7GlbvgpUSJR72_Aig-agwbvHnkSphm1t0z4df5nQ3DP1NJXEjauQ,GRANDMASTER,0,1,4,7,2.0,Vladimir,MIDDLE,27,25355,38972,9877,15,209,1658,1775564276232,420,CLASSIC,7.563329312424608,917.5512665862485,0.97708082026538
EUW1_7813028841,ELXOgsmxmVFXIv_quLjtdX9x0Xuwwa5JGRNDSaEf4So2fNPgPfZnU02sBNqOux7Bx3NSHGLZqwZGxA,GRANDMASTER,0,3,7,4,1.0,Zeri,BOTTOM,23,13614,22121,12660,14,243,1658,1775564276232,420,CLASSIC,8.79372738238842,492.6658624849216,0.8323281061519904
EUW1_7813028841,KeMWVtPIpjbPpZLVpornj8BZBLxvPo93auwjbYPvZr1gIRdDLYm8JSzRmi5vUuxP2wT-uUJDHHHtBQ,GRANDMASTER,0,2,15,8,0.6666666666666666,Nunu,UTILITY,67,11385,28332,7439,11,24,1658,1775564276232,420,CLASSIC,0.8685162846803378,412.00241254523525,2.424607961399276
EUW1_7812017763,cLpHRPG2qDu9vBrUs5Mf2N7El7TLj9iGv3cLMs3j5yb94P0vF2OwYkxptstiKutlJZpzZhYKBMKJMw,CHALLENGER,1,11,3,10,7.0,Velkoz,TOP,26,40782,14324,14323,18,234,1728,1775481009807,420,CLASSIC,8.125,1416.0416666666667,0.9027777777777778
EUW1_7812017763,_jU3kcYrdmle2PNNi_e9SjE1-0fHWLFq4lp0AydftHoZ5ueOLhGceQfTHISCk9fsX9Rt9rWa_lqnjQ,CHALLENGER,1,13,1,6,19.0,Aatrox,JUNGLE,25,26052,27825,15560,17,222,1728,1775481009807,420,CLASSIC,7.708333333333333,904.5833333333333,0.8680555555555556
EUW1_7812017763,r6Q0TNtRtBDX0d27VSoZA7ZVvH2cDpospaFlQ6_y9wyb4AahIk1hXcJ8-AWg2FtqNbQ-X-gJF_MXAA,GRANDMASTER,1,4,0,10,14.0,Xerath,MIDDLE,34,15939,9821,13318,16,253,1728,1775481009807,420,CLASSIC,8.784722222222221,553.4375,1.1805555555555556
EUW1_7812017763,6wtloYUL-_w8hmztbH2FdiezaY1WeP13I3nJkXjY5-HaFyaFAYrHDnvFQnKg2lCaNmRgsXFd4MvEJw,CHALLENGER,1,3,6,10,2.1666666666666665,Ashe,BOTTOM,22,14899,18508,13747,16,250,1728,1775481009807,420,CLASSIC,8.680555555555555,517.3263888888889,0.7638888888888888
EUW1_7812017763,yUwjS2kVT9-ITq4lC8m2iHcfPVURvc10IMvzT9jopsRXWLvDEnTqVStAlY9h8IHvqGqo-eyKnnFgtQ,CHALLENGER,1,0,6,21,3.5,Bard,UTILITY,120,10773,20685,8614,13,22,1728,1775481009807,420,CLASSIC,0.7638888888888888,374.0625,4.166666666666667
EUW1_7812017763,7tQfHGV4ybirx1bZMSC1bLw4INwam_qEYYgaweFim2PgLO3a58u_Z7m9e5m5x9vyvwL43bl9djdmHQ,CHALLENGER,0,2,9,1,0.3333333333333333,Darius,TOP,23,11943,37659,10016,15,230,1728,1775481009807,420,CLASSIC,7.986111111111111,414.6875,0.798611111111111
EUW1_7812017763,wY4pMq7R7ac7QcSftzWqyiMRSFaCfM88Kl49QUhFk0cE5uVZ-c4cy8ueo1IBzzrcrmaLlUDnwOXB-A,CHALLENGER,0,1,9,4,0.5555555555555556,Sylas,JUNGLE,26,14535,33970,9493,14,176,1728,1775481009807,420,CLASSIC,6.111111111111111,504.6875,0.9027777777777778
EUW1_7812017763,ckhuNkf-lo42zVaPVQeWELaoSZ1UdH_3tAtpmYN1yRH8VQt47Yu-SIg6IkT7apgN0fqyjWZdGQw06g,CHALLENGER,0,6,6,1,1.1666666666666667,Mel,MIDDLE,22,20783,19099,13858,16,276,1728,1775481009807,420,CLASSIC,9.583333333333334,721.6319444444445,0.7638888888888888
EUW1_7812017763,SqQsS8T1CFD4hf67RzeLyk_qKuyLBZU64Fphf74JTcljQKaFovyiNaZw59MncUNYsXK1uQ_fXZ5Ubg,CHALLENGER,0,7,4,1,2.0,Varus,BOTTOM,24,15887,15559,12441,14,259,1728,1775481009807,420,CLASSIC,8.993055555555555,551.6319444444445,0.8333333333333333
EUW1_7812017763,0Ko4me-PSzZ60i0IN6Q1d8dqBR7xSeYLUGyCWOJ_GTM6l72JKVJlzJyYSeu1vJszeYCP4OxNaBzOdQ,CHALLENGER,0,0,3,6,2.0,Nautilus,UTILITY,70,4850,21232,6985,12,34,1728,1775481009807,420,CLASSIC,1.1805555555555556,168.40277777777777,2.4305555555555554
EUW1_7811976930,JpTMCvoGRkn_zmwRBLEsi19gy00xkvaB8-a0stoZUaU151mfCeSUwcbW81RlrjxYSPjGmxWIGUNqDA,CHALLENGER,1,10,4,5,3.75,Aatrox,TOP,13,22681,25165,11844,16,171,1410,1775478561828,420,CLASSIC,7.276595744680851,965.1489361702128,0.5531914893617021
EUW1_7811976930,_jU3kcYrdmle2PNNi_e9SjE1-0fHWLFq4lp0AydftHoZ5ueOLhGceQfTHISCk9fsX9Rt9rWa_lqnjQ,CHALLENGER,1,9,1,10,19.0,Vi,JUNGLE,24,13228,15952,13495,17,195,1410,1775478561828,420,CLASSIC,8.297872340425531,562.8936170212766,1.0212765957446808
EUW1_7811976930,xmgKW14bvfYH5VFAQBRUnDoStNSGC0TLjiaQdCvJ2T5fthaYN8byDQ-4zJw8S9gynC-x3MYzvnLthg,CHALLENGER,1,5,4,6,2.75,Zed,MIDDLE,21,16205,16316,11120,14,201,1410,1775478561828,420,CLASSIC,8.553191489361701,689.5744680851063,0.8936170212765957
EUW1_7811976930,y2egzZLYAzOHcLLW3FylNP3lkYedP17LElRZe4aPFWy_sX7xjbWCR051k9_FYuce1Xngq8xhCiMg4g,GRANDMASTER,1,8,6,4,2.0,Syndra,BOTTOM,20,15019,19932,11764,13,187,1410,1775478561828,420,CLASSIC,7.957446808510638,639.1063829787234,0.851063829787234
EUW1_7811976930,yUwjS2kVT9-ITq4lC8m2iHcfPVURvc10IMvzT9jopsRXWLvDEnTqVStAlY9h8IHvqGqo-eyKnnFgtQ,CHALLENGER,1,6,4,9,3.75,Elise,UTILITY,74,18561,15253,9708,12,24,1410,1775478561828,420,CLASSIC,1.0212765957446808,789.8297872340426,3.148936170212766
EUW1_7811976930,aI9cPJXebDtWbQ_eFhp7-WEYRYW4VpYo3UCJSrZ2nnuQZz0SX7a2w0Pb4xrRkOEocLkiAfeDWDfJeQ,CHALLENGER,0,1,10,4,0.5,Kayle,TOP,18,7684,22634,8375,14,169,1410,1775478561828,420,CLASSIC,7.191489361702128,326.97872340425533,0.7659574468085106
EUW1_7811976930,wY4pMq7R7ac7QcSftzWqyiMRSFaCfM88Kl49QUhFk0cE5uVZ-c4cy8ueo1IBzzrcrmaLlUDnwOXB-A,CHALLENGER,0,9,10,2,1.1,Viego,JUNGLE,18,15584,26272,11053,12,118,1410,1775478561828,420,CLASSIC,5.0212765957446805,663.1489361702128,0.7659574468085106
EUW1_7811976930,LA8z0myW_CxhxaS-Wabb61EqqSjCAex8fcq5-Lh6z6OLXW2KvnN-xIxrkuFCl7keQFjnYto36eCgrA,CHALLENGER,0,6,6,4,1.6666666666666667,Leblanc,MIDDLE,19,18762,21023,10953,14,176,1410,1775478561828,420,CLASSIC,7.48936170212766,798.3829787234042,0.8085106382978723
EUW1_7811976930,ckhuNkf-lo42zVaPVQeWELaoSZ1UdH_3tAtpmYN1yRH8VQt47Yu-SIg6IkT7apgN0fqyjWZdGQw06g,CHALLENGER,0,1,6,7,1.3333333333333333,Hwei,BOTTOM,19,16197,16228,8887,13,181,1410,1775478561828,420,CLASSIC,7.702127659574468,689.2340425531914,0.8085106382978723
EUW1_7811976930,UTw1DAuX1PYK1EFKxlEpBQMQAlPrw1wk2RsfmQ2K3zBgkzNetU5DEAUAivvb-CijRNy83raguzZXyg,CHALLENGER,0,2,6,12,2.3333333333333335,Senna,UTILITY,56,14037,14187,8124,12,38,1410,1775478561828,420,CLASSIC,1.6170212765957446,597.3191489361702,2.382978723404255
EUW1_7811944798,ZsNDyC4WwM-2MyMStAPBFXIQHbfHmDeMbzNlC3hnkcwOw_NOlARGysTe3VC9DBv3BveHGysnoZtg8A,CHALLENGER,0,1,6,4,0.8333333333333334,Anivia,TOP,25,19558,34767,10551,18,250,1831,1775476332105,420,CLASSIC,8.192244675040962,640.8956854178045,0.8192244675040962
EUW1_7811944798,ec5cPYYBJjqYOJI6ekxrxdcLgCUPxLxZi2NntmHw0ybFHXOGHgD9qpfYYd8YLoglsH30-Ugy24_W_g,MASTER,0,5,9,5,1.1111111111111112,Nocturne,JUNGLE,25,26995,50718,12847,15,190,1831,1775476332105,420,CLASSIC,6.226105953031131,884.598580010923,0.8192244675040962
EUW1_7811944798,xmgKW14bvfYH5VFAQBRUnDoStNSGC0TLjiaQdCvJ2T5fthaYN8byDQ-4zJw8S9gynC-x3MYzvnLthg,CHALLENGER,0,1,5,3,0.8,Orianna,MIDDLE,28,20683,19191,10616,16,247,1831,1775476332105,420,CLASSIC,8.09393773894047,677.7607864554889,0.9175314036045877
EUW1_7811944798,L0EjeLHYTJqctm4PGwvRW3KDUVYVLZbq3obYWA5pMzqDJ6VnUYYxDqRn5BHg1xh8RF9fMNgT9L1uDg,MASTER,0,5,8,3,1.0,Lux,BOTTOM,27,21190,19007,12458,15,235,1831,1775476332105,420,CLASSIC,7.700709994538504,694.3746586564719,0.8847624249044238
EUW1_7811944798,ixgNb5EI8PBgwYrijRjOlkV3aTcZcznLjDcjsglMuqou47ECPkqaoGHE1sUIc947ATiS76YPf_islQ,MASTER,0,4,12,6,0.8333333333333334,Nautilus,UTILITY,102,9227,33335,9308,12,19,1831,1775476332105,420,CLASSIC,0.622610595303113,302.3593664664118,3.342435827416712
EUW1_7811944798,4UZIBb0bvbtbx6ETaGQezrZWY7sOcsicJcnN8mQsFjmsqgKINDZsnBCGyN28HzWrNmYusUX_-ijsCg,CHALLENGER,1,11,4,6,4.25,Aurora,TOP,34,31906,24443,13623,18,225,1831,1775476332105,420,CLASSIC,7.373020207536865,1045.5270344074277,1.1141452758055708
EUW1_7811944798,_jU3kcYrdmle2PNNi_e9SjE1-0fHWLFq4lp0AydftHoZ5ueOLhGceQfTHISCk9fsX9Rt9rWa_lqnjQ,CHALLENGER,1,11,1,16,27.0,Pantheon,JUNGLE,38,33704,34974,16348,18,218,1831,1775476332105,420,CLASSIC,7.143637356635718,1104.4456581103223,1.245221190606226
EUW1_7811944798,ImUsZmMIBUdGDOvwxYcAFXSP0Ap0l5gAOlEFe2_FinJ6-DrtJ9tsb1dLvc3j78y2J0M8coBIuzYpLg,CHALLENGER,1,1,4,7,2.0,Ahri,MIDDLE,23,16877,29853,11477,16,271,1831,1775476332105,420,CLASSIC,8.880393227744403,553.0420535226652,0.7536865101037684
EUW1_7811944798,RpZQtLGH6e1kuHeneKbURLLMD4UWpO4fxDOIWdtqylHn1CsiojjIRcqSsp4nsoKk2-iN67yF7vGuPg,CHALLENGER,1,13,5,10,4.6,Ezreal,BOTTOM,19,40683,24740,19297,18,318,1831,1775476332105,420,CLASSIC,10.420535226652103,1333.1403604587658,0.622610595303113
EUW1_7811944798,yUwjS2kVT9-ITq4lC8m2iHcfPVURvc10IMvzT9jopsRXWLvDEnTqVStAlY9h8IHvqGqo-eyKnnFgtQ,CHALLENGER,1,4,2,23,13.5,Rell,UTILITY,127,10605,20031,10657,13,27,1831,1775476332105,420,CLASSIC,0.8847624249044238,347.5150191152376,4.161660294920808
EUW1_7811537012,4hhIZyfmSGjKAddyGpjvxx6VgZ8SsR5S-fJ7rFikzSL4H6fDx39VxZhPIKYmjY3pZnjYCLOBqeVRhw,CHALLENGER,0,9,5,10,3.8,Rumble,TOP,46,50265,29284,16293,19,288,2024,1775426303904,420,CLASSIC,8.537549407114625,1490.0691699604743,1.3636363636363635
EUW1_7811537012,60yBi7zPq9Y1ZBnXMb_qvK8I9suqmXWw5Ps4JrE09jkML9kZ8wa2mC7zrxx8tk80P_Mw43r90947cA,CHALLENGER,0,5,8,9,1.75,Graves,JUNGLE,32,23268,33644,15497,18,284,2024,1775426303904,420,CLASSIC,8.41897233201581,689.7628458498024,0.9486166007905138
EUW1_7811537012,FNK9bEnb9Ppm0hFBYgi-wHsfFaDLZKTKLteydpExLXHKz6BRD154o6nNSZble4mKC38PkzK7g5c00g,CHALLENGER,0,3,6,14,2.8333333333333335,TwistedFate,MIDDLE,52,24815,35479,14257,17,240,2024,1775426303904,420,CLASSIC,7.1146245059288535,735.6225296442688,1.541501976284585
EUW1_7811537012,w1863bPOtH3W-ViRdlt1oCXyhkuSeM4GZQmSvpTkoHUgZ0lRwdAAkWRhSinWepQNp0phW4_LCp8mZw,MASTER,0,5,11,5,0.9090909090909091,Jinx,BOTTOM,28,25319,28203,15501,15,261,2024,1775426303904,420,CLASSIC,7.737154150197628,750.5632411067194,0.8300395256916996
EUW1_7811537012,kLhwx_XiLLRxYJXNPzxB1On27zVBVM1VVJvpS0Oz_H9yqJGm7MlPLBzUw2yM5Z052Tm-Oz5fyDk8uA,MASTER,0,1,13,9,0.7692307692307693,LeeSin,UTILITY,95,5641,34438,8336,12,32,2024,1775426303904,420,CLASSIC,0.9486166007905138,167.22332015810275,2.816205533596838
EUW1_7811537012,2K-97lnqlUoN8fkWjnBalRBpIktNqjG_9XVohYdVOGsVGcbiMxEnl6i_yUdOkEkR61XpL6lGBCL-bA,GRANDMASTER,1,2,7,10,1.7142857142857142,Malphite,TOP,32,16310,31811,10355,17,166,2024,1775426303904,420,CLASSIC,4.92094861660079,483.498023715415,0.9486166007905138
EUW1_7811537012,_jU3kcYrdmle2PNNi_e9SjE1-0fHWLFq4lp0AydftHoZ5ueOLhGceQfTHISCk9fsX9Rt9rWa_lqnjQ,CHALLENGER,1,5,4,13,4.5,Aatrox,JUNGLE,43,27687,52200,14960,18,220,2024,1775426303904,420,CLASSIC,6.521739130434782,820.7608695652174,1.274703557312253
EUW1_7811537012,2SsKRfcaiuLK0jb8VlFYlQyWJMIaUZqLxZV5ccczDfPrCjtnQgbR5cVNxtJUXGw5rqnM663h10c_TQ,GRANDMASTER,1,8,3,17,8.333333333333334,Karma,MIDDLE,49,22926,25003,13614,18,221,2024,1775426303904,420,CLASSIC,6.551383399209486,679.6245059288538,1.4525691699604744
EUW1_7811537012,Df4sYktT79Sayc38Jsx2iaOkiBkhzXRH9_pv6SWTJCVekDfwK6LZbGLnNaYgAG8NPP0fyPXDWaQ_lA,CHALLENGER,1,23,6,7,5.0,Mel,BOTTOM,21,42842,24757,21837,17,287,2024,1775426303904,420,CLASSIC,8.50790513833992,1270.0197628458498,0.6225296442687747
EUW1_7811537012,n39S9ijL3AmZ8Oue2f7tHyntTuYpHg9TptFirk49FwUL-hoNSGcWdCveP_rxXRNoDWvNT7AMP8Icvg,CHALLENGER,1,5,3,30,11.666666666666666,Senna,UTILITY,140,31970,26236,14100,16,51,2024,1775426303904,420,CLASSIC,1.5118577075098814,947.7272727272727,4.150197628458498
EUW1_7813554459,6YzVabvtVbK07DvJ4ePZIOiHG_8x56UTvlIVSnFxTLfU7dJgj5KDLirR8tobYDim5QuI6njXzKXN6g,GRANDMASTER,1,5,7,4,1.2857142857142858,Zaahen,TOP,30,11679,32614,11580,17,217,1724,1775592913838,420,CLASSIC,7.552204176334106,406.461716937355,1.0440835266821344
EUW1_7813554459,NjoR_yo6sr4DbqWN62p9WQDPXdP2tqgxmITa-A5hqykURmdV8WQe413t66fXf-8PWcOqFR4vhwqLqg,CHALLENGER,1,11,5,17,5.6,XinZhao,JUNGLE,24,31878,48425,15548,16,193,1724,1775592913838,420,CLASSIC,6.716937354988399,1109.4431554524363,0.8352668213457076
EUW1_7813554459,91acctIZq0voqugravHHkItUnvrRK62p6jx_HDuHq9dJ5zh236o0E-WxNx5rlI3hzCSMxUrVvmLE6w,GRANDMASTER,1,7,4,10,4.25,Syndra,MIDDLE,12,20461,15883,13686,16,227,1724,1775592913838,420,CLASSIC,7.900232018561485,712.0997679814385,0.4176334106728538
EUW1_7813554459,XBsYMq2zk0fbKgbhAuV6aSiZNzGOY-5NzrxBcPEqLuruHAu9SEQpHnoQ9HtHzQ6AEPlZXhlnjuVfjA,CHALLENGER,1,11,4,12,5.75,AurelionSol,BOTTOM,23,26770,17203,14944,15,207,1724,1775592913838,420,CLASSIC,7.204176334106728,931.6705336426913,0.8004640371229698
EUW1_7813554459,ydonl0UCnDpsFLUfaVnHX2m_qlZYHZxF6kvRHgXJxWCrOqZ-PPaPdn0cTDNWU8rHVmfV01-BGyrozw,CHALLENGER,1,1,7,20,3.0,Nautilus,UTILITY,115,7375,27125,9154,13,28,1724,1775592913838,420,CLASSIC,0.974477958236659,256.6705336426914,4.002320185614849
EUW1_7813554459,-wOrJ0epX6d0-CLuXUqrsJfEhwW6GUjdQ-hJ1QIXnX8rr8hNeGuyRksBk3vMpwJzvG9W3kZFpG7c4w,CHALLENGER,0,8,6,7,2.5,Jayce,TOP,34,39314,25632,13220,17,239,1724,1775592913838,420,CLASSIC,8.317865429234338,1368.2366589327146,1.1832946635730859
EUW1_7813554459,JxQkP8oqj1dgkI9nm6yLF46nspzVjCQQuXVPILIr9W3F28qHHp1OvPrtOtTCziVLU07a0Mr-DBe1sA,CHALLENGER,0,8,8,4,1.5,Graves,JUNGLE,17,21355,24222,13612,16,236,1724,1775592913838,420,CLASSIC,8.213457076566126,743.2134570765661,0.5916473317865429
EUW1_7813554459,7q45mf95hqeN2lGg4j03p4O4vNO9hXZ_tQUR432ZRmVc_FzAaY0MZ8EqVGcAD2WXpARHeCo3VMhNNQ,CHALLENGER,0,4,8,11,1.875,Sylas,MIDDLE,29,27897,34864,10037,15,183,1724,1775592913838,420,CLASSIC,6.368909512761021,970.893271461717,1.0092807424593968
EUW1_7813554459,Rd_CNVkSdjRlw9N-LxCp9t11mWUW35aatMiiqF7uJSdgPn_EFIwjRfs0AMRTdPbYtJRTcjN93ig3pw,GRANDMASTER,0,7,7,4,1.5714285714285714,Draven,BOTTOM,28,22127,23911,14381,14,241,1724,1775592913838,420,CLASSIC,8.387470997679815,770.0812064965197,0.974477958236659
EUW1_7813554459,ivva7q-LdXWlZ17qiYie0seiRDawjYnBvs3HjxLUmkD5efDA3pACFeTSpWyjr9bYMnGl1-BuDwC9Lw,GRANDMASTER,0,0,6,11,1.8333333333333333,Janna,UTILITY,87,6672,15465,8019,11,26,1724,1775592913838,420,CLASSIC,0.9048723897911832,232.20417633410673,3.02784222737819
EUW1_7812765082,qbu7uKaWzveduAClgJ6FM9-UrG-4pW4Vipn_lj9tMXzEoLZmBO7FJZtCES4yht2tDkEpAvFJ1JDZfA,MASTER,0,3,6,2,0.8333333333333334,Renekton,TOP,17,15919,30427,8307,14,153,1252,1775516052664,420,CLASSIC,7.332268370607029,762.8913738019169,0.8146964856230032
EUW1_7812765082,mKBLO9UG4bRAU_qi2Jnuk2NCbbf9HQ1hvfxuftC12z0fzfhMymJMyAm9WBru2Z66UJ2V_SQB0zeAxg,MASTER,0,4,6,2,1.0,Diana,JUNGLE,15,7390,19181,7762,11,119,1252,1775516052664,420,CLASSIC,5.702875399361022,354.1533546325879,0.7188498402555911
EUW1_7812765082,rgJtN-_1ZYU5b-KYbuK9SNHkpIElV9RB45W7e7ypKbghVR4nKzwGARvRzlLPz02KHtFi_j-8dQpDxQ,GRANDMASTER,0,5,0,2,7.0,Akshan,MIDDLE,18,11485,8930,9676,13,156,1252,1775516052664,420,CLASSIC,7.476038338658147,550.3993610223642,0.8626198083067093
EUW1_7812765082,KkgvuOdqkpOFVWMJZG3zN41VYd3HhdiMrfewZT4OUe6KhnjU32ip68p8xg-javC3ba089TZ5DPsvYQ,MASTER,0,2,13,2,0.3076923076923077,Katarina,BOTTOM,9,11293,22267,7521,10,124,1252,1775516052664,420,CLASSIC,5.942492012779552,541.1980830670926,0.43130990415335463
EUW1_7812765082,HCnzDGM7ZLvjXEdEz8GXeXNr-770uma-DiONAE0mNRA07RQ-wxRjgrsJP-v2eoeBJq5YabW2Re6bmw,,0,0,12,4,0.3333333333333333,Taric,UTILITY,44,3168,26265,5128,9,39,1252,1775516052664,420,CLASSIC,1.8690095846645367,151.82108626198084,2.108626198083067
EUW1_7812765082,cNGXCxPVYt1QRcP4dRYdlTf5p--ju4ds7m3xIu_TlLwJfBOJqLAt925wwqKEGH12-ws0JXLuLlOWGg,MASTER,1,1,5,7,1.6,Fiora,TOP,18,15196,22068,6642,13,133,1252,1775516052664,420,CLASSIC,6.373801916932907,728.2428115015974,0.8626198083067093
EUW1_7812765082,TKZ-C-lJkiLV2punDPizYG0ubWiHnV7GlvuHTsQ3e5xlTbRrdBiBh4qQADRuYAVM006XO4WZZOayTg,MASTER,1,7,2,12,9.5,JarvanIV,JUNGLE,19,10044,17920,9560,13,147,1252,1775516052664,420,CLASSIC,7.044728434504792,481.34185303514374,0.9105431309904153
EUW1_7812765082,yZx6kwnzj0eyTbKj3JtEJNN5_rqKx_JT4NDEL3lmQWcYj4a0mAC_D77h4c3_vh1ifYAFV4lXblzYFg,MASTER,1,2,2,3,2.5,Zoe,MIDDLE,20,11837,8260,8815,14,205,1252,1775516052664,420,CLASSIC,9.824281150159743,567.2683706070287,0.9584664536741214
EUW1_7812765082,Tv6UMY_2z-9OV64EKjyCbOtFNaAec4NXDQw1UIVWOR5cNVTOTetRnT95mjoXf4t05McMlumobEiWwQ,CHALLENGER,1,22,2,11,16.5,Ashe,BOTTOM,23,41938,12700,15482,13,215,1252,1775516052664,420,CLASSIC,10.303514376996805,2009.808306709265,1.1022364217252396
EUW1_7812765082,ydonl0UCnDpsFLUfaVnHX2m_qlZYHZxF6kvRHgXJxWCrOqZ-PPaPdn0cTDNWU8rHVmfV01-BGyrozw,CHALLENGER,1,5,3,26,10.333333333333334,Seraphine,UTILITY,65,14912,11649,9123,12,29,1252,1775516052664,420,CLASSIC,1.389776357827476,714.6325878594249,3.1150159744408943
EUW1_7812716587,ukF0Zp83EGh41UTf4Swa3zILmqXUTY_1-0V0qzq93se0E1jXfzAPfaKdR78uVCs1DGxAt0MKi0WzPQ,GRANDMASTER,0,1,6,1,0.3333333333333333,Chogath,TOP,32,24881,46517,9669,16,208,1787,1775512726103,420,CLASSIC,6.983771684387241,835.400111919418,1.0744264129826524
EUW1_7812716587,R1W96-Qrl2Vfe9f-_qa74PoRrEhcnUZULfYXx42EeJ2QPO-o5NrjHLtn1zMCw1nlzswhiHNF74wOCw,GRANDMASTER,0,3,9,7,1.1111111111111112,Zyra,JUNGLE,28,27576,27039,11219,15,169,1787,1775512726103,420,CLASSIC,5.6743144935646335,925.8869613878007,0.9401231113598209
EUW1_7812716587,UwHcKv8yPl4rXxxONdTMwN6eQ8xa8KuRI5aI0xPG_N09TFAw-KzOxqoZNXmCUbqEkObIqoIgOtXEsQ,CHALLENGER,0,3,5,4,1.4,Sion,MIDDLE,19,21821,47038,11083,16,235,1787,1775512726103,420,CLASSIC,7.890318970341354,732.6580861779519,0.6379406827084498
EUW1_7812716587,-Is_GGsHlnAPXspir1gF4-JeIXmbfdMJgWjB3zeSJkTngR_DEm2nZAbIpx-sZZxkJyY9NNmkBzR8Zg,MASTER,0,12,10,6,1.8,Kalista,BOTTOM,18,41904,37867,16137,14,227,1787,1775512726103,420,CLASSIC,7.62171236709569,1406.9613878007833,0.604364857302742
EUW1_7812716587,qYnMOpujzgQTY-IF-uovTbuQdW762sv0zLNxKXnDJLMaLWx14QLrNLpGdY6Or3GcJSK4QJco4Y0e8A,GRANDMASTER,0,3,8,15,2.25,Taric,UTILITY,80,9471,33122,10089,13,29,1787,1775512726103,420,CLASSIC,0.9736989367655288,317.9966424174594,2.686066032456631
EUW1_7812716587,J9PjVfvsvtEHBoavfCKftUsT9guLVr_4Vp8FPHS0kXttdVJoZbDRHjljbXIkqqMZ5rIXc5NfUt-9lg,GRANDMASTER,1,10,3,13,7.666666666666667,RekSai,TOP,21,42930,57044,15018,18,208,1787,1775512726103,420,CLASSIC,6.983771684387241,1441.4101846670396,0.7050923335198657
EUW1_7812716587,Wt3gVpSCS6snj07ojo4XL1PO6oUGP6hB9FwIqNAD9tcZjEKf6sFVRsXyb6u9D3cfwIS5pcSajHuuTg,CHALLENGER,1,14,2,4,9.0,Graves,JUNGLE,32,31606,25931,17957,18,309,1787,1775512726103,420,CLASSIC,10.374930050363737,1061.1975377728036,1.0744264129826524
EUW1_7812716587,khPc-IdTmt778ZDsArsOOmPmhkQg22lmgbmSw4EhNVXkZagrxUB0hVavZdepfbw9DbVpvv8TRR0b-A,CHALLENGER,1,4,4,9,3.25,Syndra,MIDDLE,24,29204,19949,13365,17,274,1787,1775512726103,420,CLASSIC,9.199776161163962,980.5484051482932,0.8058198097369893
EUW1_7812716587,2UVnIo7M52raKkKN1vr05IY2CNzWZcmbVqcr5wTgXO_H2NN44bvlGBpNh9PgLV3LLVdwgvAhReMD5g,GRANDMASTER,1,6,7,13,2.7142857142857144,Ezreal,BOTTOM,15,44906,26309,15680,16,263,1787,1775512726103,420,CLASSIC,8.830442081701175,1507.7560156687184,0.5036373810856183
EUW1_7812716587,ydonl0UCnDpsFLUfaVnHX2m_qlZYHZxF6kvRHgXJxWCrOqZ-PPaPdn0cTDNWU8rHVmfV01-BGyrozw,CHALLENGER,1,4,6,18,3.6666666666666665,Bard,UTILITY,125,21427,29139,10317,14,34,1787,1775512726103,420,CLASSIC,1.1415780637940682,719.4292109681029,4.196978175713486
EUW1_7812674398,7ufUFr9qraHyqSw2C_Ti-bjo5N7DJjd2xImgK-Jvai4Zeeit7JjFgaB3xW9JSRkynUsVtKBNAM7Emg,CHALLENGER,1,3,0,1,4.0,Jayce,TOP,14,8273,7906,6968,13,143,919,1775510792801,420,CLASSIC,9.336235038084874,540.1305767138193,0.9140369967355821
EUW1_7812674398,qzxwzaAtOqaE7vmqUblIy2JQ-iqsFPlqOksGLE2c72vxPo5pFpCbpoZmTwwm1AIJeiy_rqrGXgNYvw,GRANDMASTER,1,7,1,2,9.0,Pantheon,JUNGLE,11,6009,7064,7718,11,122,919,1775510792801,420,CLASSIC,7.9651795429815015,392.3177366702938,0.7181719260065288
EUW1_7812674398,kCMp8mWNx9L3leqmKepXGXKfCjcwvEFvXqdiVnhTQ6hhIHRttd0Xj1V7e9ikPFERIXpIzHX2sdHwMw,CHALLENGER,1,0,3,3,1.0,Ryze,MIDDLE,7,7345,10127,5916,11,147,919,1775510792801,420,CLASSIC,9.597388465723613,479.5429815016322,0.45701849836779107
EUW1_7812674398,NGKRkcDGC__MQ5Vgp_XTn0ntRgUVrpXUc_PNAqeuhSAxWeECNBEJg-oRUKtNFPwP2Z2ob6x0zRIIaA,CHALLENGER,1,3,3,2,1.6666666666666667,Kaisa,BOTTOM,18,11366,7425,6780,9,142,919,1775510792801,420,CLASSIC,9.270946681175191,742.0674646354734,1.1751904243743199
EUW1_7812674398,ydonl0UCnDpsFLUfaVnHX2m_qlZYHZxF6kvRHgXJxWCrOqZ-PPaPdn0cTDNWU8rHVmfV01-BGyrozw,CHALLENGER,1,1,3,5,2.0,Rell,UTILITY,41,2949,7662,4487,8,19,919,1775510792801,420,CLASSIC,1.2404787812840044,192.5353645266594,2.676822633297062
EUW1_7812674398,RU9HTMW4xU8Ena2lUuCj15P0lIP-vmep65jvE3z25P_57jPthhc-mAnDUS8DwnGYHvP6cKE_NKiJWA,GRANDMASTER,0,0,5,0,0.0,Elise,TOP,13,5529,9906,4515,10,113,919,1775510792801,420,CLASSIC,7.377584330794342,360.97932535364527,0.8487486398258978
EUW1_7812674398,k8U-jWyXQcfhdN_VJJOdctkpRfUgQDjqsCW_FY9GKjYUGTVmLjvW-D6yoB-iWtEfMHSwL7-J8-ChPw,CHALLENGER,0,2,0,0,2.0,MonkeyKing,JUNGLE,16,2725,9127,5829,10,116,919,1775510792801,420,CLASSIC,7.573449401523395,177.9107725788901,1.0446137105549511
EUW1_7812674398,9zmW-LJV9makX10YqV940taPEveaLopM7GPSvcepx8tuv_OCS1W4Gzv6x3O8Z3G25hrEG-kPzEg5Qg,CHALLENGER,0,2,3,1,1.0,Akali,MIDDLE,3,7322,9361,5524,11,122,919,1775510792801,420,CLASSIC,7.9651795429815015,478.04134929270947,0.19586507072905332
EUW1_7812674398,pMp2TVHEbJd2zX1yWpP22JgEW1q7Ro-0JawH01A305S2brGqnLXJ5zfmc57JK8I8bWDFS5TuPzDzJw,CHALLENGER,0,2,3,4,2.0,Sylas,BOTTOM,11,4918,9883,6493,9,109,919,1775510792801,420,CLASSIC,7.116430903155604,321.0881392818281,0.7181719260065288
EUW1_7812674398,kHNAFNCaMJo2-d5KdUi60a0hN-qrxYYLXOoKBOC1wa-0ct29KFGyN7rksuiD3sqYZatYZTeCtFSAjg,CHALLENGER,0,4,3,2,2.0,Olaf,UTILITY,30,7161,9411,5124,8,28,919,1775510792801,420,CLASSIC,1.8280739934711643,467.52992383025025,1.9586507072905333
EUW1_7812592375,v3Jr1A9OlabL8ItN4UK76CDjdlKpAENTdGPZhAcEKgmbMz4hWG-mKFx9yc0znarpHxV3SDymo_hLvg,CHALLENGER,0,3,14,3,0.42857142857142855,Riven,TOP,30,21280,39516,12466,17,250,1913,1775507369370,420,CLASSIC,7.841087297438579,667.4333507579718,0.9409304756926294
EUW1_7812592375,UwHcKv8yPl4rXxxONdTMwN6eQ8xa8KuRI5aI0xPG_N09TFAw-KzOxqoZNXmCUbqEkObIqoIgOtXEsQ,CHALLENGER,0,5,8,7,1.5,Vi,JUNGLE,46,20458,39538,13069,16,210,1913,1775507369370,420,CLASSIC,6.5865133298484055,641.6518557239938,1.4427600627286985
EUW1_7812592375,hgrLMJ0S8iNAWNMEaelxjZWbXxR2Qm2ph-TeR4gZNu4dqZ-VKTNPmab2-n7MjhJTyWjDlh1hwB7jjQ,CHALLENGER,0,6,10,6,1.2,Quinn,MIDDLE,14,21104,26706,11637,15,204,1913,1775507369370,420,CLASSIC,6.39832723470988,661.913225300575,0.4391008886565604
EUW1_7812592375,oTQBdxocG1a1qJQLrbnn6rdDtzeo6bOLyi2I11sjR95FT-M1iKkUNe_2btbT81sj-0r-Z2pfD1YPpw,CHALLENGER,0,8,6,6,2.3333333333333335,Ezreal,BOTTOM,24,28571,21115,15686,15,255,1913,1775507369370,420,CLASSIC,7.99790904338735,896.1108207004705,0.7527443805541035
EUW1_7812592375,sZSXw3aaRrJftTZdlEdmEqVRscISzfIByoDMCGZMPcDFtF7UwvSgVx_OlqpTlif8mKGuRtJGRKmshg,CHALLENGER,0,5,5,13,3.6,Anivia,UTILITY,107,29811,33703,12500,14,55,1913,1775507369370,420,CLASSIC,1.7250392054364871,935.0026136957658,3.3559853633037116
EUW1_7812592375,ydonl0UCnDpsFLUfaVnHX2m_qlZYHZxF6kvRHgXJxWCrOqZ-PPaPdn0cTDNWU8rHVmfV01-BGyrozw,CHALLENGER,1,6,4,16,5.5,Sion,TOP,29,25641,45352,15429,19,247,1913,1775507369370,420,CLASSIC,7.746994249869315,804.2132775744903,0.909566126502875
EUW1_7812592375,0_KKLpm8IYOKXEwHaU6gIEWyWbHSAdf5w8SLaZG2f5GzpiR5bdNY_1xs1xwy8fsqHqESIS0W1kujvg,CHALLENGER,1,12,8,6,2.25,Rengar,JUNGLE,46,28384,38886,16050,17,242,1913,1775507369370,420,CLASSIC,7.590172503920543,890.2456874019864,1.4427600627286985
EUW1_7812592375,vzC0-V3SjwcTe7sr4dN3y7H1yAR6nXtGRHRTDIVWO6vY4xQwbAj60033_5Ehn7d2iQUyXoGQ74LT_g,CHALLENGER,1,7,3,16,7.666666666666667,Lissandra,MIDDLE,22,20342,27055,12734,17,196,1913,1775507369370,420,CLASSIC,6.147412441191845,638.0135912179823,0.6900156821745949
EUW1_7812592375,xNwwifZg3K1hofEt3zXnon3wYsyBKVhlbTzsBAubAjYL7s6Ras5U2LfqnkyvMtwuuhadLkQm98OczA,CHALLENGER,1,15,7,8,3.2857142857142856,Kaisa,BOTTOM,18,48406,24767,22128,18,334,1913,1775507369370,420,CLASSIC,10.47569262937794,1518.2226868792472,0.5645582854155776
EUW1_7812592375,ToGLD7isk0k_5E5Ku5cFY9JYXsJ6GHpPwJZncwco8Jx9oCEww8RB-Ncn4MB-LeYmJ_TYkPci_Uk6bQ,GRANDMASTER,1,3,6,18,3.5,Neeko,UTILITY,112,15855,22416,9190,14,25,1913,1775507369370,420,CLASSIC,0.7841087297438578,497.28175640355465,3.512807109252483
EUW1_7812542332,lU13U8fSvSyFbX_IZnMzjbAa9sDB0QECItNQqRk6TrMM6PL72lYOH54zmJ1RUkYMam0gQ9vx4v4A2g,GRANDMASTER,0,1,7,14,2.142857142857143,Ornn,TOP,18,14379,39641,8334,15,155,1645,1775505423796,420,CLASSIC,5.653495440729483,524.4620060790273,0.6565349544072948
EUW1_7812542332,UwHcKv8yPl4rXxxONdTMwN6eQ8xa8KuRI5aI0xPG_N09TFAw-KzOxqoZNXmCUbqEkObIqoIgOtXEsQ,CHALLENGER,0,6,8,10,2.0,DrMundo,JUNGLE,20,34909,55176,10827,14,145,1645,1775505423796,420,CLASSIC,5.288753799392097,1273.276595744681,0.729483282674772
EUW1_7812542332,hgrLMJ0S8iNAWNMEaelxjZWbXxR2Qm2ph-TeR4gZNu4dqZ-VKTNPmab2-n7MjhJTyWjDlh1hwB7jjQ,CHALLENGER,0,14,9,9,2.5555555555555554,Quinn,MIDDLE,15,39321,28511,12901,15,136,1645,1775505423796,420,CLASSIC,4.96048632218845,1434.2006079027356,0.547112462006079
EUW1_7812542332,v3Jr1A9OlabL8ItN4UK76CDjdlKpAENTdGPZhAcEKgmbMz4hWG-mKFx9yc0znarpHxV3SDymo_hLvg,CHALLENGER,0,13,7,10,3.2857142857142856,Smolder,BOTTOM,16,38946,27422,15070,15,232,1645,1775505423796,420,CLASSIC,8.462006079027356,1420.5227963525836,0.5835866261398176
EUW1_7812542332,ydonl0UCnDpsFLUfaVnHX2m_qlZYHZxF6kvRHgXJxWCrOqZ-PPaPdn0cTDNWU8rHVmfV01-BGyrozw,CHALLENGER,0,3,11,21,2.1818181818181817,Leona,UTILITY,100,12233,35123,8602,12,31,1645,1775505423796,420,CLASSIC,1.1306990881458967,446.1884498480243,3.6474164133738602
EUW1_7812542332,LE2PjrFqNLnqG8NRBH_TZH47Bf8irkQ5AqJ2l4r8ea1pjC3qrHuCftJlLV1UQ5OnejY8ub4kmEnHcw,CHALLENGER,1,5,9,5,1.1111111111111112,Cassiopeia,TOP,23,29151,31446,12198,17,213,1645,1775505423796,420,CLASSIC,7.768996960486322,1063.258358662614,0.8389057750759878
EUW1_7812542332,B-uTkpDEsR3s15eRUtHTUj3bsJYhWkwnY4kXwz5aHXqnSI5Dr3SFLXIRTzFoRahACzZEyZCKC1JX0w,CHALLENGER,1,10,4,13,5.75,Aatrox,JUNGLE,47,42885,62066,13526,16,195,1645,1775505423796,420,CLASSIC,7.112462006079027,1564.1945288753798,1.7142857142857142
EUW1_7812542332,nmK4NnHesoY6A1bwqR-MjgjWZNhK0-CEwdFZ3DBo9mPWVBJ-PO-YmPHiXetv0kyihvfyrIxQk9BDHA,CHALLENGER,1,10,4,14,6.0,Ryze,MIDDLE,17,35197,29455,13370,17,206,1645,1775505423796,420,CLASSIC,7.513677811550152,1283.7811550151976,0.6200607902735562
EUW1_7812542332,i3mBn2vIKOf6rRTsTaXUIUBzM4niJk_GGOItMdenTKOpORqR6n7Q66k2em25uPRXOx-sSXfDFuenOQ,CHALLENGER,1,17,7,7,3.4285714285714284,Jinx,BOTTOM,28,45309,23839,18155,16,234,1645,1775505423796,420,CLASSIC,8.534954407294833,1652.6079027355622,1.0212765957446808
EUW1_7812542332,Z-xaqHlLWTRM1tG6MqJRGFaHj28ZAJzCLKKkrjPeeGMvSDaZIv7wsCS6YWCLSd4QAiJisys9AwL7HQ,CHALLENGER,1,0,13,16,1.2307692307692308,Nautilus,UTILITY,94,9049,26281,7972,12,21,1645,1775505423796,420,CLASSIC,0.7659574468085106,330.0547112462006,3.4285714285714284
EUW1_7811595050,-wOrJ0epX6d0-CLuXUqrsJfEhwW6GUjdQ-hJ1QIXnX8rr8hNeGuyRksBk3vMpwJzvG9W3kZFpG7c4w,CHALLENGER,0,0,4,2,0.5,Jayce,TOP,8,11723,11132,5211,11,127,925,1775428931861,420,CLASSIC,8.237837837837839,760.4108108108109,0.518918918918919
EUW1_7811595050,nZsDo9roUHgA4ihLEE1SQkoEpEWw65vEdRriOpZ8euHxYvutCm7WO8n60wXeJkJ046BUOeB8c9iCoA,CHALLENGER,0,6,4,2,2.0,Pantheon,JUNGLE,16,8493,14910,7367,9,83,925,1775428931861,420,CLASSIC,5.383783783783784,550.8972972972973,1.037837837837838
EUW1_7811595050,wF4SsrGCgKqy0yemPiAh-z-4aNcwoTnTmSN1wVHeo4_9LHuRcU11TI3jUFLO1sPqLzwXhfQLMVkO0w,CHALLENGER,0,2,4,1,0.75,Aurora,MIDDLE,8,8359,10787,5605,10,114,925,1775428931861,420,CLASSIC,7.394594594594595,542.2054054054054,0.518918918918919
EUW1_7811595050,d6NzNNVwJFdCbB3JkqlgwQQrC-M4B3ei1zRpvHCa43pUEWkx2zS-SHManSnKyazkvI57fsKRbEPqAg,GRANDMASTER,0,1,2,2,1.5,Ezreal,BOTTOM,7,4660,6736,5833,10,116,925,1775428931861,420,CLASSIC,7.524324324324325,302.27027027027026,0.4540540540540541
EUW1_7811595050,Z6d5-60xPvtiDqmpfnW-_GCrVkWG0V4mi6sLfURS9jmmvtZRu5s4ojI_ivyN11X60Zl6N2Uy9tVOqg,CHALLENGER,0,0,8,6,0.75,Braum,UTILITY,28,4665,15675,4085,6,8,925,1775428931861,420,CLASSIC,0.518918918918919,302.5945945945946,1.8162162162162163
EUW1_7811595050,oB8FiEK7F-g9h9RAWgVyvq48oLCxetMwBDk6YgJYz6jObSm944HQ66WpkFA1yCY1eP4YSt19l_G4MA,GRANDMASTER,1,3,1,2,5.0,Anivia,TOP,4,9273,13135,6057,12,128,925,1775428931861,420,CLASSIC,8.302702702702703,601.4918918918919,0.2594594594594595
EUW1_7811595050,60yBi7zPq9Y1ZBnXMb_qvK8I9suqmXWw5Ps4JrE09jkML9kZ8wa2mC7zrxx8tk80P_Mw43r90947cA,CHALLENGER,1,7,2,4,5.5,Zaahen,JUNGLE,19,13010,20156,7656,11,128,925,1775428931861,420,CLASSIC,8.302702702702703,843.8918918918919,1.2324324324324325
EUW1_7811595050,yrwnBmmZflmk-7PCr2xfjU-qHAzvHP9ZAMMbSqIJFijc4LYSlOxhUs8qY7xEOlDfKr8D8KgFGjEUkg,CHALLENGER,1,3,1,7,10.0,Taliyah,MIDDLE,11,9867,7550,6573,12,132,925,1775428931861,420,CLASSIC,8.562162162162162,640.0216216216216,0.7135135135135136
EUW1_7811595050,wY4pMq7R7ac7QcSftzWqyiMRSFaCfM88Kl49QUhFk0cE5uVZ-c4cy8ueo1IBzzrcrmaLlUDnwOXB-A,CHALLENGER,1,6,2,3,4.5,KogMaw,BOTTOM,12,12009,5547,8361,11,134,925,1775428931861,420,CLASSIC,8.691891891891892,778.9621621621621,0.7783783783783784
EUW1_7811595050,ydonl0UCnDpsFLUfaVnHX2m_qlZYHZxF6kvRHgXJxWCrOqZ-PPaPdn0cTDNWU8rHVmfV01-BGyrozw,CHALLENGER,1,3,3,9,4.0,Nautilus,UTILITY,51,5911,9238,5368,7,15,925,1775428931861,420,CLASSIC,0.972972972972973,383.41621621621624,3.308108108108108
EUW1_7811547133,WPG7eWuj7p2Wn5RLJgrU9hgibQFQy7YyDtyHZimE34lBLqC0Fj6XCq9tiswwkD0YDk_GWDA1lYiokQ,CHALLENGER,1,5,4,11,4.0,Karma,TOP,17,20958,18162,11583,17,192,1790,1775426770494,420,CLASSIC,6.435754189944134,702.5027932960894,0.5698324022346369
EUW1_7811547133,nvtH9BkIM8XwVcyQPbtgPlxNpXoQuzEEnLDCAARddAxqnbpBVpsA-hfxHV-YRjBWt-j7kg36rRSqRg,CHALLENGER,1,7,1,12,19.0,Aatrox,JUNGLE,30,19123,27821,14425,17,244,1790,1775426770494,420,CLASSIC,8.17877094972067,640.9944134078213,1.005586592178771
EUW1_7811547133,U6zvih7XeD_E-bWzcyzxAJlxQdUAQDjxUZ_tLKe3gLF3CeO5M-FSLAR8tsSZ2SrF7plAUKKPtlGWTA,GRANDMASTER,1,3,5,11,2.8,Orianna,MIDDLE,60,20851,19025,13228,16,264,1790,1775426770494,420,CLASSIC,8.849162011173185,698.9162011173185,2.011173184357542
EUW1_7811547133,Ey64MpRYyeW-dWpncFTpg7lzj3juwTuQIhvn-JWJxZz0oLlC8f_eQWyErGJdmfVkeWu-KAVFO76t0w,GRANDMASTER,1,10,2,8,9.0,Yunara,BOTTOM,24,35882,14599,18830,16,303,1790,1775426770494,420,CLASSIC,10.156424581005586,1202.7486033519554,0.8044692737430168
EUW1_7811547133,ydonl0UCnDpsFLUfaVnHX2m_qlZYHZxF6kvRHgXJxWCrOqZ-PPaPdn0cTDNWU8rHVmfV01-BGyrozw,CHALLENGER,1,2,6,14,2.6666666666666665,Rell,UTILITY,114,6135,18833,8757,13,27,1790,1775426770494,420,CLASSIC,0.9050279329608939,205.64245810055866,3.82122905027933
EUW1_7811547133,rUPbPlu7otyVnyakzX_E94_8H5xRWoari_TgKYQp_9ZORQxdf0GFG0xcq0LoE6eddTVYr9_p_1rfeg,GRANDMASTER,0,5,6,3,1.3333333333333333,Naafiri,TOP,29,20452,24031,11365,15,210,1790,1775426770494,420,CLASSIC,7.039106145251397,685.5418994413408,0.9720670391061453
EUW1_7811547133,NjoR_yo6sr4DbqWN62p9WQDPXdP2tqgxmITa-A5hqykURmdV8WQe413t66fXf-8PWcOqFR4vhwqLqg,CHALLENGER,0,6,4,8,3.5,Ambessa,JUNGLE,28,14074,28010,12809,15,208,1790,1775426770494,420,CLASSIC,6.972067039106146,471.7541899441341,0.9385474860335196
EUW1_7811547133,yrwnBmmZflmk-7PCr2xfjU-qHAzvHP9ZAMMbSqIJFijc4LYSlOxhUs8qY7xEOlDfKr8D8KgFGjEUkg,CHALLENGER,0,5,5,7,2.4,Taliyah,MIDDLE,25,20919,21696,12739,16,268,1790,1775426770494,420,CLASSIC,8.983240223463687,701.1955307262571,0.8379888268156425
EUW1_7811547133,QYkaua-MWyhAo7673fE1QenW9eojwfyE83kIkBc7bqDv4CcN7uUCWLbLtlRPs3_2gHK5z_UrMToM6w,GRANDMASTER,0,2,6,6,1.3333333333333333,Corki,BOTTOM,26,16286,19690,13483,15,300,1790,1775426770494,420,CLASSIC,10.05586592178771,545.8994413407821,0.8715083798882682
EUW1_7811547133,LYd4fwMGWFhISr8oZLWSNO270b7moZrdR4AmLcnvRbwGURoEp3WGxvd0vC_7eT1R3sz4eLCmsXNNSw,GRANDMASTER,0,0,6,12,2.0,Alistar,UTILITY,117,4775,28700,7735,12,33,1790,1775426770494,420,CLASSIC,1.106145251396648,160.05586592178773,3.921787709497207
EUW1_7811492536,V1QLEX0ghrbOzP0W0FxF0NQGZeycNU9wc6YcG19oEnO57EgonrWaA0ZhF6UffFlm1eTTYG5S0OP8Ig,CHALLENGER,0,2,6,1,0.5,Tryndamere,TOP,32,12137,41512,13681,18,320,1994,1775424279901,420,CLASSIC,9.628886659979939,365.2056168505516,0.9628886659979939
EUW1_7811492536,nZsDo9roUHgA4ihLEE1SQkoEpEWw65vEdRriOpZ8euHxYvutCm7WO8n60wXeJkJ046BUOeB8c9iCoA,CHALLENGER,0,7,4,8,3.75,Pantheon,JUNGLE,33,18846,39055,13048,16,188,1994,1775424279901,420,CLASSIC,5.656970912738214,567.0812437311936,0.9929789368104313
EUW1_7811492536,K5juoSQaiOC2LHAr16a6mG0MLJzqrY0woZlWIl7FsaLwQKrZ2tlkyECMoaVXm0ndti1n0O5YObRDBA,GRANDMASTER,0,2,10,7,0.9,Taliyah,MIDDLE,24,22267,29364,12723,16,231,1994,1775424279901,420,CLASSIC,6.950852557673019,670.0200601805416,0.7221664994984954
EUW1_7811492536,DbGrxozDDQTAmcpu2B6il1b5UFBqwU3kacGBbFPWPpaKrKHTB8E9_WhR0ywBp21nRIsYsb4_JoiyLw,GRANDMASTER,0,9,1,2,11.0,Jinx,BOTTOM,43,24635,17613,19468,17,372,1994,1775424279901,420,CLASSIC,11.193580742226679,741.2738214643931,1.2938816449348043
EUW1_7811492536,LYd4fwMGWFhISr8oZLWSNO270b7moZrdR4AmLcnvRbwGURoEp3WGxvd0vC_7eT1R3sz4eLCmsXNNSw,GRANDMASTER,0,1,2,11,6.0,Alistar,UTILITY,105,5365,25455,8761,13,22,1994,1775424279901,420,CLASSIC,0.6619859578736208,161.43430290872618,3.1594784353059175
EUW1_7811492536,Rod1hU-xcmlf5ikocvh3jn9a8IZ8RBNT1Ij5hjzyAiKulac7XgBxX9-NPHdNUHKkme18x4RjVHnEdw,MASTER,1,7,0,0,7.0,Riven,TOP,34,27135,21125,15560,20,317,1994,1775424279901,420,CLASSIC,9.538615847542628,816.4994984954865,1.0230692076228687
EUW1_7811492536,rUPbPlu7otyVnyakzX_E94_8H5xRWoari_TgKYQp_9ZORQxdf0GFG0xcq0LoE6eddTVYr9_p_1rfeg,GRANDMASTER,1,8,5,8,3.2,Naafiri,JUNGLE,27,20057,32701,17153,18,264,1994,1775424279901,420,CLASSIC,7.94383149448345,603.5205616850551,0.8124373119358074
EUW1_7811492536,RpZQtLGH6e1kuHeneKbURLLMD4UWpO4fxDOIWdtqylHn1CsiojjIRcqSsp4nsoKk2-iN67yF7vGuPg,CHALLENGER,1,3,7,14,2.4285714285714284,Azir,MIDDLE,32,37833,29173,14841,18,301,1994,1775424279901,420,CLASSIC,9.057171514543631,1138.4052156469409,0.9628886659979939
EUW1_7811492536,QYkaua-MWyhAo7673fE1QenW9eojwfyE83kIkBc7bqDv4CcN7uUCWLbLtlRPs3_2gHK5z_UrMToM6w,GRANDMASTER,1,4,4,6,2.5,Yunara,BOTTOM,30,26762,15024,17265,16,336,1994,1775424279901,420,CLASSIC,10.110330992978936,805.2758274824473,0.9027081243731193
EUW1_7811492536,ydonl0UCnDpsFLUfaVnHX2m_qlZYHZxF6kvRHgXJxWCrOqZ-PPaPdn0cTDNWU8rHVmfV01-BGyrozw,CHALLENGER,1,1,5,11,2.4,Lulu,UTILITY,147,11274,12397,8771,14,29,1994,1775424279901,420,CLASSIC,0.872617853560682,339.23771313941825,4.423269809428285
EUW1_7813232816,QROOVQkygYu9e6qqxLxrubnoPRewKFecqJdlIj5L3lq45YHjD2qBJnCnqwRk8nBahMDIUNXHpSJ1XQ,GRANDMASTER,0,2,8,8,1.25,Singed,TOP,16,18585,28706,9180,14,175,1503,1775578537284,420,CLASSIC,6.986027944111776,741.9161676646706,0.6387225548902196
EUW1_7813232816,HnWrxzaM4iXPAe3h2E-HqQbtYZMWZ1O8kJuW42fy1rljuVubsUHv46bi0R5EJbbTkVfgqjtzp54nUA,GRANDMASTER,0,4,8,2,0.75,Chogath,JUNGLE,28,12204,32779,9389,13,141,1503,1775578537284,420,CLASSIC,5.628742514970059,487.18562874251495,1.1177644710578842
EUW1_7813232816,ckhuNkf-lo42zVaPVQeWELaoSZ1UdH_3tAtpmYN1yRH8VQt47Yu-SIg6IkT7apgN0fqyjWZdGQw06g,CHALLENGER,0,10,3,4,4.666666666666667,Akshan,MIDDLE,14,21849,14750,12357,15,202,1503,1775578537284,420,CLASSIC,8.063872255489022,872.2155688622754,0.5588822355289421
EUW1_7813232816,GzIdaE41FKM3pVvbkw28eAltuOA9JFZS411N9Q1LQWWWyJxnzQ9siq4uuYuT0pjOVn_tjQXl2JTY9A,GRANDMASTER,0,3,8,9,1.5,Ezreal,BOTTOM,12,23036,23953,10481,12,190,1503,1775578537284,420,CLASSIC,7.584830339321357,919.6007984031936,0.47904191616766467
EUW1_7813232816,AGQFjSTS1JR0CAoJ7IR9w5Dx8qvX_UGu7RKPMQ7lc6h9bM2Tk2NJ5hpHKfhb4LmMvht7H3nMVjiWUA,CHALLENGER,0,2,4,13,3.75,Seraphine,UTILITY,65,8250,17269,8002,11,33,1503,1775578537284,420,CLASSIC,1.3173652694610778,329.34131736526945,2.5948103792415167
EUW1_7813232816,aI9cPJXebDtWbQ_eFhp7-WEYRYW4VpYo3UCJSrZ2nnuQZz0SX7a2w0Pb4xrRkOEocLkiAfeDWDfJeQ,CHALLENGER,1,8,1,5,13.0,Darius,TOP,21,18677,24988,14228,17,255,1503,1775578537284,420,CLASSIC,10.179640718562874,745.5888223552894,0.8383233532934131
EUW1_7813232816,LQQVMGwYrv2qeaDzvHtBwJU9yc2IMIkWqNdq_CWwUyFUMNtC3G0RB_rFC0EzMQTZU0UsD5aUjFRQkg,CHALLENGER,1,16,2,5,10.5,Elise,JUNGLE,27,30143,25102,16767,17,237,1503,1775578537284,420,CLASSIC,9.461077844311378,1203.313373253493,1.0778443113772456
EUW1_7813232816,9hAq7Da7EGM5dlONGtslw2fG7iXHDaxzUPQF3uQxVAjfNUYLdb2LwIb2Rt6SH-3T_od0nyFdNgLybQ,GRANDMASTER,1,2,6,8,1.6666666666666667,Syndra,MIDDLE,16,17565,17293,10803,14,192,1503,1775578537284,420,CLASSIC,7.664670658682635,701.1976047904192,0.6387225548902196
EUW1_7813232816,uIF2CuhhJI_-PIwi9DM9UiXVmeY-OjYFe1a2H5ZBgANKCFHLOqgdngZxU4r8xfUdSAzWzZWHnDIl_w,CHALLENGER,1,1,6,12,2.1666666666666665,Ashe,BOTTOM,18,21229,20427,10253,13,156,1503,1775578537284,420,CLASSIC,6.227544910179641,847.4650698602794,0.718562874251497
EUW1_7813232816,B0t1Vyz7xphSMWKV7dFSAUJVGNQTIIVcFJU5ouuPwSpR4bL0sow_VxsW_hklqdo77MAHS2UEupf_zw,MASTER,1,3,6,17,3.3333333333333335,TwistedFate,UTILITY,69,12956,20253,9661,12,48,1503,1775578537284,420,CLASSIC,1.9161676646706587,517.2055888223553,2.754491017964072
EUW1_7813137648,J9PjVfvsvtEHBoavfCKftUsT9guLVr_4Vp8FPHS0kXttdVJoZbDRHjljbXIkqqMZ5rIXc5NfUt-9lg,GRANDMASTER,1,4,9,9,1.4444444444444444,Aurora,TOP,34,29408,31103,13746,18,252,2144,1775572543203,420,CLASSIC,7.052238805970149,822.9850746268656,0.9514925373134329
EUW1_7813137648,nvtH9BkIM8XwVcyQPbtgPlxNpXoQuzEEnLDCAARddAxqnbpBVpsA-hfxHV-YRjBWt-j7kg36rRSqRg,CHALLENGER,1,5,4,14,4.75,DrMundo,JUNGLE,66,45206,98043,15616,18,263,2144,1775572543203,420,CLASSIC,7.360074626865671,1265.0932835820895,1.8470149253731343
EUW1_7813137648,lGAMsFyoNuFABpZXmmVrrKfSeOW3be-ZmV4tq4AZk77MWE1SBdqk9PhN0EWduTwWu9xJfKNy6QDSgA,CHALLENGER,1,9,10,2,1.1,Akali,MIDDLE,46,32327,35665,14976,18,252,2144,1775572543203,420,CLASSIC,7.052238805970149,904.6735074626865,1.287313432835821
EUW1_7813137648,kteXLkIClnef1TeX4vHWOBsk95iK9h-TA4soXeaxToVMv9CWIbWyoZZLpZF01xlvDZrOTKUNY1v9ag,CHALLENGER,1,15,4,9,6.0,Ashe,BOTTOM,44,56199,27075,24538,18,371,2144,1775572543203,420,CLASSIC,10.382462686567164,1572.7332089552237,1.2313432835820894
EUW1_7813137648,TpnuFmp7IpW_4XT6B6bU8YKTExZcICTj0G0e2yLO_Tc2ABIxZIYAehEDoqScp-xkbgUBozEStsIyOA,CHALLENGER,1,1,8,25,3.25,Seraphine,UTILITY,157,16006,28405,11666,16,34,2144,1775572543203,420,CLASSIC,0.9514925373134329,447.92910447761193,4.39365671641791
EUW1_7813137648,aI9cPJXebDtWbQ_eFhp7-WEYRYW4VpYo3UCJSrZ2nnuQZz0SX7a2w0Pb4xrRkOEocLkiAfeDWDfJeQ,CHALLENGER,0,14,6,4,3.0,Darius,TOP,18,62567,60033,17290,19,269,2144,1775572543203,420,CLASSIC,7.527985074626866,1750.9421641791043,0.503731343283582
EUW1_7813137648,LQQVMGwYrv2qeaDzvHtBwJU9yc2IMIkWqNdq_CWwUyFUMNtC3G0RB_rFC0EzMQTZU0UsD5aUjFRQkg,CHALLENGER,0,9,10,10,1.9,JarvanIV,JUNGLE,45,40524,34936,16963,18,317,2144,1775572543203,420,CLASSIC,8.871268656716417,1134.0671641791043,1.2593283582089552
EUW1_7813137648,UiiRKX507kkigVGCxOchgs9QNDB4qMSvFHobfKTRc4_YLfvzqGU7hpQ1hsQDWYKxjQ1190aZIntxfw,CHALLENGER,0,8,4,12,5.0,Ahri,MIDDLE,22,45828,33239,15419,18,269,2144,1775572543203,420,CLASSIC,7.527985074626866,1282.5,0.6156716417910447
EUW1_7813137648,xD_IkJ3BVDUkhzmveibR5pI5ewHYiC9LEcdNnsZ8Gu-ulB3lYFANh6zWRD_hfrkrcChKfGoX3EBz8w,CHALLENGER,0,2,6,15,2.8333333333333335,Zilean,BOTTOM,27,15159,31771,14003,17,210,2144,1775572543203,420,CLASSIC,5.876865671641791,424.2257462686567,0.7555970149253731
EUW1_7813137648,rbMcwJp2KVt60GLmJh8UOQS4MF5Q-uQwJ3JI30iHzba-DWVoWLcCQKhem-U16IdUNQ37HegeyEfjPA,CHALLENGER,0,2,8,20,2.75,Shen,UTILITY,157,17736,42484,10321,15,38,2144,1775572543203,420,CLASSIC,1.0634328358208955,496.34328358208955,4.39365671641791
EUW1_7813095088,uFtKfHSuCX7ERXLSh4bk_h8UgK9BD8EcCje3dU5Gr0PwhhCnBzsJp9sD8vfO8fBG8pkYXOpKI1g35A,CHALLENGER,1,2,0,6,8.0,Ornn,TOP,43,15708,19299,10942,18,192,1877,1775569790620,420,CLASSIC,6.137453383058071,502.12040490143846,1.3745338305807138
EUW1_7813095088,R2CCrU_kSQyUyOjInGOp0i6sma1v1IK2EPqKXa7Sb2ujlyAiXT9lEh0XVNXAQL7L4yxB7Vj1EZAu6Q,CHALLENGER,1,5,5,7,2.4,MasterYi,JUNGLE,46,18230,33208,13478,17,230,1877,1775569790620,420,CLASSIC,7.352157698454981,582.7384123601491,1.4704315396909962
EUW1_7813095088,6sw8tt7XeWtRtja2xZyIjLuVataocLjmfBpV0OqO0g5vEZCcuLBM68FauxaoNx-4dTDNSWloISahgg,CHALLENGER,1,15,1,4,19.0,Ekko,MIDDLE,19,44114,30326,18732,18,343,1877,1775569790620,420,CLASSIC,10.96430474160895,1410.1438465636654,0.607352157698455
EUW1_7813095088,rZM20aIR4DIXOHvfw0KHQexxjhzsXRYl2AHWSJpLlmFdR7tI7hlj8pUURloogHqc9WdLVRgBrZkIlg,GRANDMASTER,1,7,4,9,4.0,Ezreal,BOTTOM,24,36904,23581,16556,16,281,1877,1775569790620,420,CLASSIC,8.982418753329782,1179.66968566862,0.7671816728822589
EUW1_7813095088,gWLSvXovILAcEVNRhcA4VS9O4Z2QyCq_3diWlOGV-CqR-j_hOHyySUMIngG_HhWNN6JdEnJ6uJvkUg,MASTER,1,0,5,15,3.0,Karma,UTILITY,137,7626,21596,8766,13,28,1877,1775569790620,420,CLASSIC,0.895045285029302,243.77197655833777,4.379328716036228
EUW1_7813095088,aI9cPJXebDtWbQ_eFhp7-WEYRYW4VpYo3UCJSrZ2nnuQZz0SX7a2w0Pb4xrRkOEocLkiAfeDWDfJeQ,CHALLENGER,0,8,7,2,1.4285714285714286,Camille,TOP,29,30518,43895,14670,17,256,1877,1775569790620,420,CLASSIC,8.183271177410761,975.5354288758657,0.9270111880660629
EUW1_7813095088,LQQVMGwYrv2qeaDzvHtBwJU9yc2IMIkWqNdq_CWwUyFUMNtC3G0RB_rFC0EzMQTZU0UsD5aUjFRQkg,CHALLENGER,0,3,5,7,2.0,Nocturne,JUNGLE,29,16814,41150,12787,16,242,1877,1775569790620,420,CLASSIC,7.735748534896111,537.4746936600959,0.9270111880660629
EUW1_7813095088,xD_IkJ3BVDUkhzmveibR5pI5ewHYiC9LEcdNnsZ8Gu-ulB3lYFANh6zWRD_hfrkrcChKfGoX3EBz8w,CHALLENGER,0,2,4,9,2.75,Zilean,MIDDLE,24,13415,24044,11101,17,251,1877,1775569790620,420,CLASSIC,8.023441662226958,428.82258923814595,0.7671816728822589
EUW1_7813095088,cLpHRPG2qDu9vBrUs5Mf2N7El7TLj9iGv3cLMs3j5yb94P0vF2OwYkxptstiKutlJZpzZhYKBMKJMw,CHALLENGER,0,2,6,6,1.3333333333333333,Velkoz,BOTTOM,42,27919,20709,12917,15,275,1877,1775569790620,420,CLASSIC,8.790623335109217,892.4560468833245,1.342567927543953
EUW1_7813095088,JdtEBraZUWPwwuVeXx-EJGcCMhc4ZiAfojYOPaoiiTYK9BesUMjD1nvfoTXrt0GmwCBazXWejYK6ig,GRANDMASTER,0,0,7,10,1.4285714285714286,Shen,UTILITY,131,6734,22401,7936,12,52,1877,1775569790620,420,CLASSIC,1.662226957911561,215.25839104954713,4.187533297815663
EUW1_7813054245,MPPRgViGr2yCy7kfXZNxVcnkNeHKXSRhZKo4ZSRNz5gepzj1Q4Qbrc1E4iPN_Z8IwT0nJCg8e82z8w,CHALLENGER,1,3,10,14,1.7,Gnar,TOP,35,37624,44773,14362,18,233,2199,1775566700426,420,CLASSIC,6.35743519781719,1026.5757162346522,0.9549795361527967
EUW1_7813054245,B-uTkpDEsR3s15eRUtHTUj3bsJYhWkwnY4kXwz5aHXqnSI5Dr3SFLXIRTzFoRahACzZEyZCKC1JX0w,CHALLENGER,1,16,5,13,5.8,JarvanIV,JUNGLE,32,54177,54194,21257,18,236,2199,1775566700426,420,CLASSIC,6.439290586630286,1478.2264665757164,0.8731241473396999
EUW1_7813054245,tkkVzvtIwFToqwSRRmL-i0McU_24phBJXVxe3ZJdeXhnH90A9sK4e-sWnAilD_3_FtWBkoF8sQyDtw,GRANDMASTER,1,4,7,14,2.5714285714285716,Galio,MIDDLE,21,23516,43909,13949,18,250,2199,1775566700426,420,CLASSIC,6.8212824010914055,641.6371077762619,0.5729877216916781
EUW1_7813054245,wY4pMq7R7ac7QcSftzWqyiMRSFaCfM88Kl49QUhFk0cE5uVZ-c4cy8ueo1IBzzrcrmaLlUDnwOXB-A,CHALLENGER,1,5,13,10,1.1538461538461537,KogMaw,BOTTOM,20,30632,29559,15753,17,217,2199,1775566700426,420,CLASSIC,5.92087312414734,835.7980900409277,0.5457025920873124
EUW1_7813054245,60yBi7zPq9Y1ZBnXMb_qvK8I9suqmXWw5Ps4JrE09jkML9kZ8wa2mC7zrxx8tk80P_Mw43r90947cA,CHALLENGER,1,6,8,15,2.625,Velkoz,UTILITY,127,30449,22759,13910,16,61,2199,1775566700426,420,CLASSIC,1.664392905866303,830.8049113233288,3.465211459754434
EUW1_7813054245,aI9cPJXebDtWbQ_eFhp7-WEYRYW4VpYo3UCJSrZ2nnuQZz0SX7a2w0Pb4xrRkOEocLkiAfeDWDfJeQ,CHALLENGER,0,5,7,9,2.0,Jax,TOP,40,24977,50454,15632,19,272,2199,1775566700426,420,CLASSIC,7.421555252387449,681.5006821282401,1.0914051841746248
EUW1_7813054245,LQQVMGwYrv2qeaDzvHtBwJU9yc2IMIkWqNdq_CWwUyFUMNtC3G0RB_rFC0EzMQTZU0UsD5aUjFRQkg,CHALLENGER,0,8,11,8,1.4545454545454546,Nocturne,JUNGLE,26,30313,62805,16585,18,269,2199,1775566700426,420,CLASSIC,7.339699863574352,827.0941336971351,0.7094133697135062
EUW1_7813054245,RpZQtLGH6e1kuHeneKbURLLMD4UWpO4fxDOIWdtqylHn1CsiojjIRcqSsp4nsoKk2-iN67yF7vGuPg,CHALLENGER,0,21,3,3,8.0,Leblanc,MIDDLE,37,56706,32037,18687,18,278,2199,1775566700426,420,CLASSIC,7.585266030013643,1547.230559345157,1.009549795361528
EUW1_7813054245,1yFsWlHNu_yboNOt4ofUWNRKjJGLJ76iDZb9AqAwKYsaWUXrsx5U0ex3Q0M-RviV7oS6RvVGbAIEMg,GRANDMASTER,0,6,8,16,2.75,Lux,BOTTOM,14,29788,25153,16050,17,292,2199,1775566700426,420,CLASSIC,7.967257844474761,812.7694406548432,0.3819918144611187
EUW1_7813054245,nRgHcNHDPp7plAafaryeNQsE_7Zrq_r8Qq2-g-57hCn5fEs34qjdGGvjMSw-NFQxQa6p6uGlyUDgwQ,GRANDMASTER,0,3,5,19,4.4,Blitzcrank,UTILITY,114,10246,46779,10109,15,27,2199,1775566700426,420,CLASSIC,0.7366984993178718,279.56343792633015,3.110504774897681
EUW1_7813020866,7ufUFr9qraHyqSw2C_Ti-bjo5N7DJjd2xImgK-Jvai4Zeeit7JjFgaB3xW9JSRkynUsVtKBNAM7Emg,CHALLENGER,1,5,10,17,2.2,Jayce,TOP,63,40917,32833,18843,20,317,2700,1775563383317,420,CLASSIC,7.044444444444444,909.2666666666667,1.4
EUW1_7813020866,nvtH9BkIM8XwVcyQPbtgPlxNpXoQuzEEnLDCAARddAxqnbpBVpsA-hfxHV-YRjBWt-j7kg36rRSqRg,CHALLENGER,1,3,8,13,2.0,XinZhao,JUNGLE,59,32059,75379,18083,18,340,2700,1775563383317,420,CLASSIC,7.555555555555555,712.4222222222222,1.3111111111111111
EUW1_7813020866,CzYp5ktwnHwBxipGVQcx3NBxLLqmX9hdlr7yhlpf479WhnWHrQtT6EWoGfu325RB6ttSNT2APhk6dQ,CHALLENGER,1,14,8,9,2.875,Ahri,MIDDLE,45,67953,41246,21795,18,336,2700,1775563383317,420,CLASSIC,7.466666666666667,1510.0666666666666,1.0
EUW1_7813020866,wXFgFN4t_J4Z-F7sa7gzTlqykvB3zfRh43GFRnugtx-bhB6XMcdv6A3OFTLBlKVk35bBKHqYv0RpmA,CHALLENGER,1,19,10,11,3.0,Caitlyn,BOTTOM,62,68334,45466,27131,18,373,2700,1775563383317,420,CLASSIC,8.28888888888889,1518.5333333333333,1.3777777777777778
EUW1_7813020866,AmCKOJYZKPS4yxXtQUfHLEqHDUZkeTgxIwIWsK3yX3GVsQhu8vdtdDFoK5HJYPM9VCmk1TcSLg6fdw,CHALLENGER,1,4,7,31,5.0,Lux,UTILITY,172,26241,31239,15934,18,48,2700,1775563383317,420,CLASSIC,1.0666666666666667,583.1333333333333,3.8222222222222224
EUW1_7813020866,aI9cPJXebDtWbQ_eFhp7-WEYRYW4VpYo3UCJSrZ2nnuQZz0SX7a2w0Pb4xrRkOEocLkiAfeDWDfJeQ,CHALLENGER,0,11,3,4,5.0,Olaf,TOP,36,34926,61609,20595,20,402,2700,1775563383317,420,CLASSIC,8.933333333333334,776.1333333333333,0.8
EUW1_7813020866,LQQVMGwYrv2qeaDzvHtBwJU9yc2IMIkWqNdq_CWwUyFUMNtC3G0RB_rFC0EzMQTZU0UsD5aUjFRQkg,CHALLENGER,0,7,9,13,2.2222222222222223,Nocturne,JUNGLE,52,32485,74989,21587,18,359,2700,1775563383317,420,CLASSIC,7.977777777777778,721.8888888888889,1.1555555555555554
EUW1_7813020866,nKp463F9b98gkZEC7Q2TMMA8jaIZ2D0nHp_G3co6yjdkzqLe64XlvpQEnRxK6l4jiXczrJw8V3UASw,CHALLENGER,0,8,8,8,2.0,KogMaw,MIDDLE,36,60373,35983,20110,18,330,2700,1775563383317,420,CLASSIC,7.333333333333333,1341.6222222222223,0.8
EUW1_7813020866,BBuoYwMemcVEUopP0NvviJS4M1ThPtO3Gs6qqzOP63ryc5cQg-c7oYh9G4nt1RzsNzlzST3M1eiiXA,CHALLENGER,0,16,12,11,2.25,Katarina,BOTTOM,37,45706,55392,23008,18,238,2700,1775563383317,420,CLASSIC,5.288888888888889,1015.6888888888889,0.8222222222222222
EUW1_7813020866,BmgLU33F1ARwRdhbRmkH8jWloG8_CS3ZQuIe-MppPmTJ0T2GFuLZOAneBskrOo19Bcys5e8xrzNwig,CHALLENGER,0,1,13,30,2.3846153846153846,Lulu,UTILITY,164,13771,46882,14100,18,34,2700,1775563383317,420,CLASSIC,0.7555555555555555,306.02222222222224,3.6444444444444444
EUW1_7812994615,0BDzzPJWamgDuIy_OMvGxLKNo__FBGass0Bv9zBWjVsNKW51H7rz4bxicLIIhAEDvHbsKLVW1aFt1Q,CHALLENGER,1,9,3,4,4.333333333333333,Pantheon,TOP,31,21974,20753,12295,18,211,1635,1775560777039,420,CLASSIC,7.743119266055046,806.3853211009174,1.1376146788990826
EUW1_7812994615,C9XBTKtWyZQjQkTrJ2PVnQIhsXo-05gmORF2_7Y2K0gzHua0HcVy-CBkBRLZ2VNgslmraVbr04O_fA,CHALLENGER,1,10,2,9,9.5,JarvanIV,JUNGLE,47,22590,28569,13542,16,202,1635,1775560777039,420,CLASSIC,7.412844036697248,828.9908256880734,1.724770642201835
EUW1_7812994615,UiiRKX507kkigVGCxOchgs9QNDB4qMSvFHobfKTRc4_YLfvzqGU7hpQ1hsQDWYKxjQ1190aZIntxfw,CHALLENGER,1,4,2,8,6.0,Ahri,MIDDLE,38,21293,22841,11740,16,226,1635,1775560777039,420,CLASSIC,8.293577981651376,781.394495412844,1.3944954128440368
EUW1_7812994615,wXFgFN4t_J4Z-F7sa7gzTlqykvB3zfRh43GFRnugtx-bhB6XMcdv6A3OFTLBlKVk35bBKHqYv0RpmA,CHALLENGER,1,6,5,10,3.2,Lucian,BOTTOM,22,30806,26682,14071,15,227,1635,1775560777039,420,CLASSIC,8.330275229357799,1130.4954128440368,0.8073394495412844
EUW1_7812994615,AmCKOJYZKPS4yxXtQUfHLEqHDUZkeTgxIwIWsK3yX3GVsQhu8vdtdDFoK5HJYPM9VCmk1TcSLg6fdw,CHALLENGER,1,1,3,17,6.0,Milio,UTILITY,94,4959,18531,8241,14,22,1635,1775560777039,420,CLASSIC,0.8073394495412844,181.9816513761468,3.44954128440367
EUW1_7812994615,aI9cPJXebDtWbQ_eFhp7-WEYRYW4VpYo3UCJSrZ2nnuQZz0SX7a2w0Pb4xrRkOEocLkiAfeDWDfJeQ,CHALLENGER,0,2,4,0,0.5,Darius,TOP,17,10604,21059,10883,16,253,1635,1775560777039,420,CLASSIC,9.284403669724771,389.13761467889907,0.6238532110091743
EUW1_7812994615,LQQVMGwYrv2qeaDzvHtBwJU9yc2IMIkWqNdq_CWwUyFUMNtC3G0RB_rFC0EzMQTZU0UsD5aUjFRQkg,CHALLENGER,0,3,6,7,1.6666666666666667,Nocturne,JUNGLE,30,15798,36850,10631,15,204,1635,1775560777039,420,CLASSIC,7.486238532110092,579.743119266055,1.1009174311926606
EUW1_7812994615,uEMPZRAmHcC-wl_-9VzP1C0mkkYIimiwve5sjrRHtu67KCiPAl9jRSfAIXtcX7rInMvhBPIdbhof1A,CHALLENGER,0,6,9,5,1.2222222222222223,Karthus,MIDDLE,13,38355,25192,11047,15,218,1635,1775560777039,420,CLASSIC,8.0,1407.5229357798164,0.47706422018348627
EUW1_7812994615,zCe6uvllCJFh3WdiMcTM41mBxl9Z6BID3lrgr-yDPTLJ568TG7G8q2KftssX2cxvecOwE3pVUklF-A,GRANDMASTER,0,4,4,2,1.5,Ezreal,BOTTOM,47,22531,20941,10762,13,222,1635,1775560777039,420,CLASSIC,8.146788990825687,826.8256880733945,1.724770642201835
EUW1_7812994615,97DJAtraCdpS0jTowXOEHDo6AaHpZqr9r8SNEHcK1DJgtb4QVUy8HNKd2vrpVT9KwojCWi7TR4aAIA,GRANDMASTER,0,0,8,9,1.125,Karma,UTILITY,99,10203,21288,6891,10,21,1635,1775560777039,420,CLASSIC,0.7706422018348624,374.42201834862385,3.63302752293578
EUW1_7813697226,GbXI3qn4vtlCXNEwJTUeq6t7P1DqnuaanQ3DCMH4iYlihEZE4V0Ru1JR1KaAwD2tzeDjW75pZwaVlQ,CHALLENGER,0,9,6,4,2.1666666666666665,Akali,TOP,43,28810,38048,12324,18,213,1870,1775600009021,420,CLASSIC,6.834224598930481,924.3850267379679,1.3796791443850267
EUW1_7813697226,D17zFqVyJoNOxL9zcmLs7ZJM-UR4cDbJhTP18D65MsiisbLUQw5Wj2Gxrk8Vzo3-T6iDO999Ky1TKA,MASTER,0,11,8,7,2.25,LeeSin,JUNGLE,40,24540,47905,12859,16,172,1870,1775600009021,420,CLASSIC,5.518716577540107,787.379679144385,1.2834224598930482
EUW1_7813697226,cRAeQC07wsmazN_kM32pD75Y2HL5EYM7Zo3nXG3fcm_2o_BlODdkpFqG_WAchj9wpAF5yyBbqrwlrw,CHALLENGER,0,3,6,10,2.1666666666666665,Ryze,MIDDLE,35,24936,34051,12936,17,287,1870,1775600009021,420,CLASSIC,9.20855614973262,800.0855614973261,1.1229946524064172
EUW1_7813697226,cLpHRPG2qDu9vBrUs5Mf2N7El7TLj9iGv3cLMs3j5yb94P0vF2OwYkxptstiKutlJZpzZhYKBMKJMw,CHALLENGER,0,6,11,7,1.1818181818181819,Velkoz,BOTTOM,20,31784,23506,13850,15,234,1870,1775600009021,420,CLASSIC,7.508021390374331,1019.807486631016,0.6417112299465241
EUW1_7813697226,gWLSvXovILAcEVNRhcA4VS9O4Z2QyCq_3diWlOGV-CqR-j_hOHyySUMIngG_HhWNN6JdEnJ6uJvkUg,MASTER,0,2,11,15,1.5454545454545454,Nautilus,UTILITY,78,13358,35390,8550,13,23,1870,1775600009021,420,CLASSIC,0.7379679144385026,428.5989304812834,2.5026737967914436
EUW1_7813697226,syE_wJoWlNqQeru0_1MGkv7NhV9jlRq7shhfQkKRAYJug3jmrkIuvGquFkLV-YNpxvTVOYUgvk-e_Q,MASTER,1,4,11,6,0.9090909090909091,Yasuo,TOP,31,35954,36267,12042,18,260,1870,1775600009021,420,CLASSIC,8.342245989304812,1153.6042780748662,0.9946524064171123
EUW1_7813697226,k8U-jWyXQcfhdN_VJJOdctkpRfUgQDjqsCW_FY9GKjYUGTVmLjvW-D6yoB-iWtEfMHSwL7-J8-ChPw,CHALLENGER,1,20,3,9,9.666666666666666,Pantheon,JUNGLE,40,42618,34869,18207,17,210,1870,1775600009021,420,CLASSIC,6.737967914438502,1367.422459893048,1.2834224598930482
EUW1_7813697226,c2GzEzBVGXXAwAjIbFUoDVY_XDmgCxb4PFGWaD-ZZPqsoIdVc783_SfIB0Qbiqk8oUO9RVraDWjiYw,GRANDMASTER,1,6,8,19,3.125,TwistedFate,MIDDLE,29,23327,31587,15543,18,240,1870,1775600009021,420,CLASSIC,7.7005347593582885,748.4598930481283,0.9304812834224598
EUW1_7813697226,f8mDMpPZaO9HnlA_0BOzpQrRYkyJ5dSFRARNkYa4oaWxML8p3AlFEK-whIVHxgvXCGBjMCfODYSSvA,CHALLENGER,1,10,4,24,8.5,Swain,BOTTOM,23,42153,36706,17545,17,232,1870,1775600009021,420,CLASSIC,7.443850267379679,1352.5026737967914,0.7379679144385026
EUW1_7813697226,k23BcYxhmTWDAdL9F95lbPHmHyBaxOhInklnSA_mIqzXAjn0PnvMrhPRkYQCjQqU0RLDpPFu5VKRlg,GRANDMASTER,1,2,5,33,7.0,Rell,UTILITY,121,10739,25080,10744,14,30,1870,1775600009021,420,CLASSIC,0.9625668449197861,344.5668449197861,3.8823529411764706
EUW1_7813568643,Mz2vxXxSijBbysFq1CrSeh6WDJ97I0m3_JrYLUhz-RMYFT7Nm9SXQbhFntUw6lyIDSKOln0csr61sw,CHALLENGER,1,16,4,8,6.0,Jayce,TOP,27,49266,23398,18409,18,242,1721,1775593558579,420,CLASSIC,8.436955258570599,1717.582800697269,0.9413131900058106
EUW1_7813568643,k8U-jWyXQcfhdN_VJJOdctkpRfUgQDjqsCW_FY9GKjYUGTVmLjvW-D6yoB-iWtEfMHSwL7-J8-ChPw,CHALLENGER,1,4,4,9,3.25,Aatrox,JUNGLE,38,19944,32607,12209,17,236,1721,1775593558579,420,CLASSIC,8.227774549680419,695.3166763509587,1.3248111563044742
EUW1_7813568643,pMp2TVHEbJd2zX1yWpP22JgEW1q7Ro-0JawH01A305S2brGqnLXJ5zfmc57JK8I8bWDFS5TuPzDzJw,CHALLENGER,1,4,8,8,1.5,Sylas,MIDDLE,26,18193,29363,9971,14,163,1721,1775593558579,420,CLASSIC,5.68274259151656,634.2707728065078,0.9064497385241139
EUW1_7813568643,EB2OFoB-48ZX4q3VThFAXofT-wyeIpeiUE0IQhbZ_jt4ZKtKPCZaDRK-m74VS1PPLKWP-Bj-3-eGnw,MASTER,1,4,9,7,1.2222222222222223,Corki,BOTTOM,24,23158,29486,12058,14,214,1721,1775593558579,420,CLASSIC,7.460778617083091,807.3678094131319,0.8367228355607205
EUW1_7813568643,qf29Pl1k0bQ1fy4M8vqP9ZZ2Z54on_8d7e3n_rp706GDmoqAhrG6sVSFANeo6Zl2m5GyRvX7GQzllQ,GRANDMASTER,1,1,9,20,2.3333333333333335,Nami,UTILITY,65,12737,19892,8779,13,18,1721,1775593558579,420,CLASSIC,0.6275421266705403,444.0557815223707,2.266124346310285
EUW1_7813568643,Z-xaqHlLWTRM1tG6MqJRGFaHj28ZAJzCLKKkrjPeeGMvSDaZIv7wsCS6YWCLSd4QAiJisys9AwL7HQ,CHALLENGER,0,3,10,9,1.2,Skarner,TOP,23,16426,36563,8441,14,145,1721,1775593558579,420,CLASSIC,5.05520046484602,572.6670540383498,0.8018593840790238
EUW1_7813568643,1gY1awx0dEqTdo3fbGSRO1jxQRZ-c7YtBYDPYBryMuecRtTOd7sWCycWiQP6joVRMfAPLfJhENLZfw,CHALLENGER,0,2,5,20,4.4,JarvanIV,JUNGLE,42,14694,39502,10692,14,175,1721,1775593558579,420,CLASSIC,6.10110400929692,512.2835560720512,1.464264962231261
EUW1_7813568643,Jkp5cTAwjSKEtyLcuqA_Pz-Qp8ANv3x17WPUFVdjwzNR-ncxkl_HNQZkqu0c2c4dFNpB9iYeuZZHBQ,GRANDMASTER,0,13,4,4,4.25,Viktor,MIDDLE,15,30012,20924,12326,15,204,1721,1775593558579,420,CLASSIC,7.112144102266124,1046.321905868681,0.5229517722254503
EUW1_7813568643,wXFgFN4t_J4Z-F7sa7gzTlqykvB3zfRh43GFRnugtx-bhB6XMcdv6A3OFTLBlKVk35bBKHqYv0RpmA,CHALLENGER,0,14,6,8,3.6666666666666665,Kalista,BOTTOM,32,38754,34793,16769,14,266,1721,1775593558579,420,CLASSIC,9.273678094131318,1351.0981987216735,1.115630447414294
EUW1_7813568643,AmCKOJYZKPS4yxXtQUfHLEqHDUZkeTgxIwIWsK3yX3GVsQhu8vdtdDFoK5HJYPM9VCmk1TcSLg6fdw,CHALLENGER,0,2,5,26,5.6,Soraka,UTILITY,92,11389,19858,8889,12,19,1721,1775593558579,420,CLASSIC,0.6624055781522371,397.0598489250436,3.207437536316095
EUW1_7813505730,v2wfueu2arp-k13HY2KctQQojvIQYh1aIc-HLNwfb_TKqgckdxJP3SrD33mxWYMVM1hb35CrRqsnHA,GRANDMASTER,0,2,10,5,0.7,Ambessa,TOP,26,19095,33528,10600,17,207,2014,1775590978453,420,CLASSIC,6.166832174776563,568.8679245283018,0.7745779543197616
EUW1_7813505730,J74KGm2amNbDVAt-ehutUpJrxt--2dW-pkG7AUqU8CYWnZYFJMEZ2kOv-5Lcf_nv7H51KRnzQXDDwQ,CHALLENGER,0,7,6,11,3.0,Shaco,JUNGLE,35,37850,36032,14098,17,199,2014,1775590978453,420,CLASSIC,5.928500496524329,1127.6067527308837,1.0427010923535251
EUW1_7813505730,cRAeQC07wsmazN_kM32pD75Y2HL5EYM7Zo3nXG3fcm_2o_BlODdkpFqG_WAchj9wpAF5yyBbqrwlrw,CHALLENGER,0,5,3,6,3.6666666666666665,Kassadin,MIDDLE,40,36489,43243,13544,18,311,2014,1775590978453,420,CLASSIC,9.26514399205561,1087.0605759682223,1.1916583912611718
EUW1_7813505730,wXFgFN4t_J4Z-F7sa7gzTlqykvB3zfRh43GFRnugtx-bhB6XMcdv6A3OFTLBlKVk35bBKHqYv0RpmA,CHALLENGER,0,13,14,6,1.3571428571428572,Kalista,BOTTOM,38,49081,58828,18662,15,269,2014,1775590978453,420,CLASSIC,8.013902681231379,1462.1946375372393,1.1320754716981132
EUW1_7813505730,AmCKOJYZKPS4yxXtQUfHLEqHDUZkeTgxIwIWsK3yX3GVsQhu8vdtdDFoK5HJYPM9VCmk1TcSLg6fdw,CHALLENGER,0,2,9,21,2.5555555555555554,Soraka,UTILITY,119,12393,30017,10661,14,29,2014,1775590978453,420,CLASSIC,0.8639523336643494,369.2055610724925,3.5451837140019857
EUW1_7813505730,tViEtJUGHrhW_tntyfYDlRwf8DrhKKJ5HNjg4gxmUmmURhL62IlT38laVxgWpQi1_Bp42Rvgfpl-tw,GRANDMASTER,1,8,3,13,7.0,Anivia,TOP,31,32806,34720,15102,19,270,2014,1775590978453,420,CLASSIC,8.043694141012908,977.33862959285,0.923535253227408
EUW1_7813505730,k8U-jWyXQcfhdN_VJJOdctkpRfUgQDjqsCW_FY9GKjYUGTVmLjvW-D6yoB-iWtEfMHSwL7-J8-ChPw,CHALLENGER,1,16,3,18,11.333333333333334,JarvanIV,JUNGLE,55,40463,34736,18265,18,244,2014,1775590978453,420,CLASSIC,7.2691161866931475,1205.4518371400197,1.638530287984111
EUW1_7813505730,gITnGto3BbLgh-p9T6TnUyXecoFxjloyo5ZRjiRudWWyUWWeqT90XKjBKxrOYv8MJKSAOLA_tEAE5A,CHALLENGER,1,5,5,14,3.8,KSante,MIDDLE,33,32308,51871,12721,17,235,2014,1775590978453,420,CLASSIC,7.000993048659383,962.5024826216484,0.9831181727904666
EUW1_7813505730,2UVnIo7M52raKkKN1vr05IY2CNzWZcmbVqcr5wTgXO_H2NN44bvlGBpNh9PgLV3LLVdwgvAhReMD5g,GRANDMASTER,1,10,11,14,2.1818181818181817,Corki,BOTTOM,12,49772,33651,18491,16,271,2014,1775590978453,420,CLASSIC,8.073485600794438,1482.780536246276,0.3574975173783515
EUW1_7813505730,3MBxjusOka3SiYUZLU6YuydcnzU7-2KOSiNMDqD3VxytXpTI0YsZ53FBAp6Uj6zimS-SkKkTnYeXUQ,GRANDMASTER,1,3,7,27,4.285714285714286,Rell,UTILITY,98,18026,31127,10663,14,35,2014,1775590978453,420,CLASSIC,1.0427010923535251,537.0208540218471,2.9195630585898704
EUW1_7813441358,627nQTO0TKvvU4BpN1uieiWtIRBF9ukVbfkLdVUgGTeryH3Aid33tc5z7pLDp_Z8rkgpTwgU5LVCfg,CHALLENGER,0,0,7,1,0.14285714285714285,Ambessa,TOP,21,17529,26715,7562,14,172,1467,1775588484918,420,CLASSIC,7.034764826175869,716.9325153374233,0.8588957055214724
EUW1_7813441358,cRAeQC07wsmazN_kM32pD75Y2HL5EYM7Zo3nXG3fcm_2o_BlODdkpFqG_WAchj9wpAF5yyBbqrwlrw,CHALLENGER,0,2,5,5,1.4,JarvanIV,JUNGLE,18,8817,25915,9480,13,169,1467,1775588484918,420,CLASSIC,6.912065439672801,360.6134969325154,0.7361963190184049
EUW1_7813441358,RpZQtLGH6e1kuHeneKbURLLMD4UWpO4fxDOIWdtqylHn1CsiojjIRcqSsp4nsoKk2-iN67yF7vGuPg,CHALLENGER,0,3,4,5,2.0,Azir,MIDDLE,32,17100,18443,11300,15,256,1467,1775588484918,420,CLASSIC,10.47034764826176,699.3865030674847,1.30879345603272
EUW1_7813441358,9KbSt6MzW8zmXjCIntwWyMrdVFgqf5wyKylOK2YN7SPZdKmx2eZ9lE9RQhGtlXRPXYHG1tzuqlBmog,MASTER,0,5,5,1,1.2,Kaisa,BOTTOM,17,15873,16821,11205,12,199,1467,1775588484918,420,CLASSIC,8.139059304703476,649.2024539877301,0.6952965235173825
EUW1_7813441358,o1FY1NkUwVrnlJPX9Y_xJ12uwnhmMCRwmjyFrL6M38eHRrVhMT64KiwCoRxJt9cMXxvcNz0AjpuV6Q,MASTER,0,1,9,7,0.8888888888888888,Bard,UTILITY,69,16110,22913,6888,10,23,1467,1775588484918,420,CLASSIC,0.9406952965235174,658.8957055214725,2.8220858895705523
EUW1_7813441358,OP9cH99sIDECxw6udWkp7WF_xuzy2lFHDYQA0iFgJfPBJ4MYGEtr-ElcUwbF0LSha7ZEDV2-JYsoOA,MASTER,1,3,1,12,15.0,Ornn,TOP,16,14025,26596,8621,15,141,1467,1775588484918,420,CLASSIC,5.766871165644172,573.6196319018405,0.65439672801636
EUW1_7813441358,k8U-jWyXQcfhdN_VJJOdctkpRfUgQDjqsCW_FY9GKjYUGTVmLjvW-D6yoB-iWtEfMHSwL7-J8-ChPw,CHALLENGER,1,9,1,14,23.0,Vi,JUNGLE,46,26753,26272,11871,15,177,1467,1775588484918,420,CLASSIC,7.2392638036809815,1094.1922290388547,1.8813905930470347
EUW1_7813441358,RAs-nZP4SQnd2-sdOttAUjmTTIjNnIaAZPIarsGRhoSBFpqtjGal6dL2OYwr-Aq9cxlB4t-qFsbVog,GRANDMASTER,1,8,2,9,8.5,Xerath,MIDDLE,14,17976,11264,12125,15,204,1467,1775588484918,420,CLASSIC,8.343558282208589,735.2147239263804,0.5725971370143149
EUW1_7813441358,EVSDw4FVXC2JRvYJhQZWrqi3WyJXqZ5qex65Jnom5LRr3QJypN-idkkKTpf3mVLBfVqmyv-VzVwe_A,GRANDMASTER,1,8,4,7,3.75,Yunara,BOTTOM,10,26008,18103,13778,14,229,1467,1775588484918,420,CLASSIC,9.366053169734151,1063.7218813905931,0.40899795501022496
EUW1_7813441358,Q3Sc0Nl_5juhYUIss2wBoaN3UGsDIKKdsILewwH2EAKozvtS7gSa9_1ws69WP1QCagWG7wVxsybudg,CHALLENGER,1,2,3,19,7.0,Lulu,UTILITY,61,11652,14490,7654,12,16,1467,1775588484918,420,CLASSIC,0.65439672801636,476.56441717791415,2.494887525562372
EUW1_7813380771,oQWXvYuzYw0Gep54tjngdANO83UeQijSuD5PUWXAz367WjbAlcH8dQJ9qbfyNbJaCiZkCn8TBkwERQ,GRANDMASTER,0,12,4,10,5.5,Shen,TOP,35,27729,47410,16462,19,233,2114,1775585862939,420,CLASSIC,6.613055818353831,787.0104068117313,0.9933774834437086
EUW1_7813380771,cRAeQC07wsmazN_kM32pD75Y2HL5EYM7Zo3nXG3fcm_2o_BlODdkpFqG_WAchj9wpAF5yyBbqrwlrw,CHALLENGER,0,8,7,10,2.5714285714285716,DrMundo,JUNGLE,49,34505,86385,15145,17,240,2114,1775585862939,420,CLASSIC,6.811731315042573,979.3282876064333,1.390728476821192
EUW1_7813380771,lGAMsFyoNuFABpZXmmVrrKfSeOW3be-ZmV4tq4AZk77MWE1SBdqk9PhN0EWduTwWu9xJfKNy6QDSgA,CHALLENGER,0,6,10,9,1.5,Ryze,MIDDLE,63,28822,45951,15743,18,283,2114,1775585862939,420,CLASSIC,8.0321665089877,818.0321665089876,1.7880794701986755
EUW1_7813380771,Q3Sc0Nl_5juhYUIss2wBoaN3UGsDIKKdsILewwH2EAKozvtS7gSa9_1ws69WP1QCagWG7wVxsybudg,CHALLENGER,0,6,6,9,2.5,Draven,BOTTOM,37,28498,21240,18029,16,322,2114,1775585862939,420,CLASSIC,9.139072847682119,808.8363292336802,1.0501419110690633
EUW1_7813380771,EVSDw4FVXC2JRvYJhQZWrqi3WyJXqZ5qex65Jnom5LRr3QJypN-idkkKTpf3mVLBfVqmyv-VzVwe_A,GRANDMASTER,0,1,8,18,2.375,Nautilus,UTILITY,90,11066,38695,10190,15,33,2114,1775585862939,420,CLASSIC,0.9366130558183539,314.077578051088,2.554399243140965
EUW1_7813380771,YMpplcMC4AaZcxH9LG4gAqy4n2wjrA5f9SjESi8_TSzFCK6eqlxy1Nj1h0yiTk2uN6VY4neoV-XRAA,CHALLENGER,1,10,8,7,2.125,Varus,TOP,29,56991,40261,17042,19,266,2114,1775585862939,420,CLASSIC,7.549668874172185,1617.530747398297,0.8230842005676443
EUW1_7813380771,k8U-jWyXQcfhdN_VJJOdctkpRfUgQDjqsCW_FY9GKjYUGTVmLjvW-D6yoB-iWtEfMHSwL7-J8-ChPw,CHALLENGER,1,5,7,21,3.7142857142857144,Ornn,JUNGLE,36,29190,48129,14774,18,226,2114,1775585862939,420,CLASSIC,6.41438032166509,828.476821192053,1.021759697256386
EUW1_7813380771,O6Bn8A4qYG6cHhs0oI27lWCfwIRtoR17hy7Ssk8j8IxhhzpqoLoRhfO__EZiJI8muLoq4lsqvo_R8w,CHALLENGER,1,9,7,6,2.142857142857143,Zed,MIDDLE,23,38325,24684,19936,18,317,2114,1775585862939,420,CLASSIC,8.997161778618732,1087.7483443708609,0.6527909176915799
EUW1_7813380771,dSAOpWUbxfSSu0zOBaQ7PhfPNmZEiQ4wxHg8QQC9JF-ef_Khr2y9oEivdiyU4jTvjFNMjN4M8pQH1g,CHALLENGER,1,9,7,12,3.0,Ezreal,BOTTOM,26,65547,35204,19410,17,300,2114,1775585862939,420,CLASSIC,8.514664143803216,1860.3689687795647,0.7379375591296121
EUW1_7813380771,pYSFmvFDERUPHvze6xR8pNBgkqhqCvXmJkRhkg00-LGPHNZil0EctRpPRFZggphVrqpk1-JAMb4kTQ,CHALLENGER,1,2,4,22,6.0,Nami,UTILITY,115,17866,16232,10384,16,41,2114,1775585862939,420,CLASSIC,1.163670766319773,507.0766319772942,3.2639545884578998
EUW1_7813193147,9F5L1lI2gZNxlwWwcAGRQNaskcDSKXpn2FmRU2K7-OjCWClDL6I3KVeetV75s3X0z16nakudqJjoIA,MASTER,0,7,3,3,3.3333333333333335,Vladimir,TOP,27,39912,40522,13369,18,262,1758,1775576372688,420,CLASSIC,8.9419795221843,1362.1843003412969,0.9215017064846416
EUW1_7813193147,k8U-jWyXQcfhdN_VJJOdctkpRfUgQDjqsCW_FY9GKjYUGTVmLjvW-D6yoB-iWtEfMHSwL7-J8-ChPw,CHALLENGER,0,4,4,11,3.75,JarvanIV,JUNGLE,58,15639,27155,12885,16,207,1758,1775576372688,420,CLASSIC,7.064846416382252,533.7542662116041,1.9795221843003412
EUW1_7813193147,f4C8I2oPNvSP2lncRqsvpH-WPqeil60xG2ZNDrs58NGMb5z2H_ZqDECZeojjEhSeRVbJ1HVylh5uSA,MASTER,0,4,9,1,0.5555555555555556,Lucian,MIDDLE,18,20973,23346,11189,15,219,1758,1775576372688,420,CLASSIC,7.474402730375426,715.80204778157,0.6143344709897611
EUW1_7813193147,ELXOgsmxmVFXIv_quLjtdX9x0Xuwwa5JGRNDSaEf4So2fNPgPfZnU02sBNqOux7Bx3NSHGLZqwZGxA,GRANDMASTER,0,14,6,9,3.8333333333333335,Zeri,BOTTOM,21,51046,25686,19089,16,292,1758,1775576372688,420,CLASSIC,9.965870307167235,1742.1843003412969,0.7167235494880546
EUW1_7813193147,HnWrxzaM4iXPAe3h2E-HqQbtYZMWZ1O8kJuW42fy1rljuVubsUHv46bi0R5EJbbTkVfgqjtzp54nUA,GRANDMASTER,0,3,10,13,1.6,Poppy,UTILITY,98,18331,32290,9054,12,15,1758,1775576372688,420,CLASSIC,0.5119453924914675,625.6313993174061,3.3447098976109215
EUW1_7813193147,-aUkBGSFDUIJAGCg2W4-BQejPVxkG5dU9IY9yoaFlHKzici_H00NyVfw74MBmDnyjZwHxlfSQ3oDcg,MASTER,1,8,5,3,2.2,Kassadin,TOP,25,30232,35969,14310,18,231,1758,1775576372688,420,CLASSIC,7.8839590443686,1031.8088737201365,0.8532423208191126
EUW1_7813193147,otnd7_XAMIpU_4hmwXwD9uN3KpvJskMFZYCuY4-pWw1QccDivIN2FUFdMHOpaGPRhZEhQxyey0OnbQ,MASTER,1,12,5,12,4.8,Fizz,JUNGLE,25,34152,31067,16280,17,222,1758,1775576372688,420,CLASSIC,7.57679180887372,1165.5972696245733,0.8532423208191126
EUW1_7813193147,upp7YXiOZ_IKsRDDCvUOn3q7sqnzSdHyZD7C00XkcqlVJEah96JcPI6aIajfhshEtHDV_7TjyGetQw,GRANDMASTER,1,3,4,8,2.75,Sion,MIDDLE,20,23816,46164,12651,17,247,1758,1775576372688,420,CLASSIC,8.430034129692833,812.8327645051195,0.68259385665529
EUW1_7813193147,02lIZccJKhmEKEjixf-haz-W3aA6IOyYAguuxMKf6leavEv9Ll0wLwWf2FvCn8rC1HeeijEpYBVvww,GRANDMASTER,1,9,9,2,1.2222222222222223,Twitch,BOTTOM,21,20535,22212,14080,15,198,1758,1775576372688,420,CLASSIC,6.757679180887372,700.853242320819,0.7167235494880546
EUW1_7813193147,qNm3455QmkjDf1HCNjiauIbrLl3YijNPO9aa2KmwyecgewqCAu2v-eO4qolVR8ERIYmWyBho8KfjSg,GRANDMASTER,1,0,9,15,1.6666666666666667,Alistar,UTILITY,61,8342,39478,8556,14,38,1758,1775576372688,420,CLASSIC,1.2969283276450512,284.7098976109215,2.0819112627986347
EUW1_7813785990,kCMp8mWNx9L3leqmKepXGXKfCjcwvEFvXqdiVnhTQ6hhIHRttd0Xj1V7e9ikPFERIXpIzHX2sdHwMw,CHALLENGER,0,2,8,6,1.0,Yone,TOP,20,16315,28672,10343,16,224,1662,1775607925408,420,CLASSIC,8.086642599277978,588.9891696750902,0.7220216606498195
EUW1_7813785990,Wt3gVpSCS6snj07ojo4XL1PO6oUGP6hB9FwIqNAD9tcZjEKf6sFVRsXyb6u9D3cfwIS5pcSajHuuTg,CHALLENGER,0,4,7,10,2.0,Graves,JUNGLE,29,15583,22361,13207,16,212,1662,1775607925408,420,CLASSIC,7.653429602888087,562.5631768953069,1.0469314079422383
EUW1_7813785990,c2GzEzBVGXXAwAjIbFUoDVY_XDmgCxb4PFGWaD-ZZPqsoIdVc783_SfIB0Qbiqk8oUO9RVraDWjiYw,GRANDMASTER,0,3,8,7,1.25,TwistedFate,MIDDLE,19,21883,29935,10110,14,164,1662,1775607925408,420,CLASSIC,5.92057761732852,790.0,0.6859205776173285
EUW1_7813785990,pM-1la4VDf88hXeU0_R9g7OAOsqBY15zSXYDe7YgbduEXyR0UT4_v98GNB4l3ysHbjTRvdfpIOabQQ,CHALLENGER,0,7,8,4,1.375,Yasuo,BOTTOM,19,17751,23167,14663,15,233,1662,1775607925408,420,CLASSIC,8.411552346570398,640.8303249097473,0.6859205776173285
EUW1_7813785990,kHNAFNCaMJo2-d5KdUi60a0hN-qrxYYLXOoKBOC1wa-0ct29KFGyN7rksuiD3sqYZatYZTeCtFSAjg,CHALLENGER,0,5,6,10,2.5,Sylas,UTILITY,85,15549,23907,8740,12,24,1662,1775607925408,420,CLASSIC,0.8664259927797834,561.3357400722022,3.068592057761733
EUW1_7813785990,pMp2TVHEbJd2zX1yWpP22JgEW1q7Ro-0JawH01A305S2brGqnLXJ5zfmc57JK8I8bWDFS5TuPzDzJw,CHALLENGER,1,5,5,7,2.4,Qiyana,TOP,22,19996,19381,11788,16,213,1662,1775607925408,420,CLASSIC,7.689530685920578,721.8772563176896,0.7942238267148015
EUW1_7813785990,60yBi7zPq9Y1ZBnXMb_qvK8I9suqmXWw5Ps4JrE09jkML9kZ8wa2mC7zrxx8tk80P_Mw43r90947cA,CHALLENGER,1,15,5,9,4.8,Nidalee,JUNGLE,23,32040,23803,15056,16,181,1662,1775607925408,420,CLASSIC,6.534296028880867,1156.678700361011,0.8303249097472925
EUW1_7813785990,nmK4NnHesoY6A1bwqR-MjgjWZNhK0-CEwdFZ3DBo9mPWVBJ-PO-YmPHiXetv0kyihvfyrIxQk9BDHA,CHALLENGER,1,5,4,15,5.0,Ryze,MIDDLE,17,22815,27157,14772,17,254,1662,1775607925408,420,CLASSIC,9.169675090252708,823.6462093862816,0.6137184115523466
EUW1_7813785990,pnQAkEXdDve2iSvxxR7frG523NZo4cQK2zSXLGxmFZfAAQxCahXe6JW8qoZBgFS6_umOK2pYwdIy5Q,CHALLENGER,1,11,5,7,3.6,Draven,BOTTOM,17,24225,20424,17878,15,227,1662,1775607925408,420,CLASSIC,8.194945848375452,874.5487364620939,0.6137184115523466
EUW1_7813785990,h8ey98mJ9DjYNP01H28jpk14zCQ2Yy-yZwgHPiKiidB18cnKrsBBAb4NY0FyJCDfDz3k7Kw7T8QAEQ,GRANDMASTER,1,1,2,21,11.0,Nautilus,UTILITY,81,10803,23691,9211,12,26,1662,1775607925408,420,CLASSIC,0.9386281588447654,390.0,2.924187725631769
EUW1_7813769153,tFAwMSD9QeVsFSDMK34wncr0tWZLAFB4hrtd2imDTqV3X-HuuEy_eMR_lQAFCMSqYNvkS4olGR7Zyg,MASTER,1,8,6,3,1.8333333333333333,Mordekaiser,TOP,16,15226,29743,11063,17,187,1631,1775605808071,420,CLASSIC,6.879215205395463,560.1226241569589,0.5885959534028203
EUW1_7813769153,60yBi7zPq9Y1ZBnXMb_qvK8I9suqmXWw5Ps4JrE09jkML9kZ8wa2mC7zrxx8tk80P_Mw43r90947cA,CHALLENGER,1,5,5,11,3.2,Nidalee,JUNGLE,30,17590,30448,11466,15,184,1631,1775605808071,420,CLASSIC,6.768853464132434,647.0876762722256,1.1036174126302882
EUW1_7813769153,afENwh6wZjfJPorrWSfVp7Y4rJoKZObbM8I_sC5hta8UZz5h0G5Apf1jFDj_DUwKINiIuzvDeIJetA,CHALLENGER,1,8,4,5,3.25,Yone,MIDDLE,15,22900,28761,14377,16,260,1631,1775605808071,420,CLASSIC,9.564684242795831,842.4279583077866,0.5518087063151441
EUW1_7813769153,_UuW4vvy1lwCIro2scyA65KKV7Ov7j5qq6H0afGMTbGALhhC70Ohrx-RC5c4Q1AMdbInW8YXBsA5_w,GRANDMASTER,1,20,6,4,4.0,Ezreal,BOTTOM,26,42069,32395,17115,16,228,1631,1775605808071,420,CLASSIC,8.38749233599019,1547.6026977314532,0.9564684242795831
EUW1_7813769153,h8ey98mJ9DjYNP01H28jpk14zCQ2Yy-yZwgHPiKiidB18cnKrsBBAb4NY0FyJCDfDz3k7Kw7T8QAEQ,GRANDMASTER,1,2,4,23,6.25,Karma,UTILITY,75,12674,27683,9366,14,33,1631,1775605808071,420,CLASSIC,1.213979153893317,466.24156958920906,2.7590435315757205
EUW1_7813769153,ipzpvL1xn3IwqkVVi1H8LVzu9XEGJu0St5-BCdyqpcDNj388_BJ0pag7-4X1i5473bIz8Sdrc5qvCA,GRANDMASTER,0,1,7,10,1.5714285714285714,Viktor,TOP,25,24156,19612,9680,16,218,1631,1775605808071,420,CLASSIC,8.019619865113427,888.632740649908,0.9196811771919068
EUW1_7813769153,ztNhAVC30Mq-uhIB_Ul4elzpMdxoXW_JANCfjVetj6PMxiCzjFkN8FiGUx4HfupRgAOAqyBDIaJBBA,CHALLENGER,0,9,4,7,4.0,Nocturne,JUNGLE,36,21820,33387,12974,15,176,1631,1775605808071,420,CLASSIC,6.474555487431024,802.6977314530963,1.3243408951563458
EUW1_7813769153,rmKJl_rhni6Dh-RAHgNkZr2jCGQrJvgywYK4ywPZdiJ2_Lb6xno1z8nTz8IkaVa0JzszVREf0aixyQ,MASTER,0,9,7,3,1.7142857142857142,Aurora,MIDDLE,20,29876,22925,11978,15,177,1631,1775605808071,420,CLASSIC,6.5113427345187,1099.0557939914163,0.7357449417535254
EUW1_7813769153,EVSDw4FVXC2JRvYJhQZWrqi3WyJXqZ5qex65Jnom5LRr3QJypN-idkkKTpf3mVLBfVqmyv-VzVwe_A,GRANDMASTER,0,3,13,5,0.6153846153846154,Draven,BOTTOM,11,29771,27500,10605,13,196,1631,1775605808071,420,CLASSIC,7.210300429184549,1095.1931330472103,0.404659717964439
EUW1_7813769153,Q3Sc0Nl_5juhYUIss2wBoaN3UGsDIKKdsILewwH2EAKozvtS7gSa9_1ws69WP1QCagWG7wVxsybudg,CHALLENGER,0,3,12,9,1.0,Twitch,UTILITY,52,15528,25735,8203,12,30,1631,1775605808071,420,CLASSIC,1.1036174126302882,571.2323727774371,1.9129368485591662
EUW1_7813756520,IN6JaqLRaSAupnVpX-NPYJ3nJfG7bjM4-PBRBxlmCJuw3DVCSjnZK6qqQvkuuR2vpUECVj1jLDSLvg,GRANDMASTER,0,2,6,1,0.5,Ambessa,TOP,24,17186,23697,7544,14,161,1386,1775604014040,420,CLASSIC,6.969696969696969,743.982683982684,1.0389610389610389
EUW1_7813756520,60yBi7zPq9Y1ZBnXMb_qvK8I9suqmXWw5Ps4JrE09jkML9kZ8wa2mC7zrxx8tk80P_Mw43r90947cA,CHALLENGER,0,6,3,4,3.3333333333333335,LeeSin,JUNGLE,31,16872,21118,9759,13,148,1386,1775604014040,420,CLASSIC,6.406926406926407,730.3896103896103,1.3419913419913418
EUW1_7813756520,afENwh6wZjfJPorrWSfVp7Y4rJoKZObbM8I_sC5hta8UZz5h0G5Apf1jFDj_DUwKINiIuzvDeIJetA,CHALLENGER,0,4,6,4,1.3333333333333333,Azir,MIDDLE,15,23095,21134,10018,13,196,1386,1775604014040,420,CLASSIC,8.484848484848484,999.7835497835497,0.6493506493506493
EUW1_7813756520,rZM20aIR4DIXOHvfw0KHQexxjhzsXRYl2AHWSJpLlmFdR7tI7hlj8pUURloogHqc9WdLVRgBrZkIlg,GRANDMASTER,0,0,4,2,0.5,Sivir,BOTTOM,9,7740,14331,9075,13,218,1386,1775604014040,420,CLASSIC,9.437229437229437,335.06493506493507,0.3896103896103896
EUW1_7813756520,LX25OXBYVv3Y4kiVCH1LS9vLZOXcGTiBc-1XpfvGpu71MvDNA1M-o2Rv11stKmJAZtaV4M-UMMGiqA,GRANDMASTER,0,1,4,8,2.25,Karma,UTILITY,70,8249,18113,6254,9,15,1386,1775604014040,420,CLASSIC,0.6493506493506493,357.0995670995671,3.0303030303030303
EUW1_7813756520,VBumiuzKW88I4O4jP4cy_UzdNJFPNAXRfPjeclt-DBG4EEF9ajvXAp-o1kpEmU7WW0oNSFnX-W98wQ,GRANDMASTER,1,2,3,8,3.3333333333333335,Sion,TOP,25,15286,27622,8955,15,168,1386,1775604014040,420,CLASSIC,7.2727272727272725,661.7316017316017,1.0822510822510822
EUW1_7813756520,nZsDo9roUHgA4ihLEE1SQkoEpEWw65vEdRriOpZ8euHxYvutCm7WO8n60wXeJkJ046BUOeB8c9iCoA,CHALLENGER,1,5,3,5,3.3333333333333335,XinZhao,JUNGLE,34,14119,33071,10006,13,171,1386,1775604014040,420,CLASSIC,7.402597402597402,611.2121212121211,1.4718614718614718
EUW1_7813756520,Qp1ql65eZiD-erOUIWclqFLAtPn8qnnCAfWVgvgxZbTP2f8dRSVcIu-aLThG8WgT-uPjOVvsI4QNAw,CHALLENGER,1,2,4,8,2.5,Akali,MIDDLE,25,15960,18649,8408,13,158,1386,1775604014040,420,CLASSIC,6.83982683982684,690.9090909090909,1.0822510822510822
EUW1_7813756520,ELXOgsmxmVFXIv_quLjtdX9x0Xuwwa5JGRNDSaEf4So2fNPgPfZnU02sBNqOux7Bx3NSHGLZqwZGxA,GRANDMASTER,1,12,2,2,7.0,Zeri,BOTTOM,30,30107,17047,14801,14,245,1386,1775604014040,420,CLASSIC,10.606060606060606,1303.3333333333333,1.2987012987012987
EUW1_7813756520,vkSJs33nSY3cFbrDU3uDXC07afCw1Xtgcg3IJZPcdvWuLt0pEa3b_wrePcmLXfUKUN54v5PiEsdI-w,GRANDMASTER,1,2,1,16,18.0,Yuumi,UTILITY,43,8088,3877,8516,12,9,1386,1775604014040,420,CLASSIC,0.3896103896103896,350.1298701298701,1.8614718614718613
EUW1_7813722006,60yBi7zPq9Y1ZBnXMb_qvK8I9suqmXWw5Ps4JrE09jkML9kZ8wa2mC7zrxx8tk80P_Mw43r90947cA,CHALLENGER,1,6,4,5,2.75,Akali,TOP,28,30448,32103,12272,17,230,1645,1775601553030,420,CLASSIC,8.389057750759878,1110.565349544073,1.0212765957446808
EUW1_7813722006,Vkc__OO5n1ICxw12JP3kO5ivQes6MGqWa08GFPnP8mRsWAeyimWbh7rJf-Am8YTPVCieWDgokYrpTg,MASTER,1,11,0,14,25.0,Rammus,JUNGLE,34,16013,22268,13427,16,177,1645,1775601553030,420,CLASSIC,6.455927051671733,584.0607902735562,1.2401215805471124
EUW1_7813722006,nYCZkSzNQtev074lukeQrlUK7woVIDaJQ6ePCLvb5HkiTUDazBVsJS3D_F5z7qhQPhfDigYp5uKR9A,GRANDMASTER,1,11,2,18,14.5,Anivia,MIDDLE,18,42178,28682,14437,17,210,1645,1775601553030,420,CLASSIC,7.659574468085106,1538.4072948328267,0.6565349544072948
EUW1_7813722006,VmIBpaMc0q51jz3zDNDxATB5a_ucGaiSSnOUroY_29pEzP_j75PEucclH2Q1v_BEWKc3e14nwBP2PQ,GRANDMASTER,1,9,5,9,3.6,Smolder,BOTTOM,14,26167,21359,14039,15,216,1645,1775601553030,420,CLASSIC,7.878419452887537,954.419452887538,0.5106382978723404
EUW1_7813722006,BVBkHAA1xHyDQxp-vJNeNRYY4TtffWCJWUQy8xdVnIoRKYL5cXn9NdqIIJ38k9C1FJ56Q6Nr4Gkb-A,GRANDMASTER,1,4,6,26,5.0,Sion,UTILITY,65,16009,26700,10656,14,36,1645,1775601553030,420,CLASSIC,1.3130699088145896,583.9148936170212,2.370820668693009
EUW1_7813722006,rZM20aIR4DIXOHvfw0KHQexxjhzsXRYl2AHWSJpLlmFdR7tI7hlj8pUURloogHqc9WdLVRgBrZkIlg,GRANDMASTER,0,2,10,2,0.4,Gragas,TOP,20,16216,41019,7295,15,129,1645,1775601553030,420,CLASSIC,4.7051671732522795,591.4650455927051,0.729483282674772
EUW1_7813722006,UdDPNVitl4Dd-fklN50LCRSZuLlf3LgUkKnjF14rYAhtdL-SDCq8qUdTqiBVBRCf3OoT971xwW4ULg,MASTER,0,1,8,5,0.75,Shaco,JUNGLE,22,14912,23981,8792,14,175,1645,1775601553030,420,CLASSIC,6.382978723404255,543.90273556231,0.8024316109422492
EUW1_7813722006,LX25OXBYVv3Y4kiVCH1LS9vLZOXcGTiBc-1XpfvGpu71MvDNA1M-o2Rv11stKmJAZtaV4M-UMMGiqA,GRANDMASTER,0,6,8,1,0.875,Ryze,MIDDLE,11,23855,31073,11231,16,218,1645,1775601553030,420,CLASSIC,7.951367781155015,870.0911854103343,0.4012158054711246
EUW1_7813722006,zglF4USDMbgfnyIS-0y3TpjtRfO7MkApy9dxJY6jfFUT1jw3YEUUr4L4t9owr28wf-OjmBu9zPl2bw,CHALLENGER,0,6,9,5,1.2222222222222223,Jinx,BOTTOM,17,28567,27694,13841,14,239,1645,1775601553030,420,CLASSIC,8.717325227963526,1041.9574468085107,0.6200607902735562
EUW1_7813722006,afENwh6wZjfJPorrWSfVp7Y4rJoKZObbM8I_sC5hta8UZz5h0G5Apf1jFDj_DUwKINiIuzvDeIJetA,CHALLENGER,0,2,6,11,2.1666666666666665,Lulu,UTILITY,69,14333,23948,8054,13,23,1645,1775601553030,420,CLASSIC,0.8389057750759878,522.7841945288753,2.5167173252279635
EUW1_7813689747,UQ1B9ebaHqJ1SeN0poF0dlJ9yQlsqw9wBHMwUz4MXHhyqMJzEUd0V5QeEnPvgZx5M8x_rVS-4heWag,CHALLENGER,1,8,3,14,7.333333333333333,Gnar,TOP,26,31802,26270,13023,17,201,1621,1775599321112,420,CLASSIC,7.439851943244911,1177.12523133868,0.9623689080814313
EUW1_7813689747,v6LGjm9ejQLHzObOf4ZwLInDh3WNCNvKzeiNNdLNiNTO6GAnuvmtfvzNqBHulHK-4H64fyOlEB3Cmg,GRANDMASTER,1,13,8,8,2.625,Rengar,JUNGLE,13,37947,34765,14596,16,181,1621,1775599321112,420,CLASSIC,6.699568167797656,1404.577421344849,0.48118445404071564
EUW1_7813689747,60yBi7zPq9Y1ZBnXMb_qvK8I9suqmXWw5Ps4JrE09jkML9kZ8wa2mC7zrxx8tk80P_Mw43r90947cA,CHALLENGER,1,9,2,13,11.0,Zoe,MIDDLE,31,44250,17761,12282,16,202,1621,1775599321112,420,CLASSIC,7.476866132017274,1637.8778531770513,1.147439851943245
EUW1_7813689747,pnQAkEXdDve2iSvxxR7frG523NZo4cQK2zSXLGxmFZfAAQxCahXe6JW8qoZBgFS6_umOK2pYwdIy5Q,CHALLENGER,1,6,9,14,2.2222222222222223,Ashe,BOTTOM,20,23423,22143,13943,14,209,1621,1775599321112,420,CLASSIC,7.7359654534238125,866.9833436150525,0.7402837754472548
EUW1_7813689747,iC5KFdMzgCDsTuYpINrdc9oBgYdNHLvxOnhaO4w1J2fdO0l-ub0dXMz9-6bXzHlpDpLp3t40FqQglg,MASTER,1,8,5,26,6.8,Senna,UTILITY,57,33267,27199,12483,14,27,1621,1775599321112,420,CLASSIC,0.999383096853794,1231.3510178901913,2.109808760024676
EUW1_7813689747,OWr_m3salUN_iLViik6lqfLpEQgolt18-JHX5eoHdzZ5VZdGUmK1QlA1FsIMAXbkqzeKfGeCV8QpUQ,MASTER,0,6,10,5,1.1,Sylas,TOP,22,19169,37284,9412,15,149,1621,1775599321112,420,CLASSIC,5.5151141270820485,709.5249845774214,0.8143121529919803
EUW1_7813689747,2O7GXS6GfKDR6Qxb9Ogp4kxenR8JWGigl2yvXw4OQbulAEXuWhOi4NuXYDun8R6lAjimQ44KFlFckA,CHALLENGER,0,2,7,5,1.0,Aatrox,JUNGLE,23,15065,36301,9662,14,176,1621,1775599321112,420,CLASSIC,6.514497223935843,557.6187538556446,0.8513263417643431
EUW1_7813689747,i0OSjsBCkT_aL1p7w3XQewCVq7RmsVkp1D-w_7FvowjBVn54vvt8MTOVZkjNd0TNmUL_eoV3424Zbg,GRANDMASTER,0,2,7,3,0.7142857142857143,Sion,MIDDLE,20,11935,53110,10229,14,200,1621,1775599321112,420,CLASSIC,7.402837754472548,441.7643429981493,0.7402837754472548
EUW1_7813689747,WO1eZMitoKW3EARONThzsXsh2Ne1ucFWdpAPjcHYJQRgDkiuUrHyi4n-FTYMRNr9q5mebJVypvgWww,MASTER,0,11,10,6,1.7,Varus,BOTTOM,15,31915,25848,14757,14,190,1621,1775599321112,420,CLASSIC,7.032695866748921,1181.307834669957,0.5552128315854411
EUW1_7813689747,p-yFF6UyV6rueuD_BXdvS5TMhrcoZZGLcXrjWvKkCUxPmPWHxJYLLFsNziOnGXkuq4Txad0-YECjDQ,CHALLENGER,0,6,10,14,2.0,Nautilus,UTILITY,66,16947,33419,9786,13,20,1621,1775599321112,420,CLASSIC,0.7402837754472548,627.2794571252314,2.442936458975941
EUW1_7813643950,9c4B2-VFULZWI3PfTB_-8zmllsWjd-wn9jII4Jrg2ue6wPbh6kTQaFTQqLLGnLdeviDC9rwy5tzpNw,GRANDMASTER,1,4,2,5,4.5,Aatrox,TOP,30,18902,33248,10334,16,197,1532,1775597146567,420,CLASSIC,7.715404699738903,740.2872062663184,1.1749347258485638
EUW1_7813643950,60yBi7zPq9Y1ZBnXMb_qvK8I9suqmXWw5Ps4JrE09jkML9kZ8wa2mC7zrxx8tk80P_Mw43r90947cA,CHALLENGER,1,11,5,14,5.0,Nocturne,JUNGLE,24,35624,39937,14407,16,199,1532,1775597146567,420,CLASSIC,7.7937336814621405,1395.195822454308,0.9399477806788511
EUW1_7813643950,UQ1B9ebaHqJ1SeN0poF0dlJ9yQlsqw9wBHMwUz4MXHhyqMJzEUd0V5QeEnPvgZx5M8x_rVS-4heWag,CHALLENGER,1,4,5,16,4.0,Orianna,MIDDLE,24,30907,20307,10831,16,179,1532,1775597146567,420,CLASSIC,7.010443864229765,1210.456919060052,0.9399477806788511
EUW1_7813643950,wXFgFN4t_J4Z-F7sa7gzTlqykvB3zfRh43GFRnugtx-bhB6XMcdv6A3OFTLBlKVk35bBKHqYv0RpmA,CHALLENGER,1,16,5,8,4.8,Ezreal,BOTTOM,26,37935,23634,17158,15,203,1532,1775597146567,420,CLASSIC,7.950391644908616,1485.7049608355092,1.0182767624020888
EUW1_7813643950,AmCKOJYZKPS4yxXtQUfHLEqHDUZkeTgxIwIWsK3yX3GVsQhu8vdtdDFoK5HJYPM9VCmk1TcSLg6fdw,CHALLENGER,1,5,6,20,4.166666666666667,Seraphine,UTILITY,79,10537,20467,9855,13,30,1532,1775597146567,420,CLASSIC,1.1749347258485638,412.67624020887723,3.0939947780678847
EUW1_7813643950,GawfTdbqD6aewubpHVeswQMEvL13OJuT-lxzPBxHUYX5PF09PyzjMvCxWi0FwcD2uJHMyzPqcMkdxw,CHALLENGER,0,4,7,4,1.1428571428571428,Renekton,TOP,23,26029,35206,10003,15,188,1532,1775597146567,420,CLASSIC,7.362924281984334,1019.4125326370756,0.9007832898172323
EUW1_7813643950,3G2BSKqDIbF2uuuF9Wc0lg3rea-iukpCI9yQEH2GNi2Qt6MvkiXURqi1AWQAb341C7OK-w2uYj6QKQ,GRANDMASTER,0,7,4,12,4.75,LeeSin,JUNGLE,26,24525,33194,11258,14,142,1532,1775597146567,420,CLASSIC,5.561357702349869,960.509138381201,1.0182767624020888
EUW1_7813643950,2O7GXS6GfKDR6Qxb9Ogp4kxenR8JWGigl2yvXw4OQbulAEXuWhOi4NuXYDun8R6lAjimQ44KFlFckA,CHALLENGER,0,4,9,5,1.0,Ryze,MIDDLE,18,22065,28702,10098,15,185,1532,1775597146567,420,CLASSIC,7.245430809399477,864.1644908616188,0.7049608355091384
EUW1_7813643950,Tv6UMY_2z-9OV64EKjyCbOtFNaAec4NXDQw1UIVWOR5cNVTOTetRnT95mjoXf4t05McMlumobEiWwQ,CHALLENGER,0,8,10,4,1.2,Ashe,BOTTOM,37,25591,26662,11921,12,181,1532,1775597146567,420,CLASSIC,7.088772845953002,1002.2584856396866,1.4490861618798954
EUW1_7813643950,TpnuFmp7IpW_4XT6B6bU8YKTExZcICTj0G0e2yLO_Tc2ABIxZIYAehEDoqScp-xkbgUBozEStsIyOA,CHALLENGER,0,0,10,9,0.9,Anivia,UTILITY,71,13746,32343,6936,12,48,1532,1775597146567,420,CLASSIC,1.8798955613577022,538.355091383812,2.7806788511749345
EUW1_7813596925,-wOrJ0epX6d0-CLuXUqrsJfEhwW6GUjdQ-hJ1QIXnX8rr8hNeGuyRksBk3vMpwJzvG9W3kZFpG7c4w,CHALLENGER,1,7,3,11,6.0,Jayce,TOP,18,23715,16688,10941,15,201,1380,1775594979986,420,CLASSIC,8.73913043478261,1031.0869565217392,0.782608695652174
EUW1_7813596925,60yBi7zPq9Y1ZBnXMb_qvK8I9suqmXWw5Ps4JrE09jkML9kZ8wa2mC7zrxx8tk80P_Mw43r90947cA,CHALLENGER,1,12,4,4,4.0,Sylas,JUNGLE,21,29011,34086,12165,15,176,1380,1775594979986,420,CLASSIC,7.6521739130434785,1261.3478260869565,0.9130434782608695
EUW1_7813596925,7q45mf95hqeN2lGg4j03p4O4vNO9hXZ_tQUR432ZRmVc_FzAaY0MZ8EqVGcAD2WXpARHeCo3VMhNNQ,CHALLENGER,1,11,1,4,15.0,Viktor,MIDDLE,20,29713,16347,13196,16,236,1380,1775594979986,420,CLASSIC,10.26086956521739,1291.8695652173913,0.8695652173913043
EUW1_7813596925,CyOXI1t21C83DiatcP6TcTK2WYJfmTI9EhRpehR1yYVed1SmMvwakIkfg2YZd5mmmM72t2ywIGwcQw,MASTER,1,3,11,6,0.8181818181818182,Corki,BOTTOM,20,22764,22586,8791,11,142,1380,1775594979986,420,CLASSIC,6.173913043478261,989.7391304347826,0.8695652173913043
EUW1_7813596925,5jb1sS5yzWPcGCfPg2RhM3MOKfpgV_QdHMs2byzTAySr3OM1RcX_IvsUGP2nchyw3aDUNrvyn9CkVg,GRANDMASTER,1,1,10,18,1.9,Nami,UTILITY,61,10785,20580,7177,11,16,1380,1775594979986,420,CLASSIC,0.6956521739130435,468.9130434782609,2.652173913043478
EUW1_7813596925,GawfTdbqD6aewubpHVeswQMEvL13OJuT-lxzPBxHUYX5PF09PyzjMvCxWi0FwcD2uJHMyzPqcMkdxw,CHALLENGER,0,3,13,2,0.38461538461538464,Irelia,TOP,20,11670,25862,7813,13,143,1380,1775594979986,420,CLASSIC,6.217391304347826,507.39130434782606,0.8695652173913043
EUW1_7813596925,2O7GXS6GfKDR6Qxb9Ogp4kxenR8JWGigl2yvXw4OQbulAEXuWhOi4NuXYDun8R6lAjimQ44KFlFckA,CHALLENGER,0,7,5,5,2.4,Aatrox,JUNGLE,16,18331,35480,8629,12,127,1380,1775594979986,420,CLASSIC,5.521739130434782,797.0,0.6956521739130435
EUW1_7813596925,DGBkgyt2zAOqEBwZLFajIXHXr-Hd240xnYlMHouflGoz6YxtBA7ahPPkElfdyW2sUwv2gQtvZgw6dQ,CHALLENGER,0,2,4,2,1.0,Leblanc,MIDDLE,15,15924,21210,8119,14,199,1380,1775594979986,420,CLASSIC,8.652173913043478,692.3478260869565,0.6521739130434783
EUW1_7813596925,Tv6UMY_2z-9OV64EKjyCbOtFNaAec4NXDQw1UIVWOR5cNVTOTetRnT95mjoXf4t05McMlumobEiWwQ,CHALLENGER,0,11,6,9,3.3333333333333335,Ashe,BOTTOM,43,26267,22200,12291,13,205,1380,1775594979986,420,CLASSIC,8.91304347826087,1142.0434782608695,1.8695652173913044
EUW1_7813596925,TpnuFmp7IpW_4XT6B6bU8YKTExZcICTj0G0e2yLO_Tc2ABIxZIYAehEDoqScp-xkbgUBozEStsIyOA,CHALLENGER,0,6,6,14,3.3333333333333335,Anivia,UTILITY,68,18411,32125,8688,12,34,1380,1775594979986,420,CLASSIC,1.4782608695652173,800.4782608695652,2.9565217391304346
EUW1_7813534005,8ZpDTuzIgRWnhi7AU1VnyFeqvBQfj9C-WjDb3BitsLy-19JIur8jlpK7iqr6-MqaAlYXpkD0C03zgg,MASTER,1,7,4,6,3.25,Sylas,TOP,26,24256,33949,13411,17,232,1738,1775592296354,420,CLASSIC,8.00920598388953,837.3762945914846,0.8975834292289989
EUW1_7813534005,60yBi7zPq9Y1ZBnXMb_qvK8I9suqmXWw5Ps4JrE09jkML9kZ8wa2mC7zrxx8tk80P_Mw43r90947cA,CHALLENGER,1,12,8,9,2.625,Viego,JUNGLE,24,33824,33234,14770,16,193,1738,1775592296354,420,CLASSIC,6.6628308400460305,1167.686996547756,0.8285385500575374
EUW1_7813534005,a5yzq-6ZPDB-K-qulArHWgDP5BgzDPwhhMeLlDrYYqhJTO5WhrZk5tY8WGuCjW4S8jy3YvqFvAI4AA,CHALLENGER,1,4,5,12,3.2,Azir,MIDDLE,37,24789,19590,13911,16,272,1738,1775592296354,420,CLASSIC,9.390103567318757,855.776754890679,1.2773302646720368
EUW1_7813534005,uIF2CuhhJI_-PIwi9DM9UiXVmeY-OjYFe1a2H5ZBgANKCFHLOqgdngZxU4r8xfUdSAzWzZWHnDIl_w,CHALLENGER,1,9,5,10,3.8,Jhin,BOTTOM,19,29745,18725,15985,16,245,1738,1775592296354,420,CLASSIC,8.457997698504029,1026.8699654775605,0.6559263521288838
EUW1_7813534005,rbMcwJp2KVt60GLmJh8UOQS4MF5Q-uQwJ3JI30iHzba-DWVoWLcCQKhem-U16IdUNQ37HegeyEfjPA,CHALLENGER,1,1,7,14,2.142857142857143,Anivia,UTILITY,112,9611,27644,8215,13,32,1738,1775592296354,420,CLASSIC,1.1047180667433834,331.795166858458,3.8665132336018413
EUW1_7813534005,OP9cH99sIDECxw6udWkp7WF_xuzy2lFHDYQA0iFgJfPBJ4MYGEtr-ElcUwbF0LSha7ZEDV2-JYsoOA,MASTER,0,2,3,9,3.6666666666666665,Ornn,TOP,20,15733,32518,9081,16,183,1738,1775592296354,420,CLASSIC,6.317606444188723,543.1415420023015,0.6904487917146145
EUW1_7813534005,E64fV_dbpZIwrJb8A9sp7o523m5dbJQZq40xBc5lC1pC9oI_NJBhHpdiHfHLtyfs6FzNs-guAk4UGQ,GRANDMASTER,0,6,10,16,2.2,JarvanIV,JUNGLE,24,17449,38816,11881,14,158,1738,1775592296354,420,CLASSIC,5.454545454545455,602.3820483314155,0.8285385500575374
EUW1_7813534005,RAs-nZP4SQnd2-sdOttAUjmTTIjNnIaAZPIarsGRhoSBFpqtjGal6dL2OYwr-Aq9cxlB4t-qFsbVog,GRANDMASTER,0,6,7,9,2.142857142857143,Xerath,MIDDLE,22,18457,19254,13146,16,257,1738,1775592296354,420,CLASSIC,8.872266973532797,637.180667433832,0.759493670886076
EUW1_7813534005,SwAdAEp-V2qDoZbVavkI7Q64yOWU1HXkg6LE3Nnp-XWXKCGVUA6o5cndQwYazLKLc-CfXTAg1VZ-VA,CHALLENGER,0,11,6,8,3.1666666666666665,Velkoz,BOTTOM,21,40124,17888,15686,15,232,1738,1775592296354,420,CLASSIC,8.00920598388953,1385.1783659378598,0.7249712313003452
EUW1_7813534005,97DJAtraCdpS0jTowXOEHDo6AaHpZqr9r8SNEHcK1DJgtb4QVUy8HNKd2vrpVT9KwojCWi7TR4aAIA,GRANDMASTER,0,4,7,14,2.5714285714285716,Blitzcrank,UTILITY,111,11939,27757,9428,12,38,1738,1775592296354,420,CLASSIC,1.3118527042577677,412.1634062140391,3.831990794016111
EUW1_7813483143,8ZpDTuzIgRWnhi7AU1VnyFeqvBQfj9C-WjDb3BitsLy-19JIur8jlpK7iqr6-MqaAlYXpkD0C03zgg,MASTER,0,7,6,6,2.1666666666666665,Aurora,TOP,23,45263,27374,11972,17,213,1730,1775590207611,420,CLASSIC,7.38728323699422,1569.8150289017342,0.7976878612716763
EUW1_7813483143,mXMUH9XJZF6ajy2Wb8uGDlE558pkSolDcbZhHRq84OaLmv_nieGT6MGUcaRYA5TV0lNFO-Vkp-oskA,MASTER,0,6,10,3,0.9,Rengar,JUNGLE,21,20532,37515,12201,15,211,1730,1775590207611,420,CLASSIC,7.317919075144509,712.092485549133,0.7283236994219654
EUW1_7813483143,w5Ku_0kLbF4PdCY1l-9O1GLypCo6kEL-rvfyaCtxmYk-lFBDLgxq4A9ugimuiVmdDoFnb-UMxnfc8Q,GRANDMASTER,0,6,9,3,1.0,Akali,MIDDLE,18,30296,34806,12658,15,185,1730,1775590207611,420,CLASSIC,6.416184971098266,1050.728323699422,0.6242774566473989
EUW1_7813483143,uIF2CuhhJI_-PIwi9DM9UiXVmeY-OjYFe1a2H5ZBgANKCFHLOqgdngZxU4r8xfUdSAzWzZWHnDIl_w,CHALLENGER,0,2,14,5,0.5,Ashe,BOTTOM,20,20950,28212,10274,13,166,1730,1775590207611,420,CLASSIC,5.757225433526012,726.5895953757225,0.6936416184971098
EUW1_7813483143,U6zvih7XeD_E-bWzcyzxAJlxQdUAQDjxUZ_tLKe3gLF3CeO5M-FSLAR8tsSZ2SrF7plAUKKPtlGWTA,GRANDMASTER,0,4,13,9,1.0,Seraphine,UTILITY,113,14973,27547,8953,13,56,1730,1775590207611,420,CLASSIC,1.9421965317919077,519.2947976878613,3.9190751445086707
EUW1_7813483143,qySFOd8GUp65djjlJV4iZSAejaxBt_tiWsAqNAztRrCJk-FVgAuKLotQCHcFvmYyZ_5UJj4f0Ujf-A,MASTER,1,4,11,4,0.7272727272727273,Sett,TOP,14,13176,39407,9688,16,154,1730,1775590207611,420,CLASSIC,5.341040462427746,456.971098265896,0.4855491329479769
EUW1_7813483143,60yBi7zPq9Y1ZBnXMb_qvK8I9suqmXWw5Ps4JrE09jkML9kZ8wa2mC7zrxx8tk80P_Mw43r90947cA,CHALLENGER,1,16,1,6,22.0,Zaahen,JUNGLE,45,32359,43307,17414,18,277,1730,1775590207611,420,CLASSIC,9.606936416184972,1122.2774566473988,1.560693641618497
EUW1_7813483143,P2b9VzWzUmuZFxxVzDQg7olIQ4HW-laVwYRkwL-QMQJpJCcrzZhe82VgZazoI2Zklfb1GQzzy0cB6w,CHALLENGER,1,3,3,14,5.666666666666667,Sylas,MIDDLE,14,19763,36172,12000,17,201,1730,1775590207611,420,CLASSIC,6.971098265895954,685.4219653179191,0.4855491329479769
EUW1_7813483143,Tv6UMY_2z-9OV64EKjyCbOtFNaAec4NXDQw1UIVWOR5cNVTOTetRnT95mjoXf4t05McMlumobEiWwQ,CHALLENGER,1,29,5,3,6.4,Mel,BOTTOM,35,53181,23417,20554,17,259,1730,1775590207611,420,CLASSIC,8.982658959537572,1844.4277456647399,1.2138728323699421
EUW1_7813483143,cG9LtvX7B9iVZz03Q-UIOj5kOXaUH8G0RA7TJPfY8TEMH2OyvfPTEpy_6RWl_S01heqi1FgW3giJdw,GRANDMASTER,1,0,6,34,5.666666666666667,Thresh,UTILITY,75,9924,30491,10590,16,21,1730,1775590207611,420,CLASSIC,0.7283236994219654,344.1849710982659,2.601156069364162
EUW1_7813112571,-wOrJ0epX6d0-CLuXUqrsJfEhwW6GUjdQ-hJ1QIXnX8rr8hNeGuyRksBk3vMpwJzvG9W3kZFpG7c4w,CHALLENGER,0,6,5,5,2.2,Sion,TOP,19,23023,38433,10720,16,207,1549,1775570667859,420,CLASSIC,8.01807617817947,891.7882504841833,0.7359586830213041
EUW1_7813112571,nvtH9BkIM8XwVcyQPbtgPlxNpXoQuzEEnLDCAARddAxqnbpBVpsA-hfxHV-YRjBWt-j7kg36rRSqRg,CHALLENGER,0,7,8,7,1.75,XinZhao,JUNGLE,40,18269,40348,12468,14,165,1549,1775570667859,420,CLASSIC,6.391220142027114,707.6436410587476,1.5493867010974822
EUW1_7813112571,X2ktgaLP4Mt8x2L1BcbtX9_DVi9dtP5s26xlIOW3sjJx9ffqRdnDBJ3b-44TCpqF1Juth5XnOhdZog,CHALLENGER,0,2,9,6,0.8888888888888888,Lissandra,MIDDLE,12,14631,27262,8562,13,189,1549,1775570667859,420,CLASSIC,7.320852162685604,566.7269205939316,0.4648160103292447
EUW1_7813112571,zCe6uvllCJFh3WdiMcTM41mBxl9Z6BID3lrgr-yDPTLJ568TG7G8q2KftssX2cxvecOwE3pVUklF-A,GRANDMASTER,0,3,7,4,1.0,Caitlyn,BOTTOM,14,20155,21983,11817,13,207,1549,1775570667859,420,CLASSIC,8.01807617817947,780.6972240154939,0.5422853453841188
EUW1_7813112571,97DJAtraCdpS0jTowXOEHDo6AaHpZqr9r8SNEHcK1DJgtb4QVUy8HNKd2vrpVT9KwojCWi7TR4aAIA,GRANDMASTER,0,0,10,13,1.3,Bard,UTILITY,107,8569,24739,6737,11,21,1549,1775570667859,420,CLASSIC,0.8134280180761781,331.91736604260814,4.144609425435765
EUW1_7813112571,QWzaY_9f-GpkPTSOmhw-8tqulYEGI6y1oa4l1nTmWGT-TTywNFHj_6xcd6Rd9E-6YVfu1gZ0mQ8zcw,CHALLENGER,1,4,6,2,1.0,Gwen,TOP,34,21043,27857,10250,15,181,1549,1775570667859,420,CLASSIC,7.010974822466107,815.093608779858,1.31697869593286
EUW1_7813112571,FsOIKi94BCaXfVyeVMyrugz1jm7S0aQzpVekLsCjZsjYJzP22_HQF6GVV45sCbu7Uk8kuv638qqIYA,CHALLENGER,1,9,5,17,5.2,JarvanIV,JUNGLE,16,18702,28397,12055,15,165,1549,1775570667859,420,CLASSIC,6.391220142027114,724.4157520981279,0.619754680438993
EUW1_7813112571,ckhuNkf-lo42zVaPVQeWELaoSZ1UdH_3tAtpmYN1yRH8VQt47Yu-SIg6IkT7apgN0fqyjWZdGQw06g,CHALLENGER,1,12,1,9,21.0,Akshan,MIDDLE,15,31227,13079,13387,16,215,1549,1775570667859,420,CLASSIC,8.327953518398967,1209.567462879277,0.5810200129115558
EUW1_7813112571,kteXLkIClnef1TeX4vHWOBsk95iK9h-TA4soXeaxToVMv9CWIbWyoZZLpZF01xlvDZrOTKUNY1v9ag,CHALLENGER,1,10,4,12,5.5,Ezreal,BOTTOM,18,38723,20359,14273,15,207,1549,1775570667859,420,CLASSIC,8.01807617817947,1499.922530664945,0.697224015493867
EUW1_7813112571,TpnuFmp7IpW_4XT6B6bU8YKTExZcICTj0G0e2yLO_Tc2ABIxZIYAehEDoqScp-xkbgUBozEStsIyOA,CHALLENGER,1,4,2,22,13.0,Neeko,UTILITY,100,25503,20125,9600,12,32,1549,1775570667859,420,CLASSIC,1.239509360877986,987.8502259522272,3.8734667527437057
EUW1_7812920023,DqUYY42bZ8UmMYOXhzLUITAZGbNF8LBwBYkR7Z4Ogp0eHxhuAaE3RCu97FPH-b6Rm5Dpo1BmGoE_oA,GRANDMASTER,1,4,5,7,2.2,Zaahen,TOP,26,10737,37293,8834,15,143,1464,1775552490390,420,CLASSIC,5.860655737704918,440.0409836065574,1.0655737704918034
EUW1_7812920023,6ouPI0TBJkbVV_6HNiooJ3o_2sg9fasqNjioJCJE4rP4ygKat-lKse4OZF4WfkwHYQueRS5sTy5KJg,MASTER,1,8,4,12,5.0,Brand,JUNGLE,35,26795,25451,11977,15,196,1464,1775552490390,420,CLASSIC,8.032786885245901,1098.155737704918,1.4344262295081969
EUW1_7812920023,sRnZR7unuovFFiEYizzrcBSxX61Q04N-EpZf8BwkI2k0CofmH_a36ScJvYgc7_k4KUQun5gAyG1nqw,GRANDMASTER,1,16,3,9,8.333333333333334,Akshan,MIDDLE,33,34383,18735,16079,16,230,1464,1775552490390,420,CLASSIC,9.426229508196721,1409.1393442622953,1.3524590163934427
EUW1_7812920023,kteXLkIClnef1TeX4vHWOBsk95iK9h-TA4soXeaxToVMv9CWIbWyoZZLpZF01xlvDZrOTKUNY1v9ag,CHALLENGER,1,9,0,12,21.0,Sivir,BOTTOM,31,34168,22545,16006,15,248,1464,1775552490390,420,CLASSIC,10.163934426229508,1400.327868852459,1.2704918032786885
EUW1_7812920023,8AasDXYVbhN77xZz1KoQza5_9gglxfG7bG035JJRF-4VqpLCWklb74iRFAMMiS-GZo1aMInHOPglrw,GRANDMASTER,1,1,6,27,4.666666666666667,Soraka,UTILITY,60,11826,22509,8646,13,20,1464,1775552490390,420,CLASSIC,0.819672131147541,484.672131147541,2.459016393442623
EUW1_7812920023,V1JUuzxBEEwhyjjRBVctPiFxd-O68M4GNaoV7qvyWxSSLf3di52IPJFJRndPMbvWYUQhoVfyTgel0w,GRANDMASTER,0,5,7,4,1.2857142857142858,Varus,TOP,29,31367,23641,10013,15,196,1464,1775552490390,420,CLASSIC,8.032786885245901,1285.532786885246,1.1885245901639345
EUW1_7812920023,5CcKIxPNWxLmAvrUCozKnn7A21tvfNvYtgSaX6k_1teHBfXK7DlxPYSu6mqOX8PUvNmrOnI1zob-JQ,CHALLENGER,0,3,9,4,0.7777777777777778,MonkeyKing,JUNGLE,20,16864,36909,9007,12,142,1464,1775552490390,420,CLASSIC,5.8196721311475414,691.1475409836066,0.819672131147541
EUW1_7812920023,GSwMAZOfnFITVC8Uy1HDjPzA2NfkRV8xYLlzpSPwFdW3hhV6gm_n6gsKq1sGLXb3J0wuqUNiALjfXA,GRANDMASTER,0,4,6,5,1.5,Sion,MIDDLE,27,16155,34596,11845,14,194,1464,1775552490390,420,CLASSIC,7.950819672131148,662.0901639344263,1.1065573770491803
EUW1_7812920023,6S3ZbJYcVXFh2Q4x6HPQR_hQRa3O944HCMq4Kv7y29EepaQurank99C1Z5TPCqP_JY2KWF0MAOeKEw,GRANDMASTER,0,6,8,6,1.5,Karthus,BOTTOM,10,21717,20893,9401,12,156,1464,1775552490390,420,CLASSIC,6.39344262295082,890.0409836065575,0.4098360655737705
EUW1_7812920023,Aqj_uvOM54jId8jPY6fzXnK6YSyu0wAQGoGL90iJbGqEKXo9iRBjw-oCwvw7GnENouYfIeSC559Gug,CHALLENGER,0,0,8,12,1.5,Sona,UTILITY,64,13884,21091,6228,11,20,1464,1775552490390,420,CLASSIC,0.819672131147541,569.016393442623,2.6229508196721314
EUW1_7812898068,vJ3XSmLE1aHdyUhf4DbAB_WBO9m03YKK73ICopa4dY4qQiT4JbolVxA54Ji5Ql6HzFm-QenIhp_3sg,MASTER,1,3,5,7,2.0,Volibear,TOP,39,20894,52778,14126,20,237,2524,1775549101185,420,CLASSIC,5.63391442155309,496.6877971473851,0.9270998415213946
EUW1_7812898068,GAMMVa5-ArauvYPrfYms2UQDXP1LwUPd04fsv5kYb0LGN47QHXT6UjsFzA1ycjHs9ytlQ4vdQr6n8g,MASTER,1,13,5,11,4.8,Gwen,JUNGLE,49,48346,62260,21885,18,345,2524,1775549101185,420,CLASSIC,8.201267828843106,1149.2709984152139,1.1648177496038035
EUW1_7812898068,sRnZR7unuovFFiEYizzrcBSxX61Q04N-EpZf8BwkI2k0CofmH_a36ScJvYgc7_k4KUQun5gAyG1nqw,GRANDMASTER,1,10,6,9,3.1666666666666665,Akshan,MIDDLE,69,32967,28044,18311,18,329,2524,1775549101185,420,CLASSIC,7.820919175911252,783.6846275752773,1.640253565768621
EUW1_7812898068,kteXLkIClnef1TeX4vHWOBsk95iK9h-TA4soXeaxToVMv9CWIbWyoZZLpZF01xlvDZrOTKUNY1v9ag,CHALLENGER,1,5,4,15,5.0,Corki,BOTTOM,28,58506,39216,22756,18,411,2524,1775549101185,420,CLASSIC,9.770206022187004,1390.7923930269412,0.6656101426307448
EUW1_7812898068,1nD0OH0NI7sftvxe_tIbidfa2ZgxHpzAilCm1_O9k0oFM1-kPQUX50fOgo6AVs55KnxYU9RpJeneeg,MASTER,1,2,7,22,3.4285714285714284,Nami,UTILITY,126,12174,25670,12178,17,33,2524,1775549101185,420,CLASSIC,0.7844690966719492,289.3977812995245,2.9952456418383515
EUW1_7812898068,nQlm27Vfjd_sI8I91YQvTGP5RbUzBzjpNL93KnP4gTTBTN5BOxp9C8_fUqK895lnjyu8RAfkLaLOIg,MASTER,0,2,4,7,2.25,Vladimir,TOP,31,28682,48571,16487,20,371,2524,1775549101185,420,CLASSIC,8.819334389857369,681.822503961965,0.7369255150554674
EUW1_7812898068,5CcKIxPNWxLmAvrUCozKnn7A21tvfNvYtgSaX6k_1teHBfXK7DlxPYSu6mqOX8PUvNmrOnI1zob-JQ,CHALLENGER,0,6,8,9,1.875,Pantheon,JUNGLE,41,28155,67336,17799,18,307,2524,1775549101185,420,CLASSIC,7.297939778129952,669.2947702060221,0.9746434231378763
EUW1_7812898068,ke_dGBmzUDRY7S6-YYbOyQc79ySeX2cj4n2qL_nlKCJ2us7n26Jh0PsVfn0QOlPpg3EDszZ-AfM5Uw,GRANDMASTER,0,14,5,4,3.6,Mel,MIDDLE,37,50300,29751,23309,18,378,2524,1775549101185,420,CLASSIC,8.985736925515054,1195.7210776545166,0.8795562599049128
EUW1_7812898068,Dz0etfY-F6mkgph_JZq0hpZAe8f1PGGB6RPCsNqym6OiHXSCf-fDKufEB_-8VA8M7kucJoffKctl7g,MASTER,0,4,9,16,2.2222222222222223,Ashe,BOTTOM,47,37585,32395,17051,18,285,2524,1775549101185,420,CLASSIC,6.774960380348652,893.4627575277336,1.1172741679873217
EUW1_7812898068,qNm3455QmkjDf1HCNjiauIbrLl3YijNPO9aa2KmwyecgewqCAu2v-eO4qolVR8ERIYmWyBho8KfjSg,GRANDMASTER,0,0,7,21,3.0,Seraphine,UTILITY,119,12727,31564,11653,17,50,2524,1775549101185,420,CLASSIC,1.1885895404120443,302.54358161648173,2.8288431061806656
EUW1_7812888381,uShISTPEl5Y73sJ4Ebp2Awj7EesLkvfrvPQYI_cYdblCNwJfPWaQzLed4gTnKK-zrNmRmSpQakxgLQ,MASTER,0,0,3,2,0.6666666666666666,Fiora,TOP,8,6899,10116,4980,11,116,910,1775547620485,420,CLASSIC,7.648351648351649,454.8791208791209,0.5274725274725275
EUW1_7812888381,ktv0nR5pJzZHtvn24gFwJOIGTHoeeC1lohGG75SgZbGxlww1U8N2_A91bTUx2Ruh6MMUTsv8B0OrOg,GRANDMASTER,0,3,2,1,2.0,FiddleSticks,JUNGLE,16,3763,12757,6459,9,103,910,1775547620485,420,CLASSIC,6.791208791208791,248.10989010989013,1.054945054945055
EUW1_7812888381,Aqj_uvOM54jId8jPY6fzXnK6YSyu0wAQGoGL90iJbGqEKXo9iRBjw-oCwvw7GnENouYfIeSC559Gug,CHALLENGER,0,1,3,1,0.6666666666666666,Lux,MIDDLE,6,9894,8100,5228,10,126,910,1775547620485,420,CLASSIC,8.307692307692308,652.3516483516484,0.39560439560439564
EUW1_7812888381,9nX7KMpjm--QrD28YUP9UNZaVTNZ3pqRKQXo4NyRMVvW74nVNshmdwHKcXmuQ7g76fphdUsJh6ozeg,CHALLENGER,0,1,3,3,1.3333333333333333,Ashe,BOTTOM,16,7336,8050,5482,9,117,910,1775547620485,420,CLASSIC,7.714285714285714,483.69230769230774,1.054945054945055
EUW1_7812888381,HDQoWOWMG-X0sUBFJ8NNCmmn-3kEhwzcX05grF9Snk-Vw7UfuXOj0-6PgXTjSUuaoJoDMBDmpgenLw,GRANDMASTER,0,4,2,2,3.0,Seraphine,UTILITY,29,6889,9299,4962,8,34,910,1775547620485,420,CLASSIC,2.241758241758242,454.21978021978026,1.9120879120879122
EUW1_7812888381,CY_GP3jLPjZ1nIZfuNnHzZXj3ZgdsQC5ClUkmt31SQ0V0C9WtOlre6iYXQvdAwEOzEAYZGqJ_sL07A,GRANDMASTER,1,0,2,2,1.0,Malphite,TOP,7,4955,7914,5197,11,122,910,1775547620485,420,CLASSIC,8.043956043956044,326.7032967032967,0.46153846153846156
EUW1_7812888381,5CcKIxPNWxLmAvrUCozKnn7A21tvfNvYtgSaX6k_1teHBfXK7DlxPYSu6mqOX8PUvNmrOnI1zob-JQ,CHALLENGER,1,7,1,4,11.0,MonkeyKing,JUNGLE,16,9360,11114,8043,11,122,910,1775547620485,420,CLASSIC,8.043956043956044,617.1428571428571,1.054945054945055
EUW1_7812888381,rhSnEOocfR5NFGJ-PAICjmozSNhLC-ZfBLWA3mXU8s8lnjEbvpxB-EHsuqvi-SMhsF6pLZpENSWb6A,GRANDMASTER,1,3,2,5,4.0,Sion,MIDDLE,5,7417,18735,6706,11,135,910,1775547620485,420,CLASSIC,8.901098901098901,489.03296703296706,0.32967032967032966
EUW1_7812888381,kteXLkIClnef1TeX4vHWOBsk95iK9h-TA4soXeaxToVMv9CWIbWyoZZLpZF01xlvDZrOTKUNY1v9ag,CHALLENGER,1,3,1,5,8.0,Sivir,BOTTOM,11,8772,8537,7350,10,131,910,1775547620485,420,CLASSIC,8.637362637362637,578.3736263736264,0.7252747252747253
EUW1_7812888381,cPw1bxPp01-qnVIHrmmONmpDAVkjK9bVlWSDqBb7aHv9nlqDu-TB5bipzt7J4aBlkWRfXqucRDrPAw,CHALLENGER,1,0,3,6,2.0,Bard,UTILITY,31,4654,7640,4052,8,17,910,1775547620485,420,CLASSIC,1.120879120879121,306.8571428571429,2.0439560439560442
EUW1_7812882191,mehAH-06RkiXHYfewod1x2JUobGpbfxdSgLqu9EAxcHe8at2IiWqt2fWctUVZ9C-CS6Z1rX1GPxf0Q,MASTER,0,1,3,1,0.6666666666666666,Yasuo,TOP,12,7748,10924,6753,12,145,1157,1775545623385,420,CLASSIC,7.519446845289541,401.7977528089887,0.6222990492653413
EUW1_7812882191,cDYO40xsu1456rGGGN7tMmoe8anpdl8783IiPT7AwClo_14479k8aF8h_NVoKyVIb-XHMSbP-vhu-Q,MASTER,0,9,4,2,2.75,Vi,JUNGLE,11,11104,16991,10935,13,173,1157,1775545623385,420,CLASSIC,8.971477960242005,575.8340535868625,0.5704407951598962
EUW1_7812882191,-hK1tfZaGNnlq6aR_Iq7Rve8QbwHLNHg8MlL8A3fjwDOMnIEenhO-S8Advshml1P19hvuoN9EqnrEA,CHALLENGER,0,1,5,3,0.8,Syndra,MIDDLE,14,11210,10317,6833,12,166,1157,1775545623385,420,CLASSIC,8.608470181503888,581.3310285220397,0.7260155574762316
EUW1_7812882191,9nX7KMpjm--QrD28YUP9UNZaVTNZ3pqRKQXo4NyRMVvW74nVNshmdwHKcXmuQ7g76fphdUsJh6ozeg,CHALLENGER,0,0,3,4,1.3333333333333333,Senna,BOTTOM,11,9133,12635,6963,10,159,1157,1775545623385,420,CLASSIC,8.245462402765773,473.62143474503023,0.5704407951598962
EUW1_7812882191,R-8RP-vhl_ay5zSPJJwCsWg-x9LoaFr1oJdAdyHsYCOQlv3dba5EpuIUpL-tUwQGxsfSC-4Mooj7Yw,GRANDMASTER,0,0,5,6,1.2,Xerath,UTILITY,30,12890,9922,5556,9,25,1157,1775545623385,420,CLASSIC,1.296456352636128,668.4528954191875,1.5557476231633534
EUW1_7812882191,sRnZR7unuovFFiEYizzrcBSxX61Q04N-EpZf8BwkI2k0CofmH_a36ScJvYgc7_k4KUQun5gAyG1nqw,GRANDMASTER,1,2,2,2,2.0,Kennen,TOP,12,10065,14758,6757,13,148,1157,1775545623385,420,CLASSIC,7.675021607605877,521.9533275713051,0.6222990492653413
EUW1_7812882191,5CcKIxPNWxLmAvrUCozKnn7A21tvfNvYtgSaX6k_1teHBfXK7DlxPYSu6mqOX8PUvNmrOnI1zob-JQ,CHALLENGER,1,5,2,6,5.5,Skarner,JUNGLE,21,8868,20303,8426,12,123,1157,1775545623385,420,CLASSIC,6.3785652549697485,459.87899740708724,1.0890233362143473
EUW1_7812882191,O4c0gPBvypNwXr013GftSsUiVffPxb8VvLN94RnPtAAAXbGDIoe0pI13J4pSXKbHA4hprz0u9vo0GA,MASTER,1,6,2,5,5.5,Jayce,MIDDLE,13,14343,10926,8571,13,173,1157,1775545623385,420,CLASSIC,8.971477960242005,743.8029386343992,0.6741573033707865
EUW1_7812882191,kteXLkIClnef1TeX4vHWOBsk95iK9h-TA4soXeaxToVMv9CWIbWyoZZLpZF01xlvDZrOTKUNY1v9ag,CHALLENGER,1,7,2,3,5.0,Kaisa,BOTTOM,16,14019,12621,10793,12,183,1157,1775545623385,420,CLASSIC,9.490060501296455,727.000864304235,0.8297320656871218
EUW1_7812882191,Zu0FaHHFz3jlPVDYczOYR2YnwjCVb_VF09yjshiOLiz16yI5Q9AdhiY9l2d-zzUEE0wpnFyUZ0VVlA,CHALLENGER,1,0,3,10,3.3333333333333335,Alistar,UTILITY,38,2852,13720,5149,9,15,1157,1775545623385,420,CLASSIC,0.7778738115816767,147.89974070872947,1.9706136560069143
EUW1_7812056314,7tQfHGV4ybirx1bZMSC1bLw4INwam_qEYYgaweFim2PgLO3a58u_Z7m9e5m5x9vyvwL43bl9djdmHQ,CHALLENGER,1,6,2,5,5.5,Darius,TOP,28,24376,30655,14305,19,315,1787,1775483476073,420,CLASSIC,10.576385002797984,818.4443200895355,0.9401231113598209
EUW1_7812056314,UwHcKv8yPl4rXxxONdTMwN6eQ8xa8KuRI5aI0xPG_N09TFAw-KzOxqoZNXmCUbqEkObIqoIgOtXEsQ,CHALLENGER,1,2,4,12,3.5,XinZhao,JUNGLE,44,16151,45171,11415,15,198,1787,1775483476073,420,CLASSIC,6.648013430330162,542.2831561275881,1.4773363178511472
EUW1_7812056314,ckhuNkf-lo42zVaPVQeWELaoSZ1UdH_3tAtpmYN1yRH8VQt47Yu-SIg6IkT7apgN0fqyjWZdGQw06g,CHALLENGER,1,16,2,6,11.0,Akshan,MIDDLE,25,45978,18621,18463,17,273,1787,1775483476073,420,CLASSIC,9.166200335758253,1543.7493005036372,0.8393956351426972
EUW1_7812056314,fUOATvqm9fdMFk9R1PdkWrjWbdqCEuRcP-vOdBUDVjB_wBeS_is5Gb5_Yga5lKjB2-sgjykUqNLwrA,CHALLENGER,1,2,7,15,2.4285714285714284,Seraphine,BOTTOM,18,19830,19072,11407,15,210,1787,1775483476073,420,CLASSIC,7.050923335198656,665.8086177951874,0.604364857302742
EUW1_7812056314,pYSFmvFDERUPHvze6xR8pNBgkqhqCvXmJkRhkg00-LGPHNZil0EctRpPRFZggphVrqpk1-JAMb4kTQ,CHALLENGER,1,0,5,19,3.8,Blitzcrank,UTILITY,103,8089,23730,8216,14,35,1787,1775483476073,420,CLASSIC,1.1751538891997761,271.5948517067711,3.4583100167879124
EUW1_7812056314,4hhIZyfmSGjKAddyGpjvxx6VgZ8SsR5S-fJ7rFikzSL4H6fDx39VxZhPIKYmjY3pZnjYCLOBqeVRhw,CHALLENGER,0,1,6,2,0.5,Jax,TOP,36,18738,27788,10895,17,252,1787,1775483476073,420,CLASSIC,8.461108002238388,629.1438164521544,1.208729714605484
EUW1_7812056314,d_NlxiBrpB2ws9KCeGMcdN9L5GQtcA0_6sJsIIM-j7yTrEtGqR41NOOFm6tGUK2ogGgsgLn0NdzRvQ,CHALLENGER,0,8,5,6,2.8,Chogath,JUNGLE,26,22076,41000,12933,16,240,1787,1775483476073,420,CLASSIC,8.058198097369893,741.2199216564073,0.8729714605484051
EUW1_7812056314,uGx3SLIRVV2wrz7knjpO6-sRnAPMR8FabhUfaAefb6lWDthmr2zBlc43yrRL0AdtLbledJNzQttKnA,CHALLENGER,0,4,5,11,3.0,Zoe,MIDDLE,27,24425,21367,11979,15,249,1787,1775483476073,420,CLASSIC,8.360380526021265,820.0895355344152,0.9065472859541129
EUW1_7812056314,kteXLkIClnef1TeX4vHWOBsk95iK9h-TA4soXeaxToVMv9CWIbWyoZZLpZF01xlvDZrOTKUNY1v9ag,CHALLENGER,0,7,4,5,3.0,Caitlyn,BOTTOM,38,28087,18991,14488,15,278,1787,1775483476073,420,CLASSIC,9.334079462786793,943.0442081701175,1.2758813654168997
EUW1_7812056314,TpnuFmp7IpW_4XT6B6bU8YKTExZcICTj0G0e2yLO_Tc2ABIxZIYAehEDoqScp-xkbgUBozEStsIyOA,CHALLENGER,0,0,6,15,2.5,Bard,UTILITY,128,10323,28401,7864,12,26,1787,1775483476073,420,CLASSIC,0.8729714605484051,346.60324566312255,4.29770565193061
EUW1_7812001988,X2ktgaLP4Mt8x2L1BcbtX9_DVi9dtP5s26xlIOW3sjJx9ffqRdnDBJ3b-44TCpqF1Juth5XnOhdZog,CHALLENGER,1,7,3,4,3.6666666666666665,Akali,TOP,38,30594,32448,13042,17,244,1798,1775480023743,420,CLASSIC,8.14238042269188,1020.9343715239155,1.2680756395995552
EUW1_7812001988,VmiUrYH4mDfMuEAWHfPaLMhck3ITzaSKob7VWfGvQfFdpAZCgEJzuFxTFlLU_xa3Ruo5Du4gDBcgew,CHALLENGER,1,11,2,6,8.5,Nidalee,JUNGLE,52,24348,35073,15039,16,232,1798,1775480023743,420,CLASSIC,7.741935483870968,812.5027808676307,1.735261401557286
EUW1_7812001988,P2b9VzWzUmuZFxxVzDQg7olIQ4HW-laVwYRkwL-QMQJpJCcrzZhe82VgZazoI2Zklfb1GQzzy0cB6w,CHALLENGER,1,0,1,10,10.0,Sion,MIDDLE,30,16311,45168,12088,16,234,1798,1775480023743,420,CLASSIC,7.8086763070077865,544.3047830923248,1.0011123470522805
EUW1_7812001988,PdNvi4VBPBBT1MLtXceOBl4sCUYRbFgbuwsqLuvQkGbwZ26kcxq0QoNGrUsYnZtB__RIQLMO25oXsg,CHALLENGER,1,3,0,10,13.0,Sivir,BOTTOM,21,27277,20467,16201,16,303,1798,1775480023743,420,CLASSIC,10.111234705228032,910.2447163515017,0.7007786429365963
EUW1_7812001988,n39S9ijL3AmZ8Oue2f7tHyntTuYpHg9TptFirk49FwUL-hoNSGcWdCveP_rxXRNoDWvNT7AMP8Icvg,CHALLENGER,1,3,4,17,5.0,Senna,UTILITY,94,14297,20767,10915,14,36,1798,1775480023743,420,CLASSIC,1.2013348164627364,477.0967741935484,3.1368186874304786
EUW1_7812001988,b-g1y7_d28d5ybh6y7dKWHc0lX0WErfmZWcfJr_0hQiD2UPw64Miybl-oGmJFaYvmyXLmD3QOm0XNg,GRANDMASTER,0,1,3,2,1.0,Ambessa,TOP,22,13229,30558,10092,17,228,1798,1775480023743,420,CLASSIC,7.608453837597331,441.45717463848723,0.7341490545050056
EUW1_7812001988,Z1-p7kstXhvUxt3DIZEFRoN1KTR2hGTAl5K-4DlPPv2J2S6jFh4ON2b4dkhvNbQteRNN7Ry9EyNiNw,CHALLENGER,0,5,7,3,1.1428571428571428,Qiyana,JUNGLE,30,23269,25694,12420,15,183,1798,1775480023743,420,CLASSIC,6.10678531701891,776.496106785317,1.0011123470522805
EUW1_7812001988,RpZQtLGH6e1kuHeneKbURLLMD4UWpO4fxDOIWdtqylHn1CsiojjIRcqSsp4nsoKk2-iN67yF7vGuPg,CHALLENGER,0,1,2,2,1.5,Azir,MIDDLE,34,35387,24539,12061,17,319,1798,1775480023743,420,CLASSIC,10.645161290322582,1180.8787541713016,1.1345939933259177
EUW1_7812001988,kteXLkIClnef1TeX4vHWOBsk95iK9h-TA4soXeaxToVMv9CWIbWyoZZLpZF01xlvDZrOTKUNY1v9ag,CHALLENGER,0,2,5,2,0.8,Ezreal,BOTTOM,15,29176,24189,12468,15,265,1798,1775480023743,420,CLASSIC,8.843159065628477,973.6151279199111,0.5005561735261402
EUW1_7812001988,JdtEBraZUWPwwuVeXx-EJGcCMhc4ZiAfojYOPaoiiTYK9BesUMjD1nvfoTXrt0GmwCBazXWejYK6ig,GRANDMASTER,0,1,7,9,1.4285714285714286,Bard,UTILITY,98,14874,30821,8618,12,20,1798,1775480023743,420,CLASSIC,0.6674082313681869,496.3515016685206,3.2703003337041157
EUW1_7811864102,C3I1v0EGyatZjeSyNaUj3AQAaRF_UN0RNnrwDTq5QjMNvFWN8KcmIebB9Klb-UK4o-AkrHfxVOO11A,CHALLENGER,1,8,5,14,4.4,Ambessa,TOP,29,32731,37897,13492,17,234,1683,1775470092563,420,CLASSIC,8.342245989304812,1166.880570409982,1.0338680926916222
EUW1_7811864102,_7ZcijsbMjIXm2QThwVRL0uMtT3FJ2bSLFE9pIKCdCYKWOI3F0p7TDMFJsxpsOEQ9MvZrFqwaP29nA,CHALLENGER,1,7,0,14,21.0,DrMundo,JUNGLE,22,20718,51791,13240,17,200,1683,1775470092563,420,CLASSIC,7.1301247771836005,738.6096256684492,0.7843137254901961
EUW1_7811864102,MrwMnERpmc7MzKQNQo0HP19zEtMdrsQvxk4mwdRkMGouaN8LJ41D36VRBvgUZy5CbtR-NYkwKtemMg,GRANDMASTER,1,7,8,8,1.875,Akali,MIDDLE,23,23149,32432,10824,15,197,1683,1775470092563,420,CLASSIC,7.023172905525847,825.2762923351158,0.8199643493761141
EUW1_7811864102,6wtloYUL-_w8hmztbH2FdiezaY1WeP13I3nJkXjY5-HaFyaFAYrHDnvFQnKg2lCaNmRgsXFd4MvEJw,CHALLENGER,1,8,6,16,4.0,Ashe,BOTTOM,26,27639,19140,15253,15,225,1683,1775470092563,420,CLASSIC,8.02139037433155,985.3475935828877,0.9269162210338681
EUW1_7811864102,8yxnHIi6e8R-_nPoJk2NTt-VkgXMK5clma8z65V93LsU2kjfa-gye1M2Zvonl12oRcPkn-3xXYdpjQ,MASTER,1,4,3,21,8.333333333333334,Seraphine,UTILITY,82,12436,16850,9863,14,43,1683,1775470092563,420,CLASSIC,1.5329768270944741,443.35115864527626,2.9233511586452763
EUW1_7811864102,653MAc7JkYRvQ9R0Aboe_JU5LcFbBehw8iAvv4WSsGJi2NpPk_Gi8RuWm5IZVvIRZmOrn26nBR7g7A,GRANDMASTER,0,7,7,2,1.2857142857142858,Renekton,TOP,16,34853,45815,12616,16,229,1683,1775470092563,420,CLASSIC,8.163992869875223,1242.5311942959001,0.5704099821746881
EUW1_7811864102,afENwh6wZjfJPorrWSfVp7Y4rJoKZObbM8I_sC5hta8UZz5h0G5Apf1jFDj_DUwKINiIuzvDeIJetA,CHALLENGER,0,5,7,8,1.8571428571428572,Graves,JUNGLE,27,27990,23957,12076,16,224,1683,1775470092563,420,CLASSIC,7.9857397504456324,997.8609625668449,0.9625668449197861
EUW1_7811864102,wF4SsrGCgKqy0yemPiAh-z-4aNcwoTnTmSN1wVHeo4_9LHuRcU11TI3jUFLO1sPqLzwXhfQLMVkO0w,CHALLENGER,0,1,4,10,2.75,Orianna,MIDDLE,28,24323,20177,10559,16,227,1683,1775470092563,420,CLASSIC,8.092691622103386,867.1301247771836,0.9982174688057041
EUW1_7811864102,kteXLkIClnef1TeX4vHWOBsk95iK9h-TA4soXeaxToVMv9CWIbWyoZZLpZF01xlvDZrOTKUNY1v9ag,CHALLENGER,0,5,8,9,1.75,Caitlyn,BOTTOM,21,29490,25526,12998,14,213,1683,1775470092563,420,CLASSIC,7.593582887700535,1051.3368983957218,0.7486631016042781
EUW1_7811864102,0WWXxwNkMb0fkjYeAAUYdQOlcx51AWrbexn_rkeJnTihBsqFx45Y8yUnP9ggj_7WGTa7IPc7DoaCuQ,CHALLENGER,0,4,8,13,2.125,Bard,UTILITY,107,12758,27958,8936,12,21,1683,1775470092563,420,CLASSIC,0.7486631016042781,454.8306595365419,3.8146167557932262
EUW1_7813723724,-wOrJ0epX6d0-CLuXUqrsJfEhwW6GUjdQ-hJ1QIXnX8rr8hNeGuyRksBk3vMpwJzvG9W3kZFpG7c4w,CHALLENGER,1,6,9,14,2.2222222222222223,Jayce,TOP,52,50597,38188,17694,20,324,2316,1775601525964,420,CLASSIC,8.393782383419689,1310.80310880829,1.3471502590673574
EUW1_7813723724,Wt3gVpSCS6snj07ojo4XL1PO6oUGP6hB9FwIqNAD9tcZjEKf6sFVRsXyb6u9D3cfwIS5pcSajHuuTg,CHALLENGER,1,11,3,3,4.666666666666667,Graves,JUNGLE,67,44098,33655,20732,18,412,2316,1775601525964,420,CLASSIC,10.673575129533678,1142.4352331606217,1.7357512953367875
EUW1_7813723724,Ebcb4O7q9NhOYnoznorQ6nZGjof0fwt0Lq_-bS3J6TLWW9NmFwu_Ft1zQH118RwymSRW8uVp74fnQA,CHALLENGER,1,1,6,12,2.1666666666666665,Zoe,MIDDLE,35,31706,31897,12592,17,225,2316,1775601525964,420,CLASSIC,5.82901554404145,821.3989637305699,0.9067357512953368
EUW1_7813723724,pM-1la4VDf88hXeU0_R9g7OAOsqBY15zSXYDe7YgbduEXyR0UT4_v98GNB4l3ysHbjTRvdfpIOabQQ,CHALLENGER,1,12,6,8,3.3333333333333335,Yasuo,BOTTOM,30,27250,37078,19671,18,289,2316,1775601525964,420,CLASSIC,7.487046632124352,705.958549222798,0.7772020725388601
EUW1_7813723724,vqGyVLiEa9mMv590IMrVpdwyASAFQpAZ7rQQHM6ltFzfSyV-U1uAd79-1q9fFfh-iKShTV3QX0h5Iw,GRANDMASTER,1,4,7,23,3.857142857142857,Rell,UTILITY,190,15909,47147,12661,16,40,2316,1775601525964,420,CLASSIC,1.0362694300518134,412.1502590673575,4.922279792746114
EUW1_7813723724,627nQTO0TKvvU4BpN1uieiWtIRBF9ukVbfkLdVUgGTeryH3Aid33tc5z7pLDp_Z8rkgpTwgU5LVCfg,CHALLENGER,0,8,11,11,1.7272727272727273,Ambessa,TOP,52,33043,56240,14664,18,231,2316,1775601525964,420,CLASSIC,5.984455958549223,856.0362694300518,1.3471502590673574
EUW1_7813723724,ztNhAVC30Mq-uhIB_Ul4elzpMdxoXW_JANCfjVetj6PMxiCzjFkN8FiGUx4HfupRgAOAqyBDIaJBBA,CHALLENGER,0,8,8,11,2.375,Pantheon,JUNGLE,61,28298,50181,15699,17,208,2316,1775601525964,420,CLASSIC,5.38860103626943,733.1088082901554,1.5803108808290154
EUW1_7813723724,RpZQtLGH6e1kuHeneKbURLLMD4UWpO4fxDOIWdtqylHn1CsiojjIRcqSsp4nsoKk2-iN67yF7vGuPg,CHALLENGER,0,8,5,11,3.8,Taliyah,MIDDLE,68,41019,34481,18209,18,382,2316,1775601525964,420,CLASSIC,9.896373056994818,1062.6683937823834,1.761658031088083
EUW1_7813723724,-B_ue6wXWl8vXL6_8ZGqcOpHFlYn4RdweYlqT8x2dS5PPgnR6zlDf1oANiv3QQvpgEAbJUlZd1NgWg,GRANDMASTER,0,4,4,12,4.0,Ziggs,BOTTOM,18,31368,19267,17530,18,340,2316,1775601525964,420,CLASSIC,8.808290155440414,812.6424870466321,0.46632124352331605
EUW1_7813723724,TpnuFmp7IpW_4XT6B6bU8YKTExZcICTj0G0e2yLO_Tc2ABIxZIYAehEDoqScp-xkbgUBozEStsIyOA,CHALLENGER,0,3,6,16,3.1666666666666665,Anivia,UTILITY,180,22898,37058,11848,14,69,2316,1775601525964,420,CLASSIC,1.7875647668393781,593.2124352331606,4.66321243523316
EUW1_7813689305,-wOrJ0epX6d0-CLuXUqrsJfEhwW6GUjdQ-hJ1QIXnX8rr8hNeGuyRksBk3vMpwJzvG9W3kZFpG7c4w,CHALLENGER,1,4,2,2,3.0,Sylas,TOP,14,16617,21091,7990,14,161,1127,1775599528769,420,CLASSIC,8.571428571428571,884.6672582076308,0.7453416149068323
EUW1_7813689305,9hAq7Da7EGM5dlONGtslw2fG7iXHDaxzUPQF3uQxVAjfNUYLdb2LwIb2Rt6SH-3T_od0nyFdNgLybQ,GRANDMASTER,1,2,2,7,4.5,JarvanIV,JUNGLE,10,11416,12263,7314,12,131,1127,1775599528769,420,CLASSIC,6.974267968056787,607.7728482697427,0.5323868677905944
EUW1_7813689305,Ebcb4O7q9NhOYnoznorQ6nZGjof0fwt0Lq_-bS3J6TLWW9NmFwu_Ft1zQH118RwymSRW8uVp74fnQA,CHALLENGER,1,4,2,1,2.5,Yone,MIDDLE,14,12756,16777,6749,12,142,1127,1775599528769,420,CLASSIC,7.559893522626441,679.1126885536822,0.7453416149068323
EUW1_7813689305,mysYXBN555IG_7IqOOHYRQ1NI4EksOu9UKZ53Jkddg5I-hi-37oaQOEVJMyXc4tmV5TByVoonEwttA,CHALLENGER,1,6,0,4,10.0,Mel,BOTTOM,6,10336,8093,10188,13,191,1127,1775599528769,420,CLASSIC,10.168589174800355,550.2750665483584,0.31943212067435667
EUW1_7813689305,rbMcwJp2KVt60GLmJh8UOQS4MF5Q-uQwJ3JI30iHzba-DWVoWLcCQKhem-U16IdUNQ37HegeyEfjPA,CHALLENGER,1,5,1,8,13.0,Shen,UTILITY,62,7112,10133,6880,9,20,1127,1775599528769,420,CLASSIC,1.0647737355811888,378.6335403726708,3.3007985803016857
EUW1_7813689305,627nQTO0TKvvU4BpN1uieiWtIRBF9ukVbfkLdVUgGTeryH3Aid33tc5z7pLDp_Z8rkgpTwgU5LVCfg,CHALLENGER,0,1,5,0,0.2,Gnar,TOP,11,13308,17955,6006,11,126,1127,1775599528769,420,CLASSIC,6.70807453416149,708.5004436557231,0.5856255545696539
EUW1_7813689305,OkDNVsQgfMOYBr3Y9A9lcxAFTa6-tsdhnQGe2RvbDnYXvBs3u5tOF6BkTrCye7QtlG9-kZJFcw5r1Q,GRANDMASTER,0,2,4,2,1.0,Zaahen,JUNGLE,22,8281,21117,7688,12,143,1127,1775599528769,420,CLASSIC,7.6131322094055,440.86956521739125,1.1712511091393079
EUW1_7813689305,RpZQtLGH6e1kuHeneKbURLLMD4UWpO4fxDOIWdtqylHn1CsiojjIRcqSsp4nsoKk2-iN67yF7vGuPg,CHALLENGER,0,2,2,0,1.0,Akali,MIDDLE,15,14216,14681,6518,12,150,1127,1775599528769,420,CLASSIC,7.985803016858917,756.841171251109,0.7985803016858917
EUW1_7813689305,v2wfueu2arp-k13HY2KctQQojvIQYh1aIc-HLNwfb_TKqgckdxJP3SrD33mxWYMVM1hb35CrRqsnHA,GRANDMASTER,0,1,6,1,0.3333333333333333,Ashe,BOTTOM,17,7162,9753,7313,11,159,1127,1775599528769,420,CLASSIC,8.464951197870452,381.29547471162374,0.9050576752440106
EUW1_7813689305,TpnuFmp7IpW_4XT6B6bU8YKTExZcICTj0G0e2yLO_Tc2ABIxZIYAehEDoqScp-xkbgUBozEStsIyOA,CHALLENGER,0,1,4,4,1.25,Seraphine,UTILITY,40,8263,9278,5319,10,22,1127,1775599528769,420,CLASSIC,1.1712511091393079,439.9112688553682,2.1295474711623776
EUW1_7813368326,pMp2TVHEbJd2zX1yWpP22JgEW1q7Ro-0JawH01A305S2brGqnLXJ5zfmc57JK8I8bWDFS5TuPzDzJw,CHALLENGER,0,3,6,0,0.5,Qiyana,TOP,10,6441,12997,6350,12,123,972,1775585604155,420,CLASSIC,7.592592592592593,397.5925925925926,0.617283950617284
EUW1_7813368326,J74KGm2amNbDVAt-ehutUpJrxt--2dW-pkG7AUqU8CYWnZYFJMEZ2kOv-5Lcf_nv7H51KRnzQXDDwQ,CHALLENGER,0,5,2,4,4.5,Nocturne,JUNGLE,12,7283,16744,7467,10,123,972,1775585604155,420,CLASSIC,7.592592592592593,449.5679012345679,0.7407407407407408
EUW1_7813368326,sHPYq10YyIM8pObTNeGWlA29LnYswOQ9Wp9Eqw8mmOc8gCkJA0mWTFWOu7c4_0uXG9HK-oIAYKWLDg,GRANDMASTER,0,2,3,1,1.0,Veigar,MIDDLE,13,5655,10061,6056,11,143,972,1775585604155,420,CLASSIC,8.827160493827162,349.0740740740741,0.8024691358024691
EUW1_7813368326,xNwwifZg3K1hofEt3zXnon3wYsyBKVhlbTzsBAubAjYL7s6Ras5U2LfqnkyvMtwuuhadLkQm98OczA,CHALLENGER,0,4,5,3,1.4,Kaisa,BOTTOM,18,6820,8881,8603,10,137,972,1775585604155,420,CLASSIC,8.456790123456791,420.98765432098764,1.1111111111111112
EUW1_7813368326,ToGLD7isk0k_5E5Ku5cFY9JYXsJ6GHpPwJZncwco8Jx9oCEww8RB-Ncn4MB-LeYmJ_TYkPci_Uk6bQ,GRANDMASTER,0,0,4,7,1.75,Neeko,UTILITY,35,10553,10927,4732,7,13,972,1775585604155,420,CLASSIC,0.8024691358024691,651.4197530864197,2.160493827160494
EUW1_7813368326,j9oQJY054RmawNS5hDwVX5CZwZBJFhiMo4E1dzPdU_i9l7gkucAq0HRAcOAYLfYlCCeDIPWzrvvJBg,CHALLENGER,1,4,2,3,3.5,Malphite,TOP,13,12974,10141,7109,13,133,972,1775585604155,420,CLASSIC,8.209876543209877,800.8641975308642,0.8024691358024691
EUW1_7813368326,rxKllbaT2p1ColIBiFneAoZ1qADamG91mjlIR4JjGc3tDY53zHTQ29_ZXIEhgbfPM19wmmKi80svpw,GRANDMASTER,1,9,3,2,3.6666666666666665,Belveth,JUNGLE,20,10688,15159,8618,12,115,972,1775585604155,420,CLASSIC,7.098765432098766,659.7530864197531,1.234567901234568
EUW1_7813368326,9zmW-LJV9makX10YqV940taPEveaLopM7GPSvcepx8tuv_OCS1W4Gzv6x3O8Z3G25hrEG-kPzEg5Qg,CHALLENGER,1,3,2,2,2.5,Ryze,MIDDLE,6,8619,9634,7960,11,160,972,1775585604155,420,CLASSIC,9.876543209876544,532.0370370370371,0.3703703703703704
EUW1_7813368326,Tv6UMY_2z-9OV64EKjyCbOtFNaAec4NXDQw1UIVWOR5cNVTOTetRnT95mjoXf4t05McMlumobEiWwQ,CHALLENGER,1,2,5,4,1.2,Yunara,BOTTOM,13,6369,10525,6550,9,114,972,1775585604155,420,CLASSIC,7.037037037037037,393.14814814814815,0.8024691358024691
EUW1_7813368326,TpnuFmp7IpW_4XT6B6bU8YKTExZcICTj0G0e2yLO_Tc2ABIxZIYAehEDoqScp-xkbgUBozEStsIyOA,CHALLENGER,1,1,2,7,4.0,Bard,UTILITY,53,8391,9980,4761,8,10,972,1775585604155,420,CLASSIC,0.617283950617284,517.9629629629629,3.2716049382716053
EUW1_7813186457,6YzVabvtVbK07DvJ4ePZIOiHG_8x56UTvlIVSnFxTLfU7dJgj5KDLirR8tobYDim5QuI6njXzKXN6g,GRANDMASTER,0,2,3,6,2.6666666666666665,KSante,TOP,23,10939,27085,8742,16,175,1581,1775575580371,420,CLASSIC,6.641366223908918,415.1423149905123,0.8728652751423149
EUW1_7813186457,wY4pMq7R7ac7QcSftzWqyiMRSFaCfM88Kl49QUhFk0cE5uVZ-c4cy8ueo1IBzzrcrmaLlUDnwOXB-A,CHALLENGER,0,8,5,8,3.2,Olaf,JUNGLE,25,18091,30026,12090,15,157,1581,1775575580371,420,CLASSIC,5.958254269449715,686.5654648956356,0.9487666034155597
EUW1_7813186457,tkkVzvtIwFToqwSRRmL-i0McU_24phBJXVxe3ZJdeXhnH90A9sK4e-sWnAilD_3_FtWBkoF8sQyDtw,GRANDMASTER,0,7,3,5,4.0,Orianna,MIDDLE,39,19736,19273,12378,16,257,1581,1775575580371,420,CLASSIC,9.753320683111953,748.9943074003795,1.4800759013282732
EUW1_7813186457,HlsymZuCiK4bFLECcdT5S8SHXSwFpFBM8FwTK8INXndonL4em6LVf_KW_G5_tYOIWXz51l-M7Z8YKA,GRANDMASTER,0,7,9,8,1.6666666666666667,Ezreal,BOTTOM,23,23362,26320,12256,13,187,1581,1775575580371,420,CLASSIC,7.096774193548387,886.6034155597722,0.8728652751423149
EUW1_7813186457,rbMcwJp2KVt60GLmJh8UOQS4MF5Q-uQwJ3JI30iHzba-DWVoWLcCQKhem-U16IdUNQ37HegeyEfjPA,CHALLENGER,0,6,4,14,5.0,Anivia,UTILITY,93,19215,33824,9319,13,36,1581,1775575580371,420,CLASSIC,1.366223908918406,729.2220113851992,3.5294117647058822
EUW1_7813186457,QWzaY_9f-GpkPTSOmhw-8tqulYEGI6y1oa4l1nTmWGT-TTywNFHj_6xcd6Rd9E-6YVfu1gZ0mQ8zcw,CHALLENGER,1,3,4,3,1.5,Gnar,TOP,37,22005,25277,11433,15,225,1581,1775575580371,420,CLASSIC,8.538899430740038,835.1043643263756,1.4041745730550284
EUW1_7813186457,R2CCrU_kSQyUyOjInGOp0i6sma1v1IK2EPqKXa7Sb2ujlyAiXT9lEh0XVNXAQL7L4yxB7Vj1EZAu6Q,CHALLENGER,1,16,6,5,3.5,MasterYi,JUNGLE,55,35341,30214,18279,16,234,1581,1775575580371,420,CLASSIC,8.88045540796964,1341.214421252372,2.0872865275142316
EUW1_7813186457,sVBKhcpwvqIP11HQalZBytkvCnYX7fsVHTeF3vE06syVcFfjK0ilrj4JTQoRDg35JaJ0_sLmlF4MRw,CHALLENGER,1,2,7,6,1.1428571428571428,Malzahar,MIDDLE,33,20228,21046,9678,14,207,1581,1775575580371,420,CLASSIC,7.855787476280835,767.6660341555977,1.2523719165085387
EUW1_7813186457,Tv6UMY_2z-9OV64EKjyCbOtFNaAec4NXDQw1UIVWOR5cNVTOTetRnT95mjoXf4t05McMlumobEiWwQ,CHALLENGER,1,2,6,8,1.6666666666666667,Jhin,BOTTOM,29,19273,20659,9870,13,185,1581,1775575580371,420,CLASSIC,7.020872865275142,731.4231499051233,1.1005692599620494
EUW1_7813186457,TpnuFmp7IpW_4XT6B6bU8YKTExZcICTj0G0e2yLO_Tc2ABIxZIYAehEDoqScp-xkbgUBozEStsIyOA,CHALLENGER,1,1,7,16,2.4285714285714284,Zoe,UTILITY,97,20700,21245,8918,12,35,1581,1775575580371,420,CLASSIC,1.3282732447817835,785.5787476280834,3.681214421252372
