puuid,match_id
tb_9x0EfyUo0NEPHjkOAj9Mo8l8a6yRBnXZHYqv3iu2ZYrRwtttt6Xu-YxfvF1p9tbfGMl0jZQDu6Q,EUW1_7811525745
tb_9x0EfyUo0NEPHjkOAj9Mo8l8a6yRBnXZHYqv3iu2ZYrRwtttt6Xu-YxfvF1p9tbfGMl0jZQDu6Q,EUW1_7811398536
tb_9x0EfyUo0NEPHjkOAj9Mo8l8a6yRBnXZHYqv3iu2ZYrRwtttt6Xu-YxfvF1p9tbfGMl0jZQDu6Q,EUW1_7811335813
tb_9x0EfyUo0NEPHjkOAj9Mo8l8a6yRBnXZHYqv3iu2ZYrRwtttt6Xu-YxfvF1p9tbfGMl0jZQDu6Q,EUW1_7810558567
tb_9x0EfyUo0NEPHjkOAj9Mo8l8a6yRBnXZHYqv3iu2ZYrRwtttt6Xu-YxfvF1p9tbfGMl0jZQDu6Q,EUW1_7810536342
tb_9x0EfyUo0NEPHjkOAj9Mo8l8a6yRBnXZHYqv3iu2ZYrRwtttt6Xu-YxfvF1p9tbfGMl0jZQDu6Q,EUW1_7810508744
tb_9x0EfyUo0NEPHjkOAj9Mo8l8a6yRBnXZHYqv3iu2ZYrRwtttt6Xu-YxfvF1p9tbfGMl0jZQDu6Q,EUW1_7810473534
tb_9x0EfyUo0NEPHjkOAj9Mo8l8a6yRBnXZHYqv3iu2ZYrRwtttt6Xu-YxfvF1p9tbfGMl0jZQDu6Q,EUW1_7810422791
tb_9x0EfyUo0NEPHjkOAj9Mo8l8a6yRBnXZHYqv3iu2ZYrRwtttt6Xu-YxfvF1p9tbfGMl0jZQDu6Q,EUW1_7810373073
tb_9x0EfyUo0NEPHjkOAj9Mo8l8a6yRBnXZHYqv3iu2ZYrRwtttt6Xu-YxfvF1p9tbfGMl0jZQDu6Q,EUW1_7810101409
wdPuBM06h-VzRaUwqGaHgT61YMCVDkgbtZZh14IG4gMLxV3Ocs-moWXzIevh5rSE7SMptss1bq1daQ,EUW1_7812778377
wdPuBM06h-VzRaUwqGaHgT61YMCVDkgbtZZh14IG4gMLxV3Ocs-moWXzIevh5rSE7SMptss1bq1daQ,EUW1_7811592769
wdPuBM06h-VzRaUwqGaHgT61YMCVDkgbtZZh14IG4gMLxV3Ocs-moWXzIevh5rSE7SMptss1bq1daQ,EUW1_7810534576
wdPuBM06h-VzRaUwqGaHgT61YMCVDkgbtZZh14IG4gMLxV3Ocs-moWXzIevh5rSE7SMptss1bq1daQ,EUW1_7810497871
wdPuBM06h-VzRaUwqGaHgT61YMCVDkgbtZZh14IG4gMLxV3Ocs-moWXzIevh5rSE7SMptss1bq1daQ,EUW1_7810461718
wdPuBM06h-VzRaUwqGaHgT61YMCVDkgbtZZh14IG4gMLxV3Ocs-moWXzIevh5rSE7SMptss1bq1daQ,EUW1_7810391033
wdPuBM06h-VzRaUwqGaHgT61YMCVDkgbtZZh14IG4gMLxV3Ocs-moWXzIevh5rSE7SMptss1bq1daQ,EUW1_7810358509
wdPuBM06h-VzRaUwqGaHgT61YMCVDkgbtZZh14IG4gMLxV3Ocs-moWXzIevh5rSE7SMptss1bq1daQ,EUW1_7810271869
wdPuBM06h-VzRaUwqGaHgT61YMCVDkgbtZZh14IG4gMLxV3Ocs-moWXzIevh5rSE7SMptss1bq1daQ,EUW1_7810221621
wdPuBM06h-VzRaUwqGaHgT61YMCVDkgbtZZh14IG4gMLxV3Ocs-moWXzIevh5rSE7SMptss1bq1daQ,EUW1_7810165638
dagY2-LsfgTp-mBR04XYERMi0KxtRFE11pxTQYv_yIULvC4_9YCrYtyq_90ueclonA_C966MFkbVOQ,EUW1_7813324706
dagY2-LsfgTp-mBR04XYERMi0KxtRFE11pxTQYv_yIULvC4_9YCrYtyq_90ueclonA_C966MFkbVOQ,EUW1_7813269546
dagY2-LsfgTp-mBR04XYERMi0KxtRFE11pxTQYv_yIULvC4_9YCrYtyq_90ueclonA_C966MFkbVOQ,EUW1_7813232994
dagY2-LsfgTp-mBR04XYERMi0KxtRFE11pxTQYv_yIULvC4_9YCrYtyq_90ueclonA_C966MFkbVOQ,EUW1_7813203742
dagY2-LsfgTp-mBR04XYERMi0KxtRFE11pxTQYv_yIULvC4_9YCrYtyq_90ueclonA_C966MFkbVOQ,EUW1_7812969143
dagY2-LsfgTp-mBR04XYERMi0KxtRFE11pxTQYv_yIULvC4_9YCrYtyq_90ueclonA_C966MFkbVOQ,EUW1_7812304355
dagY2-LsfgTp-mBR04XYERMi0KxtRFE11pxTQYv_yIULvC4_9YCrYtyq_90ueclonA_C966MFkbVOQ,EUW1_7811878803
dagY2-LsfgTp-mBR04XYERMi0KxtRFE11pxTQYv_yIULvC4_9YCrYtyq_90ueclonA_C966MFkbVOQ,EUW1_7811289514
dagY2-LsfgTp-mBR04XYERMi0KxtRFE11pxTQYv_yIULvC4_9YCrYtyq_90ueclonA_C966MFkbVOQ,EUW1_7811249661
dagY2-LsfgTp-mBR04XYERMi0KxtRFE11pxTQYv_yIULvC4_9YCrYtyq_90ueclonA_C966MFkbVOQ,EUW1_7811154904
yrwnBmmZflmk-7PCr2xfjU-qHAzvHP9ZAMMbSqIJFijc4LYSlOxhUs8qY7xEOlDfKr8D8KgFGjEUkg,EUW1_7813612259
yrwnBmmZflmk-7PCr2xfjU-qHAzvHP9ZAMMbSqIJFijc4LYSlOxhUs8qY7xEOlDfKr8D8KgFGjEUkg,EUW1_7813319735
yrwnBmmZflmk-7PCr2xfjU-qHAzvHP9ZAMMbSqIJFijc4LYSlOxhUs8qY7xEOlDfKr8D8KgFGjEUkg,EUW1_7813275169
yrwnBmmZflmk-7PCr2xfjU-qHAzvHP9ZAMMbSqIJFijc4LYSlOxhUs8qY7xEOlDfKr8D8KgFGjEUkg,EUW1_7813242317
yrwnBmmZflmk-7PCr2xfjU-qHAzvHP9ZAMMbSqIJFijc4LYSlOxhUs8qY7xEOlDfKr8D8KgFGjEUkg,EUW1_7813203742
yrwnBmmZflmk-7PCr2xfjU-qHAzvHP9ZAMMbSqIJFijc4LYSlOxhUs8qY7xEOlDfKr8D8KgFGjEUkg,EUW1_7813176638
yrwnBmmZflmk-7PCr2xfjU-qHAzvHP9ZAMMbSqIJFijc4LYSlOxhUs8qY7xEOlDfKr8D8KgFGjEUkg,EUW1_7812705515
yrwnBmmZflmk-7PCr2xfjU-qHAzvHP9ZAMMbSqIJFijc4LYSlOxhUs8qY7xEOlDfKr8D8KgFGjEUkg,EUW1_7812641901
yrwnBmmZflmk-7PCr2xfjU-qHAzvHP9ZAMMbSqIJFijc4LYSlOxhUs8qY7xEOlDfKr8D8KgFGjEUkg,EUW1_7812581107
yrwnBmmZflmk-7PCr2xfjU-qHAzvHP9ZAMMbSqIJFijc4LYSlOxhUs8qY7xEOlDfKr8D8KgFGjEUkg,EUW1_7812115938
4NI6m23zZtzjHi3xUbkRnn3aUYcTOYSMvg8D-uev9JQlZn5ahs6vHmOnCGNHYljOFbsw4ODsXu1dRQ,EUW1_7813033667
4NI6m23zZtzjHi3xUbkRnn3aUYcTOYSMvg8D-uev9JQlZn5ahs6vHmOnCGNHYljOFbsw4ODsXu1dRQ,EUW1_7812655050
4NI6m23zZtzjHi3xUbkRnn3aUYcTOYSMvg8D-uev9JQlZn5ahs6vHmOnCGNHYljOFbsw4ODsXu1dRQ,EUW1_7812581107
4NI6m23zZtzjHi3xUbkRnn3aUYcTOYSMvg8D-uev9JQlZn5ahs6vHmOnCGNHYljOFbsw4ODsXu1dRQ,EUW1_7811823107
4NI6m23zZtzjHi3xUbkRnn3aUYcTOYSMvg8D-uev9JQlZn5ahs6vHmOnCGNHYljOFbsw4ODsXu1dRQ,EUW1_7811444161
4NI6m23zZtzjHi3xUbkRnn3aUYcTOYSMvg8D-uev9JQlZn5ahs6vHmOnCGNHYljOFbsw4ODsXu1dRQ,EUW1_7811336817
4NI6m23zZtzjHi3xUbkRnn3aUYcTOYSMvg8D-uev9JQlZn5ahs6vHmOnCGNHYljOFbsw4ODsXu1dRQ,EUW1_7811278534
4NI6m23zZtzjHi3xUbkRnn3aUYcTOYSMvg8D-uev9JQlZn5ahs6vHmOnCGNHYljOFbsw4ODsXu1dRQ,EUW1_7811056917
4NI6m23zZtzjHi3xUbkRnn3aUYcTOYSMvg8D-uev9JQlZn5ahs6vHmOnCGNHYljOFbsw4ODsXu1dRQ,EUW1_7810819952
4NI6m23zZtzjHi3xUbkRnn3aUYcTOYSMvg8D-uev9JQlZn5ahs6vHmOnCGNHYljOFbsw4ODsXu1dRQ,EUW1_7810768347
_jU3kcYrdmle2PNNi_e9SjE1-0fHWLFq4lp0AydftHoZ5ueOLhGceQfTHISCk9fsX9Rt9rWa_lqnjQ,EUW1_7813220559
_jU3kcYrdmle2PNNi_e9SjE1-0fHWLFq4lp0AydftHoZ5ueOLhGceQfTHISCk9fsX9Rt9rWa_lqnjQ,EUW1_7813171943
_jU3kcYrdmle2PNNi_e9SjE1-0fHWLFq4lp0AydftHoZ5ueOLhGceQfTHISCk9fsX9Rt9rWa_lqnjQ,EUW1_7813130925
_jU3kcYrdmle2PNNi_e9SjE1-0fHWLFq4lp0AydftHoZ5ueOLhGceQfTHISCk9fsX9Rt9rWa_lqnjQ,EUW1_7813091783
_jU3kcYrdmle2PNNi_e9SjE1-0fHWLFq4lp0AydftHoZ5ueOLhGceQfTHISCk9fsX9Rt9rWa_lqnjQ,EUW1_7813055609
_jU3kcYrdmle2PNNi_e9SjE1-0fHWLFq4lp0AydftHoZ5ueOLhGceQfTHISCk9fsX9Rt9rWa_lqnjQ,EUW1_7813028841
_jU3kcYrdmle2PNNi_e9SjE1-0fHWLFq4lp0AydftHoZ5ueOLhGceQfTHISCk9fsX9Rt9rWa_lqnjQ,EUW1_7812017763
_jU3kcYrdmle2PNNi_e9SjE1-0fHWLFq4lp0AydftHoZ5ueOLhGceQfTHISCk9fsX9Rt9rWa_lqnjQ,EUW1_7811976930
_jU3kcYrdmle2PNNi_e9SjE1-0fHWLFq4lp0AydftHoZ5ueOLhGceQfTHISCk9fsX9Rt9rWa_lqnjQ,EUW1_7811944798
_jU3kcYrdmle2PNNi_e9SjE1-0fHWLFq4lp0AydftHoZ5ueOLhGceQfTHISCk9fsX9Rt9rWa_lqnjQ,EUW1_7811537012
ydonl0UCnDpsFLUfaVnHX2m_qlZYHZxF6kvRHgXJxWCrOqZ-PPaPdn0cTDNWU8rHVmfV01-BGyrozw,EUW1_7813554459
ydonl0UCnDpsFLUfaVnHX2m_qlZYHZxF6kvRHgXJxWCrOqZ-PPaPdn0cTDNWU8rHVmfV01-BGyrozw,EUW1_7812765082
ydonl0UCnDpsFLUfaVnHX2m_qlZYHZxF6kvRHgXJxWCrOqZ-PPaPdn0cTDNWU8rHVmfV01-BGyrozw,EUW1_7812716587
ydonl0UCnDpsFLUfaVnHX2m_qlZYHZxF6kvRHgXJxWCrOqZ-PPaPdn0cTDNWU8rHVmfV01-BGyrozw,EUW1_7812674398
ydonl0UCnDpsFLUfaVnHX2m_qlZYHZxF6kvRHgXJxWCrOqZ-PPaPdn0cTDNWU8rHVmfV01-BGyrozw,EUW1_7812592375
ydonl0UCnDpsFLUfaVnHX2m_qlZYHZxF6kvRHgXJxWCrOqZ-PPaPdn0cTDNWU8rHVmfV01-BGyrozw,EUW1_7812542332
ydonl0UCnDpsFLUfaVnHX2m_qlZYHZxF6kvRHgXJxWCrOqZ-PPaPdn0cTDNWU8rHVmfV01-BGyrozw,EUW1_7811823107
ydonl0UCnDpsFLUfaVnHX2m_qlZYHZxF6kvRHgXJxWCrOqZ-PPaPdn0cTDNWU8rHVmfV01-BGyrozw,EUW1_7811595050
ydonl0UCnDpsFLUfaVnHX2m_qlZYHZxF6kvRHgXJxWCrOqZ-PPaPdn0cTDNWU8rHVmfV01-BGyrozw,EUW1_7811547133
ydonl0UCnDpsFLUfaVnHX2m_qlZYHZxF6kvRHgXJxWCrOqZ-PPaPdn0cTDNWU8rHVmfV01-BGyrozw,EUW1_7811492536
aI9cPJXebDtWbQ_eFhp7-WEYRYW4VpYo3UCJSrZ2nnuQZz0SX7a2w0Pb4xrRkOEocLkiAfeDWDfJeQ,EUW1_7813319735
aI9cPJXebDtWbQ_eFhp7-WEYRYW4VpYo3UCJSrZ2nnuQZz0SX7a2w0Pb4xrRkOEocLkiAfeDWDfJeQ,EUW1_7813269546
aI9cPJXebDtWbQ_eFhp7-WEYRYW4VpYo3UCJSrZ2nnuQZz0SX7a2w0Pb4xrRkOEocLkiAfeDWDfJeQ,EUW1_7813232816
aI9cPJXebDtWbQ_eFhp7-WEYRYW4VpYo3UCJSrZ2nnuQZz0SX7a2w0Pb4xrRkOEocLkiAfeDWDfJeQ,EUW1_7813171943
aI9cPJXebDtWbQ_eFhp7-WEYRYW4VpYo3UCJSrZ2nnuQZz0SX7a2w0Pb4xrRkOEocLkiAfeDWDfJeQ,EUW1_7813137648
aI9cPJXebDtWbQ_eFhp7-WEYRYW4VpYo3UCJSrZ2nnuQZz0SX7a2w0Pb4xrRkOEocLkiAfeDWDfJeQ,EUW1_7813095088
aI9cPJXebDtWbQ_eFhp7-WEYRYW4VpYo3UCJSrZ2nnuQZz0SX7a2w0Pb4xrRkOEocLkiAfeDWDfJeQ,EUW1_7813054245
aI9cPJXebDtWbQ_eFhp7-WEYRYW4VpYo3UCJSrZ2nnuQZz0SX7a2w0Pb4xrRkOEocLkiAfeDWDfJeQ,EUW1_7813020866
aI9cPJXebDtWbQ_eFhp7-WEYRYW4VpYo3UCJSrZ2nnuQZz0SX7a2w0Pb4xrRkOEocLkiAfeDWDfJeQ,EUW1_7812994615
aI9cPJXebDtWbQ_eFhp7-WEYRYW4VpYo3UCJSrZ2nnuQZz0SX7a2w0Pb4xrRkOEocLkiAfeDWDfJeQ,EUW1_7812969143
k8U-jWyXQcfhdN_VJJOdctkpRfUgQDjqsCW_FY9GKjYUGTVmLjvW-D6yoB-iWtEfMHSwL7-J8-ChPw,EUW1_7813697226
k8U-jWyXQcfhdN_VJJOdctkpRfUgQDjqsCW_FY9GKjYUGTVmLjvW-D6yoB-iWtEfMHSwL7-J8-ChPw,EUW1_7813612259
k8U-jWyXQcfhdN_VJJOdctkpRfUgQDjqsCW_FY9GKjYUGTVmLjvW-D6yoB-iWtEfMHSwL7-J8-ChPw,EUW1_7813568643
k8U-jWyXQcfhdN_VJJOdctkpRfUgQDjqsCW_FY9GKjYUGTVmLjvW-D6yoB-iWtEfMHSwL7-J8-ChPw,EUW1_7813505730
k8U-jWyXQcfhdN_VJJOdctkpRfUgQDjqsCW_FY9GKjYUGTVmLjvW-D6yoB-iWtEfMHSwL7-J8-ChPw,EUW1_7813441358
k8U-jWyXQcfhdN_VJJOdctkpRfUgQDjqsCW_FY9GKjYUGTVmLjvW-D6yoB-iWtEfMHSwL7-J8-ChPw,EUW1_7813380771
k8U-jWyXQcfhdN_VJJOdctkpRfUgQDjqsCW_FY9GKjYUGTVmLjvW-D6yoB-iWtEfMHSwL7-J8-ChPw,EUW1_7813324706
k8U-jWyXQcfhdN_VJJOdctkpRfUgQDjqsCW_FY9GKjYUGTVmLjvW-D6yoB-iWtEfMHSwL7-J8-ChPw,EUW1_7813269546
k8U-jWyXQcfhdN_VJJOdctkpRfUgQDjqsCW_FY9GKjYUGTVmLjvW-D6yoB-iWtEfMHSwL7-J8-ChPw,EUW1_7813232994
k8U-jWyXQcfhdN_VJJOdctkpRfUgQDjqsCW_FY9GKjYUGTVmLjvW-D6yoB-iWtEfMHSwL7-J8-ChPw,EUW1_7813193147
60yBi7zPq9Y1ZBnXMb_qvK8I9suqmXWw5Ps4JrE09jkML9kZ8wa2mC7zrxx8tk80P_Mw43r90947cA,EUW1_7813785990
60yBi7zPq9Y1ZBnXMb_qvK8I9suqmXWw5Ps4JrE09jkML9kZ8wa2mC7zrxx8tk80P_Mw43r90947cA,EUW1_7813769153
60yBi7zPq9Y1ZBnXMb_qvK8I9suqmXWw5Ps4JrE09jkML9kZ8wa2mC7zrxx8tk80P_Mw43r90947cA,EUW1_7813756520
60yBi7zPq9Y1ZBnXMb_qvK8I9suqmXWw5Ps4JrE09jkML9kZ8wa2mC7zrxx8tk80P_Mw43r90947cA,EUW1_7813722006
60yBi7zPq9Y1ZBnXMb_qvK8I9suqmXWw5Ps4JrE09jkML9kZ8wa2mC7zrxx8tk80P_Mw43r90947cA,EUW1_7813689747
60yBi7zPq9Y1ZBnXMb_qvK8I9suqmXWw5Ps4JrE09jkML9kZ8wa2mC7zrxx8tk80P_Mw43r90947cA,EUW1_7813643950
60yBi7zPq9Y1ZBnXMb_qvK8I9suqmXWw5Ps4JrE09jkML9kZ8wa2mC7zrxx8tk80P_Mw43r90947cA,EUW1_7813596925
60yBi7zPq9Y1ZBnXMb_qvK8I9suqmXWw5Ps4JrE09jkML9kZ8wa2mC7zrxx8tk80P_Mw43r90947cA,EUW1_7813534005
60yBi7zPq9Y1ZBnXMb_qvK8I9suqmXWw5Ps4JrE09jkML9kZ8wa2mC7zrxx8tk80P_Mw43r90947cA,EUW1_7813483143
60yBi7zPq9Y1ZBnXMb_qvK8I9suqmXWw5Ps4JrE09jkML9kZ8wa2mC7zrxx8tk80P_Mw43r90947cA,EUW1_7813171943
kteXLkIClnef1TeX4vHWOBsk95iK9h-TA4soXeaxToVMv9CWIbWyoZZLpZF01xlvDZrOTKUNY1v9ag,EUW1_7813137648
kteXLkIClnef1TeX4vHWOBsk95iK9h-TA4soXeaxToVMv9CWIbWyoZZLpZF01xlvDZrOTKUNY1v9ag,EUW1_7813112571
kteXLkIClnef1TeX4vHWOBsk95iK9h-TA4soXeaxToVMv9CWIbWyoZZLpZF01xlvDZrOTKUNY1v9ag,EUW1_7812920023
kteXLkIClnef1TeX4vHWOBsk95iK9h-TA4soXeaxToVMv9CWIbWyoZZLpZF01xlvDZrOTKUNY1v9ag,EUW1_7812898068
kteXLkIClnef1TeX4vHWOBsk95iK9h-TA4soXeaxToVMv9CWIbWyoZZLpZF01xlvDZrOTKUNY1v9ag,EUW1_7812888381
kteXLkIClnef1TeX4vHWOBsk95iK9h-TA4soXeaxToVMv9CWIbWyoZZLpZF01xlvDZrOTKUNY1v9ag,EUW1_7812882191
kteXLkIClnef1TeX4vHWOBsk95iK9h-TA4soXeaxToVMv9CWIbWyoZZLpZF01xlvDZrOTKUNY1v9ag,EUW1_7812115938
kteXLkIClnef1TeX4vHWOBsk95iK9h-TA4soXeaxToVMv9CWIbWyoZZLpZF01xlvDZrOTKUNY1v9ag,EUW1_7812056314
kteXLkIClnef1TeX4vHWOBsk95iK9h-TA4soXeaxToVMv9CWIbWyoZZLpZF01xlvDZrOTKUNY1v9ag,EUW1_7812001988
kteXLkIClnef1TeX4vHWOBsk95iK9h-TA4soXeaxToVMv9CWIbWyoZZLpZF01xlvDZrOTKUNY1v9ag,EUW1_7811864102
TpnuFmp7IpW_4XT6B6bU8YKTExZcICTj0G0e2yLO_Tc2ABIxZIYAehEDoqScp-xkbgUBozEStsIyOA,EUW1_7813723724
TpnuFmp7IpW_4XT6B6bU8YKTExZcICTj0G0e2yLO_Tc2ABIxZIYAehEDoqScp-xkbgUBozEStsIyOA,EUW1_7813689305
TpnuFmp7IpW_4XT6B6bU8YKTExZcICTj0G0e2yLO_Tc2ABIxZIYAehEDoqScp-xkbgUBozEStsIyOA,EUW1_7813643950
TpnuFmp7IpW_4XT6B6bU8YKTExZcICTj0G0e2yLO_Tc2ABIxZIYAehEDoqScp-xkbgUBozEStsIyOA,EUW1_7813596925
TpnuFmp7IpW_4XT6B6bU8YKTExZcICTj0G0e2yLO_Tc2ABIxZIYAehEDoqScp-xkbgUBozEStsIyOA,EUW1_7813368326
TpnuFmp7IpW_4XT6B6bU8YKTExZcICTj0G0e2yLO_Tc2ABIxZIYAehEDoqScp-xkbgUBozEStsIyOA,EUW1_7813319735
TpnuFmp7IpW_4XT6B6bU8YKTExZcICTj0G0e2yLO_Tc2ABIxZIYAehEDoqScp-xkbgUBozEStsIyOA,EUW1_7813186457
TpnuFmp7IpW_4XT6B6bU8YKTExZcICTj0G0e2yLO_Tc2ABIxZIYAehEDoqScp-xkbgUBozEStsIyOA,EUW1_7813137648
TpnuFmp7IpW_4XT6B6bU8YKTExZcICTj0G0e2yLO_Tc2ABIxZIYAehEDoqScp-xkbgUBozEStsIyOA,EUW1_7813112571
TpnuFmp7IpW_4XT6B6bU8YKTExZcICTj0G0e2yLO_Tc2ABIxZIYAehEDoqScp-xkbgUBozEStsIyOA,EUW1_7812808990
-wOrJ0epX6d0-CLuXUqrsJfEhwW6GUjdQ-hJ1QIXnX8rr8hNeGuyRksBk3vMpwJzvG9W3kZFpG7c4w,EUW1_7813785027
-wOrJ0epX6d0-CLuXUqrsJfEhwW6GUjdQ-hJ1QIXnX8rr8hNeGuyRksBk3vMpwJzvG9W3kZFpG7c4w,EUW1_7813764637
-wOrJ0epX6d0-CLuXUqrsJfEhwW6GUjdQ-hJ1QIXnX8rr8hNeGuyRksBk3vMpwJzvG9W3kZFpG7c4w,EUW1_7813723724
-wOrJ0epX6d0-CLuXUqrsJfEhwW6GUjdQ-hJ1QIXnX8rr8hNeGuyRksBk3vMpwJzvG9W3kZFpG7c4w,EUW1_7813689305
-wOrJ0epX6d0-CLuXUqrsJfEhwW6GUjdQ-hJ1QIXnX8rr8hNeGuyRksBk3vMpwJzvG9W3kZFpG7c4w,EUW1_7813639671
-wOrJ0epX6d0-CLuXUqrsJfEhwW6GUjdQ-hJ1QIXnX8rr8hNeGuyRksBk3vMpwJzvG9W3kZFpG7c4w,EUW1_7813596925
-wOrJ0epX6d0-CLuXUqrsJfEhwW6GUjdQ-hJ1QIXnX8rr8hNeGuyRksBk3vMpwJzvG9W3kZFpG7c4w,EUW1_7813554459
-wOrJ0epX6d0-CLuXUqrsJfEhwW6GUjdQ-hJ1QIXnX8rr8hNeGuyRksBk3vMpwJzvG9W3kZFpG7c4w,EUW1_7813483948
-wOrJ0epX6d0-CLuXUqrsJfEhwW6GUjdQ-hJ1QIXnX8rr8hNeGuyRksBk3vMpwJzvG9W3kZFpG7c4w,EUW1_7813412457
-wOrJ0epX6d0-CLuXUqrsJfEhwW6GUjdQ-hJ1QIXnX8rr8hNeGuyRksBk3vMpwJzvG9W3kZFpG7c4w,EUW1_7813353003
udFlKFX6nvDW-TxHVo05i_1VXwpQKTWVYp8Ctffk2M4j96GRoD598qEuybTp5wPuuEFwF6HX0uKqzw,EUW1_7813230030
udFlKFX6nvDW-TxHVo05i_1VXwpQKTWVYp8Ctffk2M4j96GRoD598qEuybTp5wPuuEFwF6HX0uKqzw,EUW1_7813183746
udFlKFX6nvDW-TxHVo05i_1VXwpQKTWVYp8Ctffk2M4j96GRoD598qEuybTp5wPuuEFwF6HX0uKqzw,EUW1_7813160938
udFlKFX6nvDW-TxHVo05i_1VXwpQKTWVYp8Ctffk2M4j96GRoD598qEuybTp5wPuuEFwF6HX0uKqzw,EUW1_7812997728
udFlKFX6nvDW-TxHVo05i_1VXwpQKTWVYp8Ctffk2M4j96GRoD598qEuybTp5wPuuEFwF6HX0uKqzw,EUW1_7812972087
udFlKFX6nvDW-TxHVo05i_1VXwpQKTWVYp8Ctffk2M4j96GRoD598qEuybTp5wPuuEFwF6HX0uKqzw,EUW1_7812951199
udFlKFX6nvDW-TxHVo05i_1VXwpQKTWVYp8Ctffk2M4j96GRoD598qEuybTp5wPuuEFwF6HX0uKqzw,EUW1_7812913787
udFlKFX6nvDW-TxHVo05i_1VXwpQKTWVYp8Ctffk2M4j96GRoD598qEuybTp5wPuuEFwF6HX0uKqzw,EUW1_7812905356
udFlKFX6nvDW-TxHVo05i_1VXwpQKTWVYp8Ctffk2M4j96GRoD598qEuybTp5wPuuEFwF6HX0uKqzw,EUW1_7812898301
udFlKFX6nvDW-TxHVo05i_1VXwpQKTWVYp8Ctffk2M4j96GRoD598qEuybTp5wPuuEFwF6HX0uKqzw,EUW1_7808799305
tGPRPslznxgen_0kwQ9ZvE98uwSzP0g4In9uBG34PddCiMKtIYB3Q1kz54QxwelDRYzV3WxSolr2Xw,EUW1_7812926647
tGPRPslznxgen_0kwQ9ZvE98uwSzP0g4In9uBG34PddCiMKtIYB3Q1kz54QxwelDRYzV3WxSolr2Xw,EUW1_7812352368
tGPRPslznxgen_0kwQ9ZvE98uwSzP0g4In9uBG34PddCiMKtIYB3Q1kz54QxwelDRYzV3WxSolr2Xw,EUW1_7812333652
tGPRPslznxgen_0kwQ9ZvE98uwSzP0g4In9uBG34PddCiMKtIYB3Q1kz54QxwelDRYzV3WxSolr2Xw,EUW1_7812272622
tGPRPslznxgen_0kwQ9ZvE98uwSzP0g4In9uBG34PddCiMKtIYB3Q1kz54QxwelDRYzV3WxSolr2Xw,EUW1_7812218141
tGPRPslznxgen_0kwQ9ZvE98uwSzP0g4In9uBG34PddCiMKtIYB3Q1kz54QxwelDRYzV3WxSolr2Xw,EUW1_7812185510
tGPRPslznxgen_0kwQ9ZvE98uwSzP0g4In9uBG34PddCiMKtIYB3Q1kz54QxwelDRYzV3WxSolr2Xw,EUW1_7812090283
tGPRPslznxgen_0kwQ9ZvE98uwSzP0g4In9uBG34PddCiMKtIYB3Q1kz54QxwelDRYzV3WxSolr2Xw,EUW1_7812048187
tGPRPslznxgen_0kwQ9ZvE98uwSzP0g4In9uBG34PddCiMKtIYB3Q1kz54QxwelDRYzV3WxSolr2Xw,EUW1_7809529156
tGPRPslznxgen_0kwQ9ZvE98uwSzP0g4In9uBG34PddCiMKtIYB3Q1kz54QxwelDRYzV3WxSolr2Xw,EUW1_7808992343
ua1znJRaqN0mIhdiGPnBV0ynILSiU7FcmGT4iL1JUB1ZR_nBTeneNaSf5OB0P6WBZEBLuRbjeUdM_g,EUW1_7812940220
ua1znJRaqN0mIhdiGPnBV0ynILSiU7FcmGT4iL1JUB1ZR_nBTeneNaSf5OB0P6WBZEBLuRbjeUdM_g,EUW1_7812922403
ua1znJRaqN0mIhdiGPnBV0ynILSiU7FcmGT4iL1JUB1ZR_nBTeneNaSf5OB0P6WBZEBLuRbjeUdM_g,EUW1_7811917184
ua1znJRaqN0mIhdiGPnBV0ynILSiU7FcmGT4iL1JUB1ZR_nBTeneNaSf5OB0P6WBZEBLuRbjeUdM_g,EUW1_7811846538
ua1znJRaqN0mIhdiGPnBV0ynILSiU7FcmGT4iL1JUB1ZR_nBTeneNaSf5OB0P6WBZEBLuRbjeUdM_g,EUW1_7811832117
ua1znJRaqN0mIhdiGPnBV0ynILSiU7FcmGT4iL1JUB1ZR_nBTeneNaSf5OB0P6WBZEBLuRbjeUdM_g,EUW1_7810693678
ua1znJRaqN0mIhdiGPnBV0ynILSiU7FcmGT4iL1JUB1ZR_nBTeneNaSf5OB0P6WBZEBLuRbjeUdM_g,EUW1_7810655121
ua1znJRaqN0mIhdiGPnBV0ynILSiU7FcmGT4iL1JUB1ZR_nBTeneNaSf5OB0P6WBZEBLuRbjeUdM_g,EUW1_7810508202
ua1znJRaqN0mIhdiGPnBV0ynILSiU7FcmGT4iL1JUB1ZR_nBTeneNaSf5OB0P6WBZEBLuRbjeUdM_g,EUW1_7809558374
ua1znJRaqN0mIhdiGPnBV0ynILSiU7FcmGT4iL1JUB1ZR_nBTeneNaSf5OB0P6WBZEBLuRbjeUdM_g,EUW1_7807125766
Q2Kj_Fvro0wJeUPktH9-Ipdf44JWcl5TSkPHYyGAKMZXgLfYS3lR5Ammo3AqAj1MA_CU8RIlEv880A,EUW1_7812410305
Q2Kj_Fvro0wJeUPktH9-Ipdf44JWcl5TSkPHYyGAKMZXgLfYS3lR5Ammo3AqAj1MA_CU8RIlEv880A,EUW1_7812352368
Q2Kj_Fvro0wJeUPktH9-Ipdf44JWcl5TSkPHYyGAKMZXgLfYS3lR5Ammo3AqAj1MA_CU8RIlEv880A,EUW1_7810367435
Q2Kj_Fvro0wJeUPktH9-Ipdf44JWcl5TSkPHYyGAKMZXgLfYS3lR5Ammo3AqAj1MA_CU8RIlEv880A,EUW1_7810311214
Q2Kj_Fvro0wJeUPktH9-Ipdf44JWcl5TSkPHYyGAKMZXgLfYS3lR5Ammo3AqAj1MA_CU8RIlEv880A,EUW1_7809787250
Q2Kj_Fvro0wJeUPktH9-Ipdf44JWcl5TSkPHYyGAKMZXgLfYS3lR5Ammo3AqAj1MA_CU8RIlEv880A,EUW1_7809743714
Q2Kj_Fvro0wJeUPktH9-Ipdf44JWcl5TSkPHYyGAKMZXgLfYS3lR5Ammo3AqAj1MA_CU8RIlEv880A,EUW1_7809694345
Q2Kj_Fvro0wJeUPktH9-Ipdf44JWcl5TSkPHYyGAKMZXgLfYS3lR5Ammo3AqAj1MA_CU8RIlEv880A,EUW1_7808743854
Q2Kj_Fvro0wJeUPktH9-Ipdf44JWcl5TSkPHYyGAKMZXgLfYS3lR5Ammo3AqAj1MA_CU8RIlEv880A,EUW1_7808689602
Q2Kj_Fvro0wJeUPktH9-Ipdf44JWcl5TSkPHYyGAKMZXgLfYS3lR5Ammo3AqAj1MA_CU8RIlEv880A,EUW1_7808148737
LQQVMGwYrv2qeaDzvHtBwJU9yc2IMIkWqNdq_CWwUyFUMNtC3G0RB_rFC0EzMQTZU0UsD5aUjFRQkg,EUW1_7813319735
LQQVMGwYrv2qeaDzvHtBwJU9yc2IMIkWqNdq_CWwUyFUMNtC3G0RB_rFC0EzMQTZU0UsD5aUjFRQkg,EUW1_7813269546
LQQVMGwYrv2qeaDzvHtBwJU9yc2IMIkWqNdq_CWwUyFUMNtC3G0RB_rFC0EzMQTZU0UsD5aUjFRQkg,EUW1_7813232816
LQQVMGwYrv2qeaDzvHtBwJU9yc2IMIkWqNdq_CWwUyFUMNtC3G0RB_rFC0EzMQTZU0UsD5aUjFRQkg,EUW1_7813171943
LQQVMGwYrv2qeaDzvHtBwJU9yc2IMIkWqNdq_CWwUyFUMNtC3G0RB_rFC0EzMQTZU0UsD5aUjFRQkg,EUW1_7813137648
LQQVMGwYrv2qeaDzvHtBwJU9yc2IMIkWqNdq_CWwUyFUMNtC3G0RB_rFC0EzMQTZU0UsD5aUjFRQkg,EUW1_7813095088
LQQVMGwYrv2qeaDzvHtBwJU9yc2IMIkWqNdq_CWwUyFUMNtC3G0RB_rFC0EzMQTZU0UsD5aUjFRQkg,EUW1_7813054245
LQQVMGwYrv2qeaDzvHtBwJU9yc2IMIkWqNdq_CWwUyFUMNtC3G0RB_rFC0EzMQTZU0UsD5aUjFRQkg,EUW1_7813020866
LQQVMGwYrv2qeaDzvHtBwJU9yc2IMIkWqNdq_CWwUyFUMNtC3G0RB_rFC0EzMQTZU0UsD5aUjFRQkg,EUW1_7812994615
LQQVMGwYrv2qeaDzvHtBwJU9yc2IMIkWqNdq_CWwUyFUMNtC3G0RB_rFC0EzMQTZU0UsD5aUjFRQkg,EUW1_7812969143
M1gePXschByRPgBKLBwbgLeFIEnIqRrohTxmUAZmW_Sigu4BtZR3iCbj_bKRWXrJg0qG3G3JOHXVqQ,EUW1_7811056917
M1gePXschByRPgBKLBwbgLeFIEnIqRrohTxmUAZmW_Sigu4BtZR3iCbj_bKRWXrJg0qG3G3JOHXVqQ,EUW1_7811022468
M1gePXschByRPgBKLBwbgLeFIEnIqRrohTxmUAZmW_Sigu4BtZR3iCbj_bKRWXrJg0qG3G3JOHXVqQ,EUW1_7810962415
M1gePXschByRPgBKLBwbgLeFIEnIqRrohTxmUAZmW_Sigu4BtZR3iCbj_bKRWXrJg0qG3G3JOHXVqQ,EUW1_7810916941
M1gePXschByRPgBKLBwbgLeFIEnIqRrohTxmUAZmW_Sigu4BtZR3iCbj_bKRWXrJg0qG3G3JOHXVqQ,EUW1_7810883191
M1gePXschByRPgBKLBwbgLeFIEnIqRrohTxmUAZmW_Sigu4BtZR3iCbj_bKRWXrJg0qG3G3JOHXVqQ,EUW1_7810842564
M1gePXschByRPgBKLBwbgLeFIEnIqRrohTxmUAZmW_Sigu4BtZR3iCbj_bKRWXrJg0qG3G3JOHXVqQ,EUW1_7808689602
M1gePXschByRPgBKLBwbgLeFIEnIqRrohTxmUAZmW_Sigu4BtZR3iCbj_bKRWXrJg0qG3G3JOHXVqQ,EUW1_7808649031
M1gePXschByRPgBKLBwbgLeFIEnIqRrohTxmUAZmW_Sigu4BtZR3iCbj_bKRWXrJg0qG3G3JOHXVqQ,EUW1_7808618149
M1gePXschByRPgBKLBwbgLeFIEnIqRrohTxmUAZmW_Sigu4BtZR3iCbj_bKRWXrJg0qG3G3JOHXVqQ,EUW1_7808572071
lGAMsFyoNuFABpZXmmVrrKfSeOW3be-ZmV4tq4AZk77MWE1SBdqk9PhN0EWduTwWu9xJfKNy6QDSgA,EUW1_7813633026
lGAMsFyoNuFABpZXmmVrrKfSeOW3be-ZmV4tq4AZk77MWE1SBdqk9PhN0EWduTwWu9xJfKNy6QDSgA,EUW1_7813596884
lGAMsFyoNuFABpZXmmVrrKfSeOW3be-ZmV4tq4AZk77MWE1SBdqk9PhN0EWduTwWu9xJfKNy6QDSgA,EUW1_7813489226
lGAMsFyoNuFABpZXmmVrrKfSeOW3be-ZmV4tq4AZk77MWE1SBdqk9PhN0EWduTwWu9xJfKNy6QDSgA,EUW1_7813442178
lGAMsFyoNuFABpZXmmVrrKfSeOW3be-ZmV4tq4AZk77MWE1SBdqk9PhN0EWduTwWu9xJfKNy6QDSgA,EUW1_7813380771
lGAMsFyoNuFABpZXmmVrrKfSeOW3be-ZmV4tq4AZk77MWE1SBdqk9PhN0EWduTwWu9xJfKNy6QDSgA,EUW1_7813242317
lGAMsFyoNuFABpZXmmVrrKfSeOW3be-ZmV4tq4AZk77MWE1SBdqk9PhN0EWduTwWu9xJfKNy6QDSgA,EUW1_7813193415
lGAMsFyoNuFABpZXmmVrrKfSeOW3be-ZmV4tq4AZk77MWE1SBdqk9PhN0EWduTwWu9xJfKNy6QDSgA,EUW1_7813137648
lGAMsFyoNuFABpZXmmVrrKfSeOW3be-ZmV4tq4AZk77MWE1SBdqk9PhN0EWduTwWu9xJfKNy6QDSgA,EUW1_7812670806
lGAMsFyoNuFABpZXmmVrrKfSeOW3be-ZmV4tq4AZk77MWE1SBdqk9PhN0EWduTwWu9xJfKNy6QDSgA,EUW1_7812608726
p-yFF6UyV6rueuD_BXdvS5TMhrcoZZGLcXrjWvKkCUxPmPWHxJYLLFsNziOnGXkuq4Txad0-YECjDQ,EUW1_7813719063
p-yFF6UyV6rueuD_BXdvS5TMhrcoZZGLcXrjWvKkCUxPmPWHxJYLLFsNziOnGXkuq4Txad0-YECjDQ,EUW1_7813689747
p-yFF6UyV6rueuD_BXdvS5TMhrcoZZGLcXrjWvKkCUxPmPWHxJYLLFsNziOnGXkuq4Txad0-YECjDQ,EUW1_7813612259
p-yFF6UyV6rueuD_BXdvS5TMhrcoZZGLcXrjWvKkCUxPmPWHxJYLLFsNziOnGXkuq4Txad0-YECjDQ,EUW1_7813572390
p-yFF6UyV6rueuD_BXdvS5TMhrcoZZGLcXrjWvKkCUxPmPWHxJYLLFsNziOnGXkuq4Txad0-YECjDQ,EUW1_7813489226
p-yFF6UyV6rueuD_BXdvS5TMhrcoZZGLcXrjWvKkCUxPmPWHxJYLLFsNziOnGXkuq4Txad0-YECjDQ,EUW1_7813333602
p-yFF6UyV6rueuD_BXdvS5TMhrcoZZGLcXrjWvKkCUxPmPWHxJYLLFsNziOnGXkuq4Txad0-YECjDQ,EUW1_7812590832
p-yFF6UyV6rueuD_BXdvS5TMhrcoZZGLcXrjWvKkCUxPmPWHxJYLLFsNziOnGXkuq4Txad0-YECjDQ,EUW1_7812478883
p-yFF6UyV6rueuD_BXdvS5TMhrcoZZGLcXrjWvKkCUxPmPWHxJYLLFsNziOnGXkuq4Txad0-YECjDQ,EUW1_7812315137
p-yFF6UyV6rueuD_BXdvS5TMhrcoZZGLcXrjWvKkCUxPmPWHxJYLLFsNziOnGXkuq4Txad0-YECjDQ,EUW1_7811466582
9nX7KMpjm--QrD28YUP9UNZaVTNZ3pqRKQXo4NyRMVvW74nVNshmdwHKcXmuQ7g76fphdUsJh6ozeg,EUW1_7812996800
9nX7KMpjm--QrD28YUP9UNZaVTNZ3pqRKQXo4NyRMVvW74nVNshmdwHKcXmuQ7g76fphdUsJh6ozeg,EUW1_7812888381
9nX7KMpjm--QrD28YUP9UNZaVTNZ3pqRKQXo4NyRMVvW74nVNshmdwHKcXmuQ7g76fphdUsJh6ozeg,EUW1_7812882191
9nX7KMpjm--QrD28YUP9UNZaVTNZ3pqRKQXo4NyRMVvW74nVNshmdwHKcXmuQ7g76fphdUsJh6ozeg,EUW1_7810237894
9nX7KMpjm--QrD28YUP9UNZaVTNZ3pqRKQXo4NyRMVvW74nVNshmdwHKcXmuQ7g76fphdUsJh6ozeg,EUW1_7810198159
9nX7KMpjm--QrD28YUP9UNZaVTNZ3pqRKQXo4NyRMVvW74nVNshmdwHKcXmuQ7g76fphdUsJh6ozeg,EUW1_7806657252
9nX7KMpjm--QrD28YUP9UNZaVTNZ3pqRKQXo4NyRMVvW74nVNshmdwHKcXmuQ7g76fphdUsJh6ozeg,EUW1_7806597354
9nX7KMpjm--QrD28YUP9UNZaVTNZ3pqRKQXo4NyRMVvW74nVNshmdwHKcXmuQ7g76fphdUsJh6ozeg,EUW1_7806565264
9nX7KMpjm--QrD28YUP9UNZaVTNZ3pqRKQXo4NyRMVvW74nVNshmdwHKcXmuQ7g76fphdUsJh6ozeg,EUW1_7806512879
9nX7KMpjm--QrD28YUP9UNZaVTNZ3pqRKQXo4NyRMVvW74nVNshmdwHKcXmuQ7g76fphdUsJh6ozeg,EUW1_7806463143
zXxTx6UFrSX6EPAc7-n-8nYy2xC658Vemdxbew8ut1TAUOYqGPV0KdD9bxoiK87qiliZXK3oh1qDhA,EUW1_7812926647
zXxTx6UFrSX6EPAc7-n-8nYy2xC658Vemdxbew8ut1TAUOYqGPV0KdD9bxoiK87qiliZXK3oh1qDhA,EUW1_7812912451
zXxTx6UFrSX6EPAc7-n-8nYy2xC658Vemdxbew8ut1TAUOYqGPV0KdD9bxoiK87qiliZXK3oh1qDhA,EUW1_7812352368
zXxTx6UFrSX6EPAc7-n-8nYy2xC658Vemdxbew8ut1TAUOYqGPV0KdD9bxoiK87qiliZXK3oh1qDhA,EUW1_7812333652
zXxTx6UFrSX6EPAc7-n-8nYy2xC658Vemdxbew8ut1TAUOYqGPV0KdD9bxoiK87qiliZXK3oh1qDhA,EUW1_7812272622
zXxTx6UFrSX6EPAc7-n-8nYy2xC658Vemdxbew8ut1TAUOYqGPV0KdD9bxoiK87qiliZXK3oh1qDhA,EUW1_7812218141
zXxTx6UFrSX6EPAc7-n-8nYy2xC658Vemdxbew8ut1TAUOYqGPV0KdD9bxoiK87qiliZXK3oh1qDhA,EUW1_7812185510
zXxTx6UFrSX6EPAc7-n-8nYy2xC658Vemdxbew8ut1TAUOYqGPV0KdD9bxoiK87qiliZXK3oh1qDhA,EUW1_7811948414
zXxTx6UFrSX6EPAc7-n-8nYy2xC658Vemdxbew8ut1TAUOYqGPV0KdD9bxoiK87qiliZXK3oh1qDhA,EUW1_7810198159
zXxTx6UFrSX6EPAc7-n-8nYy2xC658Vemdxbew8ut1TAUOYqGPV0KdD9bxoiK87qiliZXK3oh1qDhA,EUW1_7809529156
VhLB4G40z7Fgt7JAiAF3MhwowWHVwfx_xHbYHh-foutne7_bHs75oBqShFmil4mzx2Rs5mjbTODjcA,EUW1_7813695631
VhLB4G40z7Fgt7JAiAF3MhwowWHVwfx_xHbYHh-foutne7_bHs75oBqShFmil4mzx2Rs5mjbTODjcA,EUW1_7813668910
VhLB4G40z7Fgt7JAiAF3MhwowWHVwfx_xHbYHh-foutne7_bHs75oBqShFmil4mzx2Rs5mjbTODjcA,EUW1_7813583967
VhLB4G40z7Fgt7JAiAF3MhwowWHVwfx_xHbYHh-foutne7_bHs75oBqShFmil4mzx2Rs5mjbTODjcA,EUW1_7813489226
VhLB4G40z7Fgt7JAiAF3MhwowWHVwfx_xHbYHh-foutne7_bHs75oBqShFmil4mzx2Rs5mjbTODjcA,EUW1_7813460257
VhLB4G40z7Fgt7JAiAF3MhwowWHVwfx_xHbYHh-foutne7_bHs75oBqShFmil4mzx2Rs5mjbTODjcA,EUW1_7812813912
VhLB4G40z7Fgt7JAiAF3MhwowWHVwfx_xHbYHh-foutne7_bHs75oBqShFmil4mzx2Rs5mjbTODjcA,EUW1_7812731903
VhLB4G40z7Fgt7JAiAF3MhwowWHVwfx_xHbYHh-foutne7_bHs75oBqShFmil4mzx2Rs5mjbTODjcA,EUW1_7812704248
VhLB4G40z7Fgt7JAiAF3MhwowWHVwfx_xHbYHh-foutne7_bHs75oBqShFmil4mzx2Rs5mjbTODjcA,EUW1_7812672728
VhLB4G40z7Fgt7JAiAF3MhwowWHVwfx_xHbYHh-foutne7_bHs75oBqShFmil4mzx2Rs5mjbTODjcA,EUW1_7812632728
zglF4USDMbgfnyIS-0y3TpjtRfO7MkApy9dxJY6jfFUT1jw3YEUUr4L4t9owr28wf-OjmBu9zPl2bw,EUW1_7813798485
zglF4USDMbgfnyIS-0y3TpjtRfO7MkApy9dxJY6jfFUT1jw3YEUUr4L4t9owr28wf-OjmBu9zPl2bw,EUW1_7813775943
zglF4USDMbgfnyIS-0y3TpjtRfO7MkApy9dxJY6jfFUT1jw3YEUUr4L4t9owr28wf-OjmBu9zPl2bw,EUW1_7813755633
zglF4USDMbgfnyIS-0y3TpjtRfO7MkApy9dxJY6jfFUT1jw3YEUUr4L4t9owr28wf-OjmBu9zPl2bw,EUW1_7813722006
zglF4USDMbgfnyIS-0y3TpjtRfO7MkApy9dxJY6jfFUT1jw3YEUUr4L4t9owr28wf-OjmBu9zPl2bw,EUW1_7813682653
zglF4USDMbgfnyIS-0y3TpjtRfO7MkApy9dxJY6jfFUT1jw3YEUUr4L4t9owr28wf-OjmBu9zPl2bw,EUW1_7813590878
zglF4USDMbgfnyIS-0y3TpjtRfO7MkApy9dxJY6jfFUT1jw3YEUUr4L4t9owr28wf-OjmBu9zPl2bw,EUW1_7813412457
zglF4USDMbgfnyIS-0y3TpjtRfO7MkApy9dxJY6jfFUT1jw3YEUUr4L4t9owr28wf-OjmBu9zPl2bw,EUW1_7813344987
zglF4USDMbgfnyIS-0y3TpjtRfO7MkApy9dxJY6jfFUT1jw3YEUUr4L4t9owr28wf-OjmBu9zPl2bw,EUW1_7813262322
zglF4USDMbgfnyIS-0y3TpjtRfO7MkApy9dxJY6jfFUT1jw3YEUUr4L4t9owr28wf-OjmBu9zPl2bw,EUW1_7812732510
SqQsS8T1CFD4hf67RzeLyk_qKuyLBZU64Fphf74JTcljQKaFovyiNaZw59MncUNYsXK1uQ_fXZ5Ubg,EUW1_7813081522
SqQsS8T1CFD4hf67RzeLyk_qKuyLBZU64Fphf74JTcljQKaFovyiNaZw59MncUNYsXK1uQ_fXZ5Ubg,EUW1_7813061191
SqQsS8T1CFD4hf67RzeLyk_qKuyLBZU64Fphf74JTcljQKaFovyiNaZw59MncUNYsXK1uQ_fXZ5Ubg,EUW1_7813036230
SqQsS8T1CFD4hf67RzeLyk_qKuyLBZU64Fphf74JTcljQKaFovyiNaZw59MncUNYsXK1uQ_fXZ5Ubg,EUW1_7813013614
SqQsS8T1CFD4hf67RzeLyk_qKuyLBZU64Fphf74JTcljQKaFovyiNaZw59MncUNYsXK1uQ_fXZ5Ubg,EUW1_7812977621
SqQsS8T1CFD4hf67RzeLyk_qKuyLBZU64Fphf74JTcljQKaFovyiNaZw59MncUNYsXK1uQ_fXZ5Ubg,EUW1_7812940220
SqQsS8T1CFD4hf67RzeLyk_qKuyLBZU64Fphf74JTcljQKaFovyiNaZw59MncUNYsXK1uQ_fXZ5Ubg,EUW1_7812926647
SqQsS8T1CFD4hf67RzeLyk_qKuyLBZU64Fphf74JTcljQKaFovyiNaZw59MncUNYsXK1uQ_fXZ5Ubg,EUW1_7812017763
SqQsS8T1CFD4hf67RzeLyk_qKuyLBZU64Fphf74JTcljQKaFovyiNaZw59MncUNYsXK1uQ_fXZ5Ubg,EUW1_7811982832
SqQsS8T1CFD4hf67RzeLyk_qKuyLBZU64Fphf74JTcljQKaFovyiNaZw59MncUNYsXK1uQ_fXZ5Ubg,EUW1_7811945438
rm4k1J-dLZAg3DQFygUDtKD1gZMCZgx-50zoVMJmbp9tNKqcdbxGRLqG0cQEGrCWAkW0veBmSS2J-g,EUW1_7813633026
rm4k1J-dLZAg3DQFygUDtKD1gZMCZgx-50zoVMJmbp9tNKqcdbxGRLqG0cQEGrCWAkW0veBmSS2J-g,EUW1_7813580326
rm4k1J-dLZAg3DQFygUDtKD1gZMCZgx-50zoVMJmbp9tNKqcdbxGRLqG0cQEGrCWAkW0veBmSS2J-g,EUW1_7808148737
rm4k1J-dLZAg3DQFygUDtKD1gZMCZgx-50zoVMJmbp9tNKqcdbxGRLqG0cQEGrCWAkW0veBmSS2J-g,EUW1_7808113923
rm4k1J-dLZAg3DQFygUDtKD1gZMCZgx-50zoVMJmbp9tNKqcdbxGRLqG0cQEGrCWAkW0veBmSS2J-g,EUW1_7808046483
rm4k1J-dLZAg3DQFygUDtKD1gZMCZgx-50zoVMJmbp9tNKqcdbxGRLqG0cQEGrCWAkW0veBmSS2J-g,EUW1_7807975055
rm4k1J-dLZAg3DQFygUDtKD1gZMCZgx-50zoVMJmbp9tNKqcdbxGRLqG0cQEGrCWAkW0veBmSS2J-g,EUW1_7806956469
rm4k1J-dLZAg3DQFygUDtKD1gZMCZgx-50zoVMJmbp9tNKqcdbxGRLqG0cQEGrCWAkW0veBmSS2J-g,EUW1_7804875007
rm4k1J-dLZAg3DQFygUDtKD1gZMCZgx-50zoVMJmbp9tNKqcdbxGRLqG0cQEGrCWAkW0veBmSS2J-g,EUW1_7804798802
rm4k1J-dLZAg3DQFygUDtKD1gZMCZgx-50zoVMJmbp9tNKqcdbxGRLqG0cQEGrCWAkW0veBmSS2J-g,EUW1_7804725504
IY3HPydyWwTvleUaN6Lu1tmE3ynuBViG_7bZvm-jMsxbYsFMvEzoBTUZpsHp6ExUkcn7hpnt1cGNhg,EUW1_7813344987
IY3HPydyWwTvleUaN6Lu1tmE3ynuBViG_7bZvm-jMsxbYsFMvEzoBTUZpsHp6ExUkcn7hpnt1cGNhg,EUW1_7812572868
IY3HPydyWwTvleUaN6Lu1tmE3ynuBViG_7bZvm-jMsxbYsFMvEzoBTUZpsHp6ExUkcn7hpnt1cGNhg,EUW1_7810895076
IY3HPydyWwTvleUaN6Lu1tmE3ynuBViG_7bZvm-jMsxbYsFMvEzoBTUZpsHp6ExUkcn7hpnt1cGNhg,EUW1_7809849319
IY3HPydyWwTvleUaN6Lu1tmE3ynuBViG_7bZvm-jMsxbYsFMvEzoBTUZpsHp6ExUkcn7hpnt1cGNhg,EUW1_7809827015
IY3HPydyWwTvleUaN6Lu1tmE3ynuBViG_7bZvm-jMsxbYsFMvEzoBTUZpsHp6ExUkcn7hpnt1cGNhg,EUW1_7807750544
IY3HPydyWwTvleUaN6Lu1tmE3ynuBViG_7bZvm-jMsxbYsFMvEzoBTUZpsHp6ExUkcn7hpnt1cGNhg,EUW1_7807658136
IY3HPydyWwTvleUaN6Lu1tmE3ynuBViG_7bZvm-jMsxbYsFMvEzoBTUZpsHp6ExUkcn7hpnt1cGNhg,EUW1_7806917434
IY3HPydyWwTvleUaN6Lu1tmE3ynuBViG_7bZvm-jMsxbYsFMvEzoBTUZpsHp6ExUkcn7hpnt1cGNhg,EUW1_7804828106
IY3HPydyWwTvleUaN6Lu1tmE3ynuBViG_7bZvm-jMsxbYsFMvEzoBTUZpsHp6ExUkcn7hpnt1cGNhg,EUW1_7803697119
yUwjS2kVT9-ITq4lC8m2iHcfPVURvc10IMvzT9jopsRXWLvDEnTqVStAlY9h8IHvqGqo-eyKnnFgtQ,EUW1_7813171943
yUwjS2kVT9-ITq4lC8m2iHcfPVURvc10IMvzT9jopsRXWLvDEnTqVStAlY9h8IHvqGqo-eyKnnFgtQ,EUW1_7813130925
yUwjS2kVT9-ITq4lC8m2iHcfPVURvc10IMvzT9jopsRXWLvDEnTqVStAlY9h8IHvqGqo-eyKnnFgtQ,EUW1_7813091783
yUwjS2kVT9-ITq4lC8m2iHcfPVURvc10IMvzT9jopsRXWLvDEnTqVStAlY9h8IHvqGqo-eyKnnFgtQ,EUW1_7813055609
yUwjS2kVT9-ITq4lC8m2iHcfPVURvc10IMvzT9jopsRXWLvDEnTqVStAlY9h8IHvqGqo-eyKnnFgtQ,EUW1_7812777310
yUwjS2kVT9-ITq4lC8m2iHcfPVURvc10IMvzT9jopsRXWLvDEnTqVStAlY9h8IHvqGqo-eyKnnFgtQ,EUW1_7812017763
yUwjS2kVT9-ITq4lC8m2iHcfPVURvc10IMvzT9jopsRXWLvDEnTqVStAlY9h8IHvqGqo-eyKnnFgtQ,EUW1_7811976930
yUwjS2kVT9-ITq4lC8m2iHcfPVURvc10IMvzT9jopsRXWLvDEnTqVStAlY9h8IHvqGqo-eyKnnFgtQ,EUW1_7811944798
yUwjS2kVT9-ITq4lC8m2iHcfPVURvc10IMvzT9jopsRXWLvDEnTqVStAlY9h8IHvqGqo-eyKnnFgtQ,EUW1_7811468267
yUwjS2kVT9-ITq4lC8m2iHcfPVURvc10IMvzT9jopsRXWLvDEnTqVStAlY9h8IHvqGqo-eyKnnFgtQ,EUW1_7811278534
wF4SsrGCgKqy0yemPiAh-z-4aNcwoTnTmSN1wVHeo4_9LHuRcU11TI3jUFLO1sPqLzwXhfQLMVkO0w,EUW1_7813695631
wF4SsrGCgKqy0yemPiAh-z-4aNcwoTnTmSN1wVHeo4_9LHuRcU11TI3jUFLO1sPqLzwXhfQLMVkO0w,EUW1_7813647920
wF4SsrGCgKqy0yemPiAh-z-4aNcwoTnTmSN1wVHeo4_9LHuRcU11TI3jUFLO1sPqLzwXhfQLMVkO0w,EUW1_7813599120
wF4SsrGCgKqy0yemPiAh-z-4aNcwoTnTmSN1wVHeo4_9LHuRcU11TI3jUFLO1sPqLzwXhfQLMVkO0w,EUW1_7813400253
wF4SsrGCgKqy0yemPiAh-z-4aNcwoTnTmSN1wVHeo4_9LHuRcU11TI3jUFLO1sPqLzwXhfQLMVkO0w,EUW1_7813353003
wF4SsrGCgKqy0yemPiAh-z-4aNcwoTnTmSN1wVHeo4_9LHuRcU11TI3jUFLO1sPqLzwXhfQLMVkO0w,EUW1_7813292184
wF4SsrGCgKqy0yemPiAh-z-4aNcwoTnTmSN1wVHeo4_9LHuRcU11TI3jUFLO1sPqLzwXhfQLMVkO0w,EUW1_7813167770
wF4SsrGCgKqy0yemPiAh-z-4aNcwoTnTmSN1wVHeo4_9LHuRcU11TI3jUFLO1sPqLzwXhfQLMVkO0w,EUW1_7812939545
wF4SsrGCgKqy0yemPiAh-z-4aNcwoTnTmSN1wVHeo4_9LHuRcU11TI3jUFLO1sPqLzwXhfQLMVkO0w,EUW1_7812923117
wF4SsrGCgKqy0yemPiAh-z-4aNcwoTnTmSN1wVHeo4_9LHuRcU11TI3jUFLO1sPqLzwXhfQLMVkO0w,EUW1_7812731903
FNK9bEnb9Ppm0hFBYgi-wHsfFaDLZKTKLteydpExLXHKz6BRD154o6nNSZble4mKC38PkzK7g5c00g,EUW1_7813599120
FNK9bEnb9Ppm0hFBYgi-wHsfFaDLZKTKLteydpExLXHKz6BRD154o6nNSZble4mKC38PkzK7g5c00g,EUW1_7813353003
FNK9bEnb9Ppm0hFBYgi-wHsfFaDLZKTKLteydpExLXHKz6BRD154o6nNSZble4mKC38PkzK7g5c00g,EUW1_7812544000
FNK9bEnb9Ppm0hFBYgi-wHsfFaDLZKTKLteydpExLXHKz6BRD154o6nNSZble4mKC38PkzK7g5c00g,EUW1_7812480555
FNK9bEnb9Ppm0hFBYgi-wHsfFaDLZKTKLteydpExLXHKz6BRD154o6nNSZble4mKC38PkzK7g5c00g,EUW1_7811537012
FNK9bEnb9Ppm0hFBYgi-wHsfFaDLZKTKLteydpExLXHKz6BRD154o6nNSZble4mKC38PkzK7g5c00g,EUW1_7811466582
FNK9bEnb9Ppm0hFBYgi-wHsfFaDLZKTKLteydpExLXHKz6BRD154o6nNSZble4mKC38PkzK7g5c00g,EUW1_7811406926
FNK9bEnb9Ppm0hFBYgi-wHsfFaDLZKTKLteydpExLXHKz6BRD154o6nNSZble4mKC38PkzK7g5c00g,EUW1_7810283467
FNK9bEnb9Ppm0hFBYgi-wHsfFaDLZKTKLteydpExLXHKz6BRD154o6nNSZble4mKC38PkzK7g5c00g,EUW1_7810242255
FNK9bEnb9Ppm0hFBYgi-wHsfFaDLZKTKLteydpExLXHKz6BRD154o6nNSZble4mKC38PkzK7g5c00g,EUW1_7806973771
QWzaY_9f-GpkPTSOmhw-8tqulYEGI6y1oa4l1nTmWGT-TTywNFHj_6xcd6Rd9E-6YVfu1gZ0mQ8zcw,EUW1_7813532874
QWzaY_9f-GpkPTSOmhw-8tqulYEGI6y1oa4l1nTmWGT-TTywNFHj_6xcd6Rd9E-6YVfu1gZ0mQ8zcw,EUW1_7813482960
QWzaY_9f-GpkPTSOmhw-8tqulYEGI6y1oa4l1nTmWGT-TTywNFHj_6xcd6Rd9E-6YVfu1gZ0mQ8zcw,EUW1_7813410963
QWzaY_9f-GpkPTSOmhw-8tqulYEGI6y1oa4l1nTmWGT-TTywNFHj_6xcd6Rd9E-6YVfu1gZ0mQ8zcw,EUW1_7813216504
QWzaY_9f-GpkPTSOmhw-8tqulYEGI6y1oa4l1nTmWGT-TTywNFHj_6xcd6Rd9E-6YVfu1gZ0mQ8zcw,EUW1_7813186457
QWzaY_9f-GpkPTSOmhw-8tqulYEGI6y1oa4l1nTmWGT-TTywNFHj_6xcd6Rd9E-6YVfu1gZ0mQ8zcw,EUW1_7813137815
QWzaY_9f-GpkPTSOmhw-8tqulYEGI6y1oa4l1nTmWGT-TTywNFHj_6xcd6Rd9E-6YVfu1gZ0mQ8zcw,EUW1_7813112571
QWzaY_9f-GpkPTSOmhw-8tqulYEGI6y1oa4l1nTmWGT-TTywNFHj_6xcd6Rd9E-6YVfu1gZ0mQ8zcw,EUW1_7813073531
QWzaY_9f-GpkPTSOmhw-8tqulYEGI6y1oa4l1nTmWGT-TTywNFHj_6xcd6Rd9E-6YVfu1gZ0mQ8zcw,EUW1_7813051579
QWzaY_9f-GpkPTSOmhw-8tqulYEGI6y1oa4l1nTmWGT-TTywNFHj_6xcd6Rd9E-6YVfu1gZ0mQ8zcw,EUW1_7813014920
0_KKLpm8IYOKXEwHaU6gIEWyWbHSAdf5w8SLaZG2f5GzpiR5bdNY_1xs1xwy8fsqHqESIS0W1kujvg,EUW1_7812592375
0_KKLpm8IYOKXEwHaU6gIEWyWbHSAdf5w8SLaZG2f5GzpiR5bdNY_1xs1xwy8fsqHqESIS0W1kujvg,EUW1_7812556686
0_KKLpm8IYOKXEwHaU6gIEWyWbHSAdf5w8SLaZG2f5GzpiR5bdNY_1xs1xwy8fsqHqESIS0W1kujvg,EUW1_7812512293
0_KKLpm8IYOKXEwHaU6gIEWyWbHSAdf5w8SLaZG2f5GzpiR5bdNY_1xs1xwy8fsqHqESIS0W1kujvg,EUW1_7812467139
0_KKLpm8IYOKXEwHaU6gIEWyWbHSAdf5w8SLaZG2f5GzpiR5bdNY_1xs1xwy8fsqHqESIS0W1kujvg,EUW1_7812431049
0_KKLpm8IYOKXEwHaU6gIEWyWbHSAdf5w8SLaZG2f5GzpiR5bdNY_1xs1xwy8fsqHqESIS0W1kujvg,EUW1_7812378406
0_KKLpm8IYOKXEwHaU6gIEWyWbHSAdf5w8SLaZG2f5GzpiR5bdNY_1xs1xwy8fsqHqESIS0W1kujvg,EUW1_7807836082
0_KKLpm8IYOKXEwHaU6gIEWyWbHSAdf5w8SLaZG2f5GzpiR5bdNY_1xs1xwy8fsqHqESIS0W1kujvg,EUW1_7807778336
0_KKLpm8IYOKXEwHaU6gIEWyWbHSAdf5w8SLaZG2f5GzpiR5bdNY_1xs1xwy8fsqHqESIS0W1kujvg,EUW1_7807729615
0_KKLpm8IYOKXEwHaU6gIEWyWbHSAdf5w8SLaZG2f5GzpiR5bdNY_1xs1xwy8fsqHqESIS0W1kujvg,EUW1_7807693105
oTQBdxocG1a1qJQLrbnn6rdDtzeo6bOLyi2I11sjR95FT-M1iKkUNe_2btbT81sj-0r-Z2pfD1YPpw,EUW1_7813536028
oTQBdxocG1a1qJQLrbnn6rdDtzeo6bOLyi2I11sjR95FT-M1iKkUNe_2btbT81sj-0r-Z2pfD1YPpw,EUW1_7812951473
oTQBdxocG1a1qJQLrbnn6rdDtzeo6bOLyi2I11sjR95FT-M1iKkUNe_2btbT81sj-0r-Z2pfD1YPpw,EUW1_7812922403
oTQBdxocG1a1qJQLrbnn6rdDtzeo6bOLyi2I11sjR95FT-M1iKkUNe_2btbT81sj-0r-Z2pfD1YPpw,EUW1_7812746025
oTQBdxocG1a1qJQLrbnn6rdDtzeo6bOLyi2I11sjR95FT-M1iKkUNe_2btbT81sj-0r-Z2pfD1YPpw,EUW1_7812726077
oTQBdxocG1a1qJQLrbnn6rdDtzeo6bOLyi2I11sjR95FT-M1iKkUNe_2btbT81sj-0r-Z2pfD1YPpw,EUW1_7812682828
oTQBdxocG1a1qJQLrbnn6rdDtzeo6bOLyi2I11sjR95FT-M1iKkUNe_2btbT81sj-0r-Z2pfD1YPpw,EUW1_7812592375
oTQBdxocG1a1qJQLrbnn6rdDtzeo6bOLyi2I11sjR95FT-M1iKkUNe_2btbT81sj-0r-Z2pfD1YPpw,EUW1_7812520012
oTQBdxocG1a1qJQLrbnn6rdDtzeo6bOLyi2I11sjR95FT-M1iKkUNe_2btbT81sj-0r-Z2pfD1YPpw,EUW1_7811868137
oTQBdxocG1a1qJQLrbnn6rdDtzeo6bOLyi2I11sjR95FT-M1iKkUNe_2btbT81sj-0r-Z2pfD1YPpw,EUW1_7811846538
nvtH9BkIM8XwVcyQPbtgPlxNpXoQuzEEnLDCAARddAxqnbpBVpsA-hfxHV-YRjBWt-j7kg36rRSqRg,EUW1_7813386902
nvtH9BkIM8XwVcyQPbtgPlxNpXoQuzEEnLDCAARddAxqnbpBVpsA-hfxHV-YRjBWt-j7kg36rRSqRg,EUW1_7813324706
nvtH9BkIM8XwVcyQPbtgPlxNpXoQuzEEnLDCAARddAxqnbpBVpsA-hfxHV-YRjBWt-j7kg36rRSqRg,EUW1_7813269546
nvtH9BkIM8XwVcyQPbtgPlxNpXoQuzEEnLDCAARddAxqnbpBVpsA-hfxHV-YRjBWt-j7kg36rRSqRg,EUW1_7813137648
nvtH9BkIM8XwVcyQPbtgPlxNpXoQuzEEnLDCAARddAxqnbpBVpsA-hfxHV-YRjBWt-j7kg36rRSqRg,EUW1_7813112571
nvtH9BkIM8XwVcyQPbtgPlxNpXoQuzEEnLDCAARddAxqnbpBVpsA-hfxHV-YRjBWt-j7kg36rRSqRg,EUW1_7813066357
nvtH9BkIM8XwVcyQPbtgPlxNpXoQuzEEnLDCAARddAxqnbpBVpsA-hfxHV-YRjBWt-j7kg36rRSqRg,EUW1_7813020866
nvtH9BkIM8XwVcyQPbtgPlxNpXoQuzEEnLDCAARddAxqnbpBVpsA-hfxHV-YRjBWt-j7kg36rRSqRg,EUW1_7813000453
nvtH9BkIM8XwVcyQPbtgPlxNpXoQuzEEnLDCAARddAxqnbpBVpsA-hfxHV-YRjBWt-j7kg36rRSqRg,EUW1_7812984968
nvtH9BkIM8XwVcyQPbtgPlxNpXoQuzEEnLDCAARddAxqnbpBVpsA-hfxHV-YRjBWt-j7kg36rRSqRg,EUW1_7812961908
Ebcb4O7q9NhOYnoznorQ6nZGjof0fwt0Lq_-bS3J6TLWW9NmFwu_Ft1zQH118RwymSRW8uVp74fnQA,EUW1_7813723724
Ebcb4O7q9NhOYnoznorQ6nZGjof0fwt0Lq_-bS3J6TLWW9NmFwu_Ft1zQH118RwymSRW8uVp74fnQA,EUW1_7813689305
Ebcb4O7q9NhOYnoznorQ6nZGjof0fwt0Lq_-bS3J6TLWW9NmFwu_Ft1zQH118RwymSRW8uVp74fnQA,EUW1_7813596884
Ebcb4O7q9NhOYnoznorQ6nZGjof0fwt0Lq_-bS3J6TLWW9NmFwu_Ft1zQH118RwymSRW8uVp74fnQA,EUW1_7813543821
Ebcb4O7q9NhOYnoznorQ6nZGjof0fwt0Lq_-bS3J6TLWW9NmFwu_Ft1zQH118RwymSRW8uVp74fnQA,EUW1_7813146734
Ebcb4O7q9NhOYnoznorQ6nZGjof0fwt0Lq_-bS3J6TLWW9NmFwu_Ft1zQH118RwymSRW8uVp74fnQA,EUW1_7811917184
Ebcb4O7q9NhOYnoznorQ6nZGjof0fwt0Lq_-bS3J6TLWW9NmFwu_Ft1zQH118RwymSRW8uVp74fnQA,EUW1_7811563870
Ebcb4O7q9NhOYnoznorQ6nZGjof0fwt0Lq_-bS3J6TLWW9NmFwu_Ft1zQH118RwymSRW8uVp74fnQA,EUW1_7811525633
Ebcb4O7q9NhOYnoznorQ6nZGjof0fwt0Lq_-bS3J6TLWW9NmFwu_Ft1zQH118RwymSRW8uVp74fnQA,EUW1_7811455034
Ebcb4O7q9NhOYnoznorQ6nZGjof0fwt0Lq_-bS3J6TLWW9NmFwu_Ft1zQH118RwymSRW8uVp74fnQA,EUW1_7811394490
RpZQtLGH6e1kuHeneKbURLLMD4UWpO4fxDOIWdtqylHn1CsiojjIRcqSsp4nsoKk2-iN67yF7vGuPg,EUW1_7813723724
RpZQtLGH6e1kuHeneKbURLLMD4UWpO4fxDOIWdtqylHn1CsiojjIRcqSsp4nsoKk2-iN67yF7vGuPg,EUW1_7813689305
RpZQtLGH6e1kuHeneKbURLLMD4UWpO4fxDOIWdtqylHn1CsiojjIRcqSsp4nsoKk2-iN67yF7vGuPg,EUW1_7813647920
RpZQtLGH6e1kuHeneKbURLLMD4UWpO4fxDOIWdtqylHn1CsiojjIRcqSsp4nsoKk2-iN67yF7vGuPg,EUW1_7813612259
RpZQtLGH6e1kuHeneKbURLLMD4UWpO4fxDOIWdtqylHn1CsiojjIRcqSsp4nsoKk2-iN67yF7vGuPg,EUW1_7813557004
RpZQtLGH6e1kuHeneKbURLLMD4UWpO4fxDOIWdtqylHn1CsiojjIRcqSsp4nsoKk2-iN67yF7vGuPg,EUW1_7813489063
RpZQtLGH6e1kuHeneKbURLLMD4UWpO4fxDOIWdtqylHn1CsiojjIRcqSsp4nsoKk2-iN67yF7vGuPg,EUW1_7813441358
RpZQtLGH6e1kuHeneKbURLLMD4UWpO4fxDOIWdtqylHn1CsiojjIRcqSsp4nsoKk2-iN67yF7vGuPg,EUW1_7813416077
RpZQtLGH6e1kuHeneKbURLLMD4UWpO4fxDOIWdtqylHn1CsiojjIRcqSsp4nsoKk2-iN67yF7vGuPg,EUW1_7813256465
RpZQtLGH6e1kuHeneKbURLLMD4UWpO4fxDOIWdtqylHn1CsiojjIRcqSsp4nsoKk2-iN67yF7vGuPg,EUW1_7813216504
QCL3uyW-zCyTpOuXO1XasKnSXoBJkyVqQmJUj7kq0UlPk_LLlybBcO-bQM_XYIwnGmFd4EwG0Zg39g,EUW1_7812463853
QCL3uyW-zCyTpOuXO1XasKnSXoBJkyVqQmJUj7kq0UlPk_LLlybBcO-bQM_XYIwnGmFd4EwG0Zg39g,EUW1_7812405161
QCL3uyW-zCyTpOuXO1XasKnSXoBJkyVqQmJUj7kq0UlPk_LLlybBcO-bQM_XYIwnGmFd4EwG0Zg39g,EUW1_7811891977
QCL3uyW-zCyTpOuXO1XasKnSXoBJkyVqQmJUj7kq0UlPk_LLlybBcO-bQM_XYIwnGmFd4EwG0Zg39g,EUW1_7811868137
QCL3uyW-zCyTpOuXO1XasKnSXoBJkyVqQmJUj7kq0UlPk_LLlybBcO-bQM_XYIwnGmFd4EwG0Zg39g,EUW1_7811398536
QCL3uyW-zCyTpOuXO1XasKnSXoBJkyVqQmJUj7kq0UlPk_LLlybBcO-bQM_XYIwnGmFd4EwG0Zg39g,EUW1_7811336253
QCL3uyW-zCyTpOuXO1XasKnSXoBJkyVqQmJUj7kq0UlPk_LLlybBcO-bQM_XYIwnGmFd4EwG0Zg39g,EUW1_7811278534
QCL3uyW-zCyTpOuXO1XasKnSXoBJkyVqQmJUj7kq0UlPk_LLlybBcO-bQM_XYIwnGmFd4EwG0Zg39g,EUW1_7811135848
QCL3uyW-zCyTpOuXO1XasKnSXoBJkyVqQmJUj7kq0UlPk_LLlybBcO-bQM_XYIwnGmFd4EwG0Zg39g,EUW1_7811095906
QCL3uyW-zCyTpOuXO1XasKnSXoBJkyVqQmJUj7kq0UlPk_LLlybBcO-bQM_XYIwnGmFd4EwG0Zg39g,EUW1_7811085719
7Y-hCB9Msu18_eX-6OMuiDHZRjeANMj-xNaxPgOSVf0xxm_OhrxnLpSSlB9Jds0ERyMTiT3OtzoxBQ,EUW1_7812581107
7Y-hCB9Msu18_eX-6OMuiDHZRjeANMj-xNaxPgOSVf0xxm_OhrxnLpSSlB9Jds0ERyMTiT3OtzoxBQ,EUW1_7812357233
7Y-hCB9Msu18_eX-6OMuiDHZRjeANMj-xNaxPgOSVf0xxm_OhrxnLpSSlB9Jds0ERyMTiT3OtzoxBQ,EUW1_7812333652
7Y-hCB9Msu18_eX-6OMuiDHZRjeANMj-xNaxPgOSVf0xxm_OhrxnLpSSlB9Jds0ERyMTiT3OtzoxBQ,EUW1_7811939172
7Y-hCB9Msu18_eX-6OMuiDHZRjeANMj-xNaxPgOSVf0xxm_OhrxnLpSSlB9Jds0ERyMTiT3OtzoxBQ,EUW1_7811563870
7Y-hCB9Msu18_eX-6OMuiDHZRjeANMj-xNaxPgOSVf0xxm_OhrxnLpSSlB9Jds0ERyMTiT3OtzoxBQ,EUW1_7811525633
7Y-hCB9Msu18_eX-6OMuiDHZRjeANMj-xNaxPgOSVf0xxm_OhrxnLpSSlB9Jds0ERyMTiT3OtzoxBQ,EUW1_7811455034
7Y-hCB9Msu18_eX-6OMuiDHZRjeANMj-xNaxPgOSVf0xxm_OhrxnLpSSlB9Jds0ERyMTiT3OtzoxBQ,EUW1_7811249661
7Y-hCB9Msu18_eX-6OMuiDHZRjeANMj-xNaxPgOSVf0xxm_OhrxnLpSSlB9Jds0ERyMTiT3OtzoxBQ,EUW1_7811202915
7Y-hCB9Msu18_eX-6OMuiDHZRjeANMj-xNaxPgOSVf0xxm_OhrxnLpSSlB9Jds0ERyMTiT3OtzoxBQ,EUW1_7811168532
uGx3SLIRVV2wrz7knjpO6-sRnAPMR8FabhUfaAefb6lWDthmr2zBlc43yrRL0AdtLbledJNzQttKnA,EUW1_7812108635
uGx3SLIRVV2wrz7knjpO6-sRnAPMR8FabhUfaAefb6lWDthmr2zBlc43yrRL0AdtLbledJNzQttKnA,EUW1_7812056314
uGx3SLIRVV2wrz7knjpO6-sRnAPMR8FabhUfaAefb6lWDthmr2zBlc43yrRL0AdtLbledJNzQttKnA,EUW1_7810709922
uGx3SLIRVV2wrz7knjpO6-sRnAPMR8FabhUfaAefb6lWDthmr2zBlc43yrRL0AdtLbledJNzQttKnA,EUW1_7810693678
uGx3SLIRVV2wrz7knjpO6-sRnAPMR8FabhUfaAefb6lWDthmr2zBlc43yrRL0AdtLbledJNzQttKnA,EUW1_7810508202
uGx3SLIRVV2wrz7knjpO6-sRnAPMR8FabhUfaAefb6lWDthmr2zBlc43yrRL0AdtLbledJNzQttKnA,EUW1_7810488110
uGx3SLIRVV2wrz7knjpO6-sRnAPMR8FabhUfaAefb6lWDthmr2zBlc43yrRL0AdtLbledJNzQttKnA,EUW1_7810229791
uGx3SLIRVV2wrz7knjpO6-sRnAPMR8FabhUfaAefb6lWDthmr2zBlc43yrRL0AdtLbledJNzQttKnA,EUW1_7810052583
uGx3SLIRVV2wrz7knjpO6-sRnAPMR8FabhUfaAefb6lWDthmr2zBlc43yrRL0AdtLbledJNzQttKnA,EUW1_7809996741
uGx3SLIRVV2wrz7knjpO6-sRnAPMR8FabhUfaAefb6lWDthmr2zBlc43yrRL0AdtLbledJNzQttKnA,EUW1_7809953270
7q45mf95hqeN2lGg4j03p4O4vNO9hXZ_tQUR432ZRmVc_FzAaY0MZ8EqVGcAD2WXpARHeCo3VMhNNQ,EUW1_7813596925
7q45mf95hqeN2lGg4j03p4O4vNO9hXZ_tQUR432ZRmVc_FzAaY0MZ8EqVGcAD2WXpARHeCo3VMhNNQ,EUW1_7813554459
7q45mf95hqeN2lGg4j03p4O4vNO9hXZ_tQUR432ZRmVc_FzAaY0MZ8EqVGcAD2WXpARHeCo3VMhNNQ,EUW1_7812961908
7q45mf95hqeN2lGg4j03p4O4vNO9hXZ_tQUR432ZRmVc_FzAaY0MZ8EqVGcAD2WXpARHeCo3VMhNNQ,EUW1_7812943464
7q45mf95hqeN2lGg4j03p4O4vNO9hXZ_tQUR432ZRmVc_FzAaY0MZ8EqVGcAD2WXpARHeCo3VMhNNQ,EUW1_7810695126
7q45mf95hqeN2lGg4j03p4O4vNO9hXZ_tQUR432ZRmVc_FzAaY0MZ8EqVGcAD2WXpARHeCo3VMhNNQ,EUW1_7810673023
7q45mf95hqeN2lGg4j03p4O4vNO9hXZ_tQUR432ZRmVc_FzAaY0MZ8EqVGcAD2WXpARHeCo3VMhNNQ,EUW1_7810655121
7q45mf95hqeN2lGg4j03p4O4vNO9hXZ_tQUR432ZRmVc_FzAaY0MZ8EqVGcAD2WXpARHeCo3VMhNNQ,EUW1_7809571940
7q45mf95hqeN2lGg4j03p4O4vNO9hXZ_tQUR432ZRmVc_FzAaY0MZ8EqVGcAD2WXpARHeCo3VMhNNQ,EUW1_7809547916
7q45mf95hqeN2lGg4j03p4O4vNO9hXZ_tQUR432ZRmVc_FzAaY0MZ8EqVGcAD2WXpARHeCo3VMhNNQ,EUW1_7809528629
JlyhtdkxsHQPHT-uKi8iq1CuEu5aOtbzZ_CnkLKv7vrW6FKL8TWRc2-gjjPFo-QFV-ZxLPpKQLc3mw,EUW1_7813036230
JlyhtdkxsHQPHT-uKi8iq1CuEu5aOtbzZ_CnkLKv7vrW6FKL8TWRc2-gjjPFo-QFV-ZxLPpKQLc3mw,EUW1_7813013614
JlyhtdkxsHQPHT-uKi8iq1CuEu5aOtbzZ_CnkLKv7vrW6FKL8TWRc2-gjjPFo-QFV-ZxLPpKQLc3mw,EUW1_7812984163
JlyhtdkxsHQPHT-uKi8iq1CuEu5aOtbzZ_CnkLKv7vrW6FKL8TWRc2-gjjPFo-QFV-ZxLPpKQLc3mw,EUW1_7812969143
JlyhtdkxsHQPHT-uKi8iq1CuEu5aOtbzZ_CnkLKv7vrW6FKL8TWRc2-gjjPFo-QFV-ZxLPpKQLc3mw,EUW1_7812951473
JlyhtdkxsHQPHT-uKi8iq1CuEu5aOtbzZ_CnkLKv7vrW6FKL8TWRc2-gjjPFo-QFV-ZxLPpKQLc3mw,EUW1_7812932883
JlyhtdkxsHQPHT-uKi8iq1CuEu5aOtbzZ_CnkLKv7vrW6FKL8TWRc2-gjjPFo-QFV-ZxLPpKQLc3mw,EUW1_7812682828
JlyhtdkxsHQPHT-uKi8iq1CuEu5aOtbzZ_CnkLKv7vrW6FKL8TWRc2-gjjPFo-QFV-ZxLPpKQLc3mw,EUW1_7812655050
JlyhtdkxsHQPHT-uKi8iq1CuEu5aOtbzZ_CnkLKv7vrW6FKL8TWRc2-gjjPFo-QFV-ZxLPpKQLc3mw,EUW1_7812572868
JlyhtdkxsHQPHT-uKi8iq1CuEu5aOtbzZ_CnkLKv7vrW6FKL8TWRc2-gjjPFo-QFV-ZxLPpKQLc3mw,EUW1_7812405161
xNwwifZg3K1hofEt3zXnon3wYsyBKVhlbTzsBAubAjYL7s6Ras5U2LfqnkyvMtwuuhadLkQm98OczA,EUW1_7813764637
xNwwifZg3K1hofEt3zXnon3wYsyBKVhlbTzsBAubAjYL7s6Ras5U2LfqnkyvMtwuuhadLkQm98OczA,EUW1_7813742184
xNwwifZg3K1hofEt3zXnon3wYsyBKVhlbTzsBAubAjYL7s6Ras5U2LfqnkyvMtwuuhadLkQm98OczA,EUW1_7813702321
xNwwifZg3K1hofEt3zXnon3wYsyBKVhlbTzsBAubAjYL7s6Ras5U2LfqnkyvMtwuuhadLkQm98OczA,EUW1_7813639671
xNwwifZg3K1hofEt3zXnon3wYsyBKVhlbTzsBAubAjYL7s6Ras5U2LfqnkyvMtwuuhadLkQm98OczA,EUW1_7813596884
xNwwifZg3K1hofEt3zXnon3wYsyBKVhlbTzsBAubAjYL7s6Ras5U2LfqnkyvMtwuuhadLkQm98OczA,EUW1_7813536028
xNwwifZg3K1hofEt3zXnon3wYsyBKVhlbTzsBAubAjYL7s6Ras5U2LfqnkyvMtwuuhadLkQm98OczA,EUW1_7813442178
xNwwifZg3K1hofEt3zXnon3wYsyBKVhlbTzsBAubAjYL7s6Ras5U2LfqnkyvMtwuuhadLkQm98OczA,EUW1_7813416077
xNwwifZg3K1hofEt3zXnon3wYsyBKVhlbTzsBAubAjYL7s6Ras5U2LfqnkyvMtwuuhadLkQm98OczA,EUW1_7813368326
xNwwifZg3K1hofEt3zXnon3wYsyBKVhlbTzsBAubAjYL7s6Ras5U2LfqnkyvMtwuuhadLkQm98OczA,EUW1_7813266598
UwHcKv8yPl4rXxxONdTMwN6eQ8xa8KuRI5aI0xPG_N09TFAw-KzOxqoZNXmCUbqEkObIqoIgOtXEsQ,EUW1_7813798485
UwHcKv8yPl4rXxxONdTMwN6eQ8xa8KuRI5aI0xPG_N09TFAw-KzOxqoZNXmCUbqEkObIqoIgOtXEsQ,EUW1_7813775943
UwHcKv8yPl4rXxxONdTMwN6eQ8xa8KuRI5aI0xPG_N09TFAw-KzOxqoZNXmCUbqEkObIqoIgOtXEsQ,EUW1_7813719063
UwHcKv8yPl4rXxxONdTMwN6eQ8xa8KuRI5aI0xPG_N09TFAw-KzOxqoZNXmCUbqEkObIqoIgOtXEsQ,EUW1_7813664200
UwHcKv8yPl4rXxxONdTMwN6eQ8xa8KuRI5aI0xPG_N09TFAw-KzOxqoZNXmCUbqEkObIqoIgOtXEsQ,EUW1_7813628146
UwHcKv8yPl4rXxxONdTMwN6eQ8xa8KuRI5aI0xPG_N09TFAw-KzOxqoZNXmCUbqEkObIqoIgOtXEsQ,EUW1_7813088473
UwHcKv8yPl4rXxxONdTMwN6eQ8xa8KuRI5aI0xPG_N09TFAw-KzOxqoZNXmCUbqEkObIqoIgOtXEsQ,EUW1_7813061191
UwHcKv8yPl4rXxxONdTMwN6eQ8xa8KuRI5aI0xPG_N09TFAw-KzOxqoZNXmCUbqEkObIqoIgOtXEsQ,EUW1_7812796420
UwHcKv8yPl4rXxxONdTMwN6eQ8xa8KuRI5aI0xPG_N09TFAw-KzOxqoZNXmCUbqEkObIqoIgOtXEsQ,EUW1_7812773896
UwHcKv8yPl4rXxxONdTMwN6eQ8xa8KuRI5aI0xPG_N09TFAw-KzOxqoZNXmCUbqEkObIqoIgOtXEsQ,EUW1_7812716587
uNtXG0rwGgQqUxwiNsaGT5YC3i5U1jrYz69btGEvqWF-f8dcmBfi5vJ9ZgngE9RLzUkdP4TloRiHAw,EUW1_7813150597
uNtXG0rwGgQqUxwiNsaGT5YC3i5U1jrYz69btGEvqWF-f8dcmBfi5vJ9ZgngE9RLzUkdP4TloRiHAw,EUW1_7813103862
uNtXG0rwGgQqUxwiNsaGT5YC3i5U1jrYz69btGEvqWF-f8dcmBfi5vJ9ZgngE9RLzUkdP4TloRiHAw,EUW1_7813066357
uNtXG0rwGgQqUxwiNsaGT5YC3i5U1jrYz69btGEvqWF-f8dcmBfi5vJ9ZgngE9RLzUkdP4TloRiHAw,EUW1_7813051579
uNtXG0rwGgQqUxwiNsaGT5YC3i5U1jrYz69btGEvqWF-f8dcmBfi5vJ9ZgngE9RLzUkdP4TloRiHAw,EUW1_7813022298
uNtXG0rwGgQqUxwiNsaGT5YC3i5U1jrYz69btGEvqWF-f8dcmBfi5vJ9ZgngE9RLzUkdP4TloRiHAw,EUW1_7812997728
uNtXG0rwGgQqUxwiNsaGT5YC3i5U1jrYz69btGEvqWF-f8dcmBfi5vJ9ZgngE9RLzUkdP4TloRiHAw,EUW1_7812961908
uNtXG0rwGgQqUxwiNsaGT5YC3i5U1jrYz69btGEvqWF-f8dcmBfi5vJ9ZgngE9RLzUkdP4TloRiHAw,EUW1_7812940220
uNtXG0rwGgQqUxwiNsaGT5YC3i5U1jrYz69btGEvqWF-f8dcmBfi5vJ9ZgngE9RLzUkdP4TloRiHAw,EUW1_7812926647
uNtXG0rwGgQqUxwiNsaGT5YC3i5U1jrYz69btGEvqWF-f8dcmBfi5vJ9ZgngE9RLzUkdP4TloRiHAw,EUW1_7811895897
7ufUFr9qraHyqSw2C_Ti-bjo5N7DJjd2xImgK-Jvai4Zeeit7JjFgaB3xW9JSRkynUsVtKBNAM7Emg,EUW1_7813748819
7ufUFr9qraHyqSw2C_Ti-bjo5N7DJjd2xImgK-Jvai4Zeeit7JjFgaB3xW9JSRkynUsVtKBNAM7Emg,EUW1_7813702321
7ufUFr9qraHyqSw2C_Ti-bjo5N7DJjd2xImgK-Jvai4Zeeit7JjFgaB3xW9JSRkynUsVtKBNAM7Emg,EUW1_7813061191
7ufUFr9qraHyqSw2C_Ti-bjo5N7DJjd2xImgK-Jvai4Zeeit7JjFgaB3xW9JSRkynUsVtKBNAM7Emg,EUW1_7813020866
7ufUFr9qraHyqSw2C_Ti-bjo5N7DJjd2xImgK-Jvai4Zeeit7JjFgaB3xW9JSRkynUsVtKBNAM7Emg,EUW1_7812997415
7ufUFr9qraHyqSw2C_Ti-bjo5N7DJjd2xImgK-Jvai4Zeeit7JjFgaB3xW9JSRkynUsVtKBNAM7Emg,EUW1_7812730684
7ufUFr9qraHyqSw2C_Ti-bjo5N7DJjd2xImgK-Jvai4Zeeit7JjFgaB3xW9JSRkynUsVtKBNAM7Emg,EUW1_7812705515
7ufUFr9qraHyqSw2C_Ti-bjo5N7DJjd2xImgK-Jvai4Zeeit7JjFgaB3xW9JSRkynUsVtKBNAM7Emg,EUW1_7812674398
7ufUFr9qraHyqSw2C_Ti-bjo5N7DJjd2xImgK-Jvai4Zeeit7JjFgaB3xW9JSRkynUsVtKBNAM7Emg,EUW1_7812632728
7ufUFr9qraHyqSw2C_Ti-bjo5N7DJjd2xImgK-Jvai4Zeeit7JjFgaB3xW9JSRkynUsVtKBNAM7Emg,EUW1_7812593851
pt79COIJA2haYkNrT73QXRC3DSIum5TUxX60Lp-084OqlgOAxKTM8IY3oMkLMonSfW9PHCML1toYkw,EUW1_7813590878
pt79COIJA2haYkNrT73QXRC3DSIum5TUxX60Lp-084OqlgOAxKTM8IY3oMkLMonSfW9PHCML1toYkw,EUW1_7813344987
pt79COIJA2haYkNrT73QXRC3DSIum5TUxX60Lp-084OqlgOAxKTM8IY3oMkLMonSfW9PHCML1toYkw,EUW1_7813274660
pt79COIJA2haYkNrT73QXRC3DSIum5TUxX60Lp-084OqlgOAxKTM8IY3oMkLMonSfW9PHCML1toYkw,EUW1_7812932883
pt79COIJA2haYkNrT73QXRC3DSIum5TUxX60Lp-084OqlgOAxKTM8IY3oMkLMonSfW9PHCML1toYkw,EUW1_7812910980
pt79COIJA2haYkNrT73QXRC3DSIum5TUxX60Lp-084OqlgOAxKTM8IY3oMkLMonSfW9PHCML1toYkw,EUW1_7812618150
pt79COIJA2haYkNrT73QXRC3DSIum5TUxX60Lp-084OqlgOAxKTM8IY3oMkLMonSfW9PHCML1toYkw,EUW1_7812506829
pt79COIJA2haYkNrT73QXRC3DSIum5TUxX60Lp-084OqlgOAxKTM8IY3oMkLMonSfW9PHCML1toYkw,EUW1_7811867474
pt79COIJA2haYkNrT73QXRC3DSIum5TUxX60Lp-084OqlgOAxKTM8IY3oMkLMonSfW9PHCML1toYkw,EUW1_7811833039
pt79COIJA2haYkNrT73QXRC3DSIum5TUxX60Lp-084OqlgOAxKTM8IY3oMkLMonSfW9PHCML1toYkw,EUW1_7811056328
SwAdAEp-V2qDoZbVavkI7Q64yOWU1HXkg6LE3Nnp-XWXKCGVUA6o5cndQwYazLKLc-CfXTAg1VZ-VA,EUW1_7813596884
SwAdAEp-V2qDoZbVavkI7Q64yOWU1HXkg6LE3Nnp-XWXKCGVUA6o5cndQwYazLKLc-CfXTAg1VZ-VA,EUW1_7813534005
SwAdAEp-V2qDoZbVavkI7Q64yOWU1HXkg6LE3Nnp-XWXKCGVUA6o5cndQwYazLKLc-CfXTAg1VZ-VA,EUW1_7813489063
SwAdAEp-V2qDoZbVavkI7Q64yOWU1HXkg6LE3Nnp-XWXKCGVUA6o5cndQwYazLKLc-CfXTAg1VZ-VA,EUW1_7813432621
SwAdAEp-V2qDoZbVavkI7Q64yOWU1HXkg6LE3Nnp-XWXKCGVUA6o5cndQwYazLKLc-CfXTAg1VZ-VA,EUW1_7813055609
SwAdAEp-V2qDoZbVavkI7Q64yOWU1HXkg6LE3Nnp-XWXKCGVUA6o5cndQwYazLKLc-CfXTAg1VZ-VA,EUW1_7812158448
SwAdAEp-V2qDoZbVavkI7Q64yOWU1HXkg6LE3Nnp-XWXKCGVUA6o5cndQwYazLKLc-CfXTAg1VZ-VA,EUW1_7812090283
SwAdAEp-V2qDoZbVavkI7Q64yOWU1HXkg6LE3Nnp-XWXKCGVUA6o5cndQwYazLKLc-CfXTAg1VZ-VA,EUW1_7812044297
SwAdAEp-V2qDoZbVavkI7Q64yOWU1HXkg6LE3Nnp-XWXKCGVUA6o5cndQwYazLKLc-CfXTAg1VZ-VA,EUW1_7811106347
SwAdAEp-V2qDoZbVavkI7Q64yOWU1HXkg6LE3Nnp-XWXKCGVUA6o5cndQwYazLKLc-CfXTAg1VZ-VA,EUW1_7811068967
FPEUjZKG8dn9tLp68wx6z7BmmZGIonYXAGQTCNjmqiEI3j7v0bfFiI1M2o1GzAMjXyH64usROofg8A,EUW1_7811289514
FPEUjZKG8dn9tLp68wx6z7BmmZGIonYXAGQTCNjmqiEI3j7v0bfFiI1M2o1GzAMjXyH64usROofg8A,EUW1_7810258479
FPEUjZKG8dn9tLp68wx6z7BmmZGIonYXAGQTCNjmqiEI3j7v0bfFiI1M2o1GzAMjXyH64usROofg8A,EUW1_7810206610
FPEUjZKG8dn9tLp68wx6z7BmmZGIonYXAGQTCNjmqiEI3j7v0bfFiI1M2o1GzAMjXyH64usROofg8A,EUW1_7810149138
FPEUjZKG8dn9tLp68wx6z7BmmZGIonYXAGQTCNjmqiEI3j7v0bfFiI1M2o1GzAMjXyH64usROofg8A,EUW1_7810105171
FPEUjZKG8dn9tLp68wx6z7BmmZGIonYXAGQTCNjmqiEI3j7v0bfFiI1M2o1GzAMjXyH64usROofg8A,EUW1_7810073064
FPEUjZKG8dn9tLp68wx6z7BmmZGIonYXAGQTCNjmqiEI3j7v0bfFiI1M2o1GzAMjXyH64usROofg8A,EUW1_7810036689
FPEUjZKG8dn9tLp68wx6z7BmmZGIonYXAGQTCNjmqiEI3j7v0bfFiI1M2o1GzAMjXyH64usROofg8A,EUW1_7809275593
FPEUjZKG8dn9tLp68wx6z7BmmZGIonYXAGQTCNjmqiEI3j7v0bfFiI1M2o1GzAMjXyH64usROofg8A,EUW1_7809246959
FPEUjZKG8dn9tLp68wx6z7BmmZGIonYXAGQTCNjmqiEI3j7v0bfFiI1M2o1GzAMjXyH64usROofg8A,EUW1_7809177320
dSAOpWUbxfSSu0zOBaQ7PhfPNmZEiQ4wxHg8QQC9JF-ef_Khr2y9oEivdiyU4jTvjFNMjN4M8pQH1g,EUW1_7813442178
dSAOpWUbxfSSu0zOBaQ7PhfPNmZEiQ4wxHg8QQC9JF-ef_Khr2y9oEivdiyU4jTvjFNMjN4M8pQH1g,EUW1_7813380771
dSAOpWUbxfSSu0zOBaQ7PhfPNmZEiQ4wxHg8QQC9JF-ef_Khr2y9oEivdiyU4jTvjFNMjN4M8pQH1g,EUW1_7813022519
dSAOpWUbxfSSu0zOBaQ7PhfPNmZEiQ4wxHg8QQC9JF-ef_Khr2y9oEivdiyU4jTvjFNMjN4M8pQH1g,EUW1_7812997415
dSAOpWUbxfSSu0zOBaQ7PhfPNmZEiQ4wxHg8QQC9JF-ef_Khr2y9oEivdiyU4jTvjFNMjN4M8pQH1g,EUW1_7812984163
dSAOpWUbxfSSu0zOBaQ7PhfPNmZEiQ4wxHg8QQC9JF-ef_Khr2y9oEivdiyU4jTvjFNMjN4M8pQH1g,EUW1_7812961908
dSAOpWUbxfSSu0zOBaQ7PhfPNmZEiQ4wxHg8QQC9JF-ef_Khr2y9oEivdiyU4jTvjFNMjN4M8pQH1g,EUW1_7812745770
dSAOpWUbxfSSu0zOBaQ7PhfPNmZEiQ4wxHg8QQC9JF-ef_Khr2y9oEivdiyU4jTvjFNMjN4M8pQH1g,EUW1_7812699635
dSAOpWUbxfSSu0zOBaQ7PhfPNmZEiQ4wxHg8QQC9JF-ef_Khr2y9oEivdiyU4jTvjFNMjN4M8pQH1g,EUW1_7812618150
dSAOpWUbxfSSu0zOBaQ7PhfPNmZEiQ4wxHg8QQC9JF-ef_Khr2y9oEivdiyU4jTvjFNMjN4M8pQH1g,EUW1_7812003450
X2ktgaLP4Mt8x2L1BcbtX9_DVi9dtP5s26xlIOW3sjJx9ffqRdnDBJ3b-44TCpqF1Juth5XnOhdZog,EUW1_7813112571
X2ktgaLP4Mt8x2L1BcbtX9_DVi9dtP5s26xlIOW3sjJx9ffqRdnDBJ3b-44TCpqF1Juth5XnOhdZog,EUW1_7813055609
X2ktgaLP4Mt8x2L1BcbtX9_DVi9dtP5s26xlIOW3sjJx9ffqRdnDBJ3b-44TCpqF1Juth5XnOhdZog,EUW1_7812943464
X2ktgaLP4Mt8x2L1BcbtX9_DVi9dtP5s26xlIOW3sjJx9ffqRdnDBJ3b-44TCpqF1Juth5XnOhdZog,EUW1_7812920312
X2ktgaLP4Mt8x2L1BcbtX9_DVi9dtP5s26xlIOW3sjJx9ffqRdnDBJ3b-44TCpqF1Juth5XnOhdZog,EUW1_7812158448
X2ktgaLP4Mt8x2L1BcbtX9_DVi9dtP5s26xlIOW3sjJx9ffqRdnDBJ3b-44TCpqF1Juth5XnOhdZog,EUW1_7812090283
X2ktgaLP4Mt8x2L1BcbtX9_DVi9dtP5s26xlIOW3sjJx9ffqRdnDBJ3b-44TCpqF1Juth5XnOhdZog,EUW1_7812044297
X2ktgaLP4Mt8x2L1BcbtX9_DVi9dtP5s26xlIOW3sjJx9ffqRdnDBJ3b-44TCpqF1Juth5XnOhdZog,EUW1_7812001988
X2ktgaLP4Mt8x2L1BcbtX9_DVi9dtP5s26xlIOW3sjJx9ffqRdnDBJ3b-44TCpqF1Juth5XnOhdZog,EUW1_7806273786
X2ktgaLP4Mt8x2L1BcbtX9_DVi9dtP5s26xlIOW3sjJx9ffqRdnDBJ3b-44TCpqF1Juth5XnOhdZog,EUW1_7805266806
JpTMCvoGRkn_zmwRBLEsi19gy00xkvaB8-a0stoZUaU151mfCeSUwcbW81RlrjxYSPjGmxWIGUNqDA,EUW1_7813682653
JpTMCvoGRkn_zmwRBLEsi19gy00xkvaB8-a0stoZUaU151mfCeSUwcbW81RlrjxYSPjGmxWIGUNqDA,EUW1_7813601157
JpTMCvoGRkn_zmwRBLEsi19gy00xkvaB8-a0stoZUaU151mfCeSUwcbW81RlrjxYSPjGmxWIGUNqDA,EUW1_7813557004
JpTMCvoGRkn_zmwRBLEsi19gy00xkvaB8-a0stoZUaU151mfCeSUwcbW81RlrjxYSPjGmxWIGUNqDA,EUW1_7812951473
JpTMCvoGRkn_zmwRBLEsi19gy00xkvaB8-a0stoZUaU151mfCeSUwcbW81RlrjxYSPjGmxWIGUNqDA,EUW1_7812934672
JpTMCvoGRkn_zmwRBLEsi19gy00xkvaB8-a0stoZUaU151mfCeSUwcbW81RlrjxYSPjGmxWIGUNqDA,EUW1_7812704248
JpTMCvoGRkn_zmwRBLEsi19gy00xkvaB8-a0stoZUaU151mfCeSUwcbW81RlrjxYSPjGmxWIGUNqDA,EUW1_7812399625
JpTMCvoGRkn_zmwRBLEsi19gy00xkvaB8-a0stoZUaU151mfCeSUwcbW81RlrjxYSPjGmxWIGUNqDA,EUW1_7812273679
JpTMCvoGRkn_zmwRBLEsi19gy00xkvaB8-a0stoZUaU151mfCeSUwcbW81RlrjxYSPjGmxWIGUNqDA,EUW1_7812218141
JpTMCvoGRkn_zmwRBLEsi19gy00xkvaB8-a0stoZUaU151mfCeSUwcbW81RlrjxYSPjGmxWIGUNqDA,EUW1_7812170514
sZSXw3aaRrJftTZdlEdmEqVRscISzfIByoDMCGZMPcDFtF7UwvSgVx_OlqpTlif8mKGuRtJGRKmshg,EUW1_7813353237
sZSXw3aaRrJftTZdlEdmEqVRscISzfIByoDMCGZMPcDFtF7UwvSgVx_OlqpTlif8mKGuRtJGRKmshg,EUW1_7813324706
sZSXw3aaRrJftTZdlEdmEqVRscISzfIByoDMCGZMPcDFtF7UwvSgVx_OlqpTlif8mKGuRtJGRKmshg,EUW1_7813269546
sZSXw3aaRrJftTZdlEdmEqVRscISzfIByoDMCGZMPcDFtF7UwvSgVx_OlqpTlif8mKGuRtJGRKmshg,EUW1_7813232994
sZSXw3aaRrJftTZdlEdmEqVRscISzfIByoDMCGZMPcDFtF7UwvSgVx_OlqpTlif8mKGuRtJGRKmshg,EUW1_7813203742
sZSXw3aaRrJftTZdlEdmEqVRscISzfIByoDMCGZMPcDFtF7UwvSgVx_OlqpTlif8mKGuRtJGRKmshg,EUW1_7813150597
sZSXw3aaRrJftTZdlEdmEqVRscISzfIByoDMCGZMPcDFtF7UwvSgVx_OlqpTlif8mKGuRtJGRKmshg,EUW1_7812777167
sZSXw3aaRrJftTZdlEdmEqVRscISzfIByoDMCGZMPcDFtF7UwvSgVx_OlqpTlif8mKGuRtJGRKmshg,EUW1_7812762771
sZSXw3aaRrJftTZdlEdmEqVRscISzfIByoDMCGZMPcDFtF7UwvSgVx_OlqpTlif8mKGuRtJGRKmshg,EUW1_7812730684
sZSXw3aaRrJftTZdlEdmEqVRscISzfIByoDMCGZMPcDFtF7UwvSgVx_OlqpTlif8mKGuRtJGRKmshg,EUW1_7812682828
4V-d3PBsLnoPixBQWwChLCy-G66Rl49tK92BzdA2_hnYh3mSwNaLppBcjLj0NpJQZwcGOpa6HQPTTQ,EUW1_7813320983
4V-d3PBsLnoPixBQWwChLCy-G66Rl49tK92BzdA2_hnYh3mSwNaLppBcjLj0NpJQZwcGOpa6HQPTTQ,EUW1_7813269546
4V-d3PBsLnoPixBQWwChLCy-G66Rl49tK92BzdA2_hnYh3mSwNaLppBcjLj0NpJQZwcGOpa6HQPTTQ,EUW1_7813073531
4V-d3PBsLnoPixBQWwChLCy-G66Rl49tK92BzdA2_hnYh3mSwNaLppBcjLj0NpJQZwcGOpa6HQPTTQ,EUW1_7812399625
4V-d3PBsLnoPixBQWwChLCy-G66Rl49tK92BzdA2_hnYh3mSwNaLppBcjLj0NpJQZwcGOpa6HQPTTQ,EUW1_7812173383
4V-d3PBsLnoPixBQWwChLCy-G66Rl49tK92BzdA2_hnYh3mSwNaLppBcjLj0NpJQZwcGOpa6HQPTTQ,EUW1_7811360187
4V-d3PBsLnoPixBQWwChLCy-G66Rl49tK92BzdA2_hnYh3mSwNaLppBcjLj0NpJQZwcGOpa6HQPTTQ,EUW1_7810342582
4V-d3PBsLnoPixBQWwChLCy-G66Rl49tK92BzdA2_hnYh3mSwNaLppBcjLj0NpJQZwcGOpa6HQPTTQ,EUW1_7810301010
4V-d3PBsLnoPixBQWwChLCy-G66Rl49tK92BzdA2_hnYh3mSwNaLppBcjLj0NpJQZwcGOpa6HQPTTQ,EUW1_7808845846
4V-d3PBsLnoPixBQWwChLCy-G66Rl49tK92BzdA2_hnYh3mSwNaLppBcjLj0NpJQZwcGOpa6HQPTTQ,EUW1_7808793508
ckhuNkf-lo42zVaPVQeWELaoSZ1UdH_3tAtpmYN1yRH8VQt47Yu-SIg6IkT7apgN0fqyjWZdGQw06g,EUW1_7813232816
ckhuNkf-lo42zVaPVQeWELaoSZ1UdH_3tAtpmYN1yRH8VQt47Yu-SIg6IkT7apgN0fqyjWZdGQw06g,EUW1_7813171943
ckhuNkf-lo42zVaPVQeWELaoSZ1UdH_3tAtpmYN1yRH8VQt47Yu-SIg6IkT7apgN0fqyjWZdGQw06g,EUW1_7813146734
ckhuNkf-lo42zVaPVQeWELaoSZ1UdH_3tAtpmYN1yRH8VQt47Yu-SIg6IkT7apgN0fqyjWZdGQw06g,EUW1_7813112571
ckhuNkf-lo42zVaPVQeWELaoSZ1UdH_3tAtpmYN1yRH8VQt47Yu-SIg6IkT7apgN0fqyjWZdGQw06g,EUW1_7812157029
ckhuNkf-lo42zVaPVQeWELaoSZ1UdH_3tAtpmYN1yRH8VQt47Yu-SIg6IkT7apgN0fqyjWZdGQw06g,EUW1_7812115938
ckhuNkf-lo42zVaPVQeWELaoSZ1UdH_3tAtpmYN1yRH8VQt47Yu-SIg6IkT7apgN0fqyjWZdGQw06g,EUW1_7812056314
ckhuNkf-lo42zVaPVQeWELaoSZ1UdH_3tAtpmYN1yRH8VQt47Yu-SIg6IkT7apgN0fqyjWZdGQw06g,EUW1_7812017763
ckhuNkf-lo42zVaPVQeWELaoSZ1UdH_3tAtpmYN1yRH8VQt47Yu-SIg6IkT7apgN0fqyjWZdGQw06g,EUW1_7811976930
ckhuNkf-lo42zVaPVQeWELaoSZ1UdH_3tAtpmYN1yRH8VQt47Yu-SIg6IkT7apgN0fqyjWZdGQw06g,EUW1_7811935582
0WWXxwNkMb0fkjYeAAUYdQOlcx51AWrbexn_rkeJnTihBsqFx45Y8yUnP9ggj_7WGTa7IPc7DoaCuQ,EUW1_7812951473
0WWXxwNkMb0fkjYeAAUYdQOlcx51AWrbexn_rkeJnTihBsqFx45Y8yUnP9ggj_7WGTa7IPc7DoaCuQ,EUW1_7812535798
0WWXxwNkMb0fkjYeAAUYdQOlcx51AWrbexn_rkeJnTihBsqFx45Y8yUnP9ggj_7WGTa7IPc7DoaCuQ,EUW1_7812463853
0WWXxwNkMb0fkjYeAAUYdQOlcx51AWrbexn_rkeJnTihBsqFx45Y8yUnP9ggj_7WGTa7IPc7DoaCuQ,EUW1_7811864102
0WWXxwNkMb0fkjYeAAUYdQOlcx51AWrbexn_rkeJnTihBsqFx45Y8yUnP9ggj_7WGTa7IPc7DoaCuQ,EUW1_7811837809
0WWXxwNkMb0fkjYeAAUYdQOlcx51AWrbexn_rkeJnTihBsqFx45Y8yUnP9ggj_7WGTa7IPc7DoaCuQ,EUW1_7811812796
0WWXxwNkMb0fkjYeAAUYdQOlcx51AWrbexn_rkeJnTihBsqFx45Y8yUnP9ggj_7WGTa7IPc7DoaCuQ,EUW1_7811268922
0WWXxwNkMb0fkjYeAAUYdQOlcx51AWrbexn_rkeJnTihBsqFx45Y8yUnP9ggj_7WGTa7IPc7DoaCuQ,EUW1_7811202915
0WWXxwNkMb0fkjYeAAUYdQOlcx51AWrbexn_rkeJnTihBsqFx45Y8yUnP9ggj_7WGTa7IPc7DoaCuQ,EUW1_7810693678
0WWXxwNkMb0fkjYeAAUYdQOlcx51AWrbexn_rkeJnTihBsqFx45Y8yUnP9ggj_7WGTa7IPc7DoaCuQ,EUW1_7810664754
a9ROW6n9AMbPn24D287tiqoIMPfmNwskMWyqUNte85EKpED17Co5q5a5kVmY0nrFm5yYGhEerpBqTQ,EUW1_7811966197
a9ROW6n9AMbPn24D287tiqoIMPfmNwskMWyqUNte85EKpED17Co5q5a5kVmY0nrFm5yYGhEerpBqTQ,EUW1_7811868350
a9ROW6n9AMbPn24D287tiqoIMPfmNwskMWyqUNte85EKpED17Co5q5a5kVmY0nrFm5yYGhEerpBqTQ,EUW1_7810699349
a9ROW6n9AMbPn24D287tiqoIMPfmNwskMWyqUNte85EKpED17Co5q5a5kVmY0nrFm5yYGhEerpBqTQ,EUW1_7810696135
a9ROW6n9AMbPn24D287tiqoIMPfmNwskMWyqUNte85EKpED17Co5q5a5kVmY0nrFm5yYGhEerpBqTQ,EUW1_7810674142
a9ROW6n9AMbPn24D287tiqoIMPfmNwskMWyqUNte85EKpED17Co5q5a5kVmY0nrFm5yYGhEerpBqTQ,EUW1_7809529156
a9ROW6n9AMbPn24D287tiqoIMPfmNwskMWyqUNte85EKpED17Co5q5a5kVmY0nrFm5yYGhEerpBqTQ,EUW1_7808873393
a9ROW6n9AMbPn24D287tiqoIMPfmNwskMWyqUNte85EKpED17Co5q5a5kVmY0nrFm5yYGhEerpBqTQ,EUW1_7808385979
a9ROW6n9AMbPn24D287tiqoIMPfmNwskMWyqUNte85EKpED17Co5q5a5kVmY0nrFm5yYGhEerpBqTQ,EUW1_7807750544
a9ROW6n9AMbPn24D287tiqoIMPfmNwskMWyqUNte85EKpED17Co5q5a5kVmY0nrFm5yYGhEerpBqTQ,EUW1_7807711654
tKA5crJ7V7uhbgN1vE-w0V9wR6ETfQfJBkmyURbkzOVTq_ji6mDXmO8B2UOpqWu2MqWToazedhOHFw,EUW1_7813489063
tKA5crJ7V7uhbgN1vE-w0V9wR6ETfQfJBkmyURbkzOVTq_ji6mDXmO8B2UOpqWu2MqWToazedhOHFw,EUW1_7812969143
tKA5crJ7V7uhbgN1vE-w0V9wR6ETfQfJBkmyURbkzOVTq_ji6mDXmO8B2UOpqWu2MqWToazedhOHFw,EUW1_7812641901
tKA5crJ7V7uhbgN1vE-w0V9wR6ETfQfJBkmyURbkzOVTq_ji6mDXmO8B2UOpqWu2MqWToazedhOHFw,EUW1_7812581107
tKA5crJ7V7uhbgN1vE-w0V9wR6ETfQfJBkmyURbkzOVTq_ji6mDXmO8B2UOpqWu2MqWToazedhOHFw,EUW1_7812532469
tKA5crJ7V7uhbgN1vE-w0V9wR6ETfQfJBkmyURbkzOVTq_ji6mDXmO8B2UOpqWu2MqWToazedhOHFw,EUW1_7812482864
tKA5crJ7V7uhbgN1vE-w0V9wR6ETfQfJBkmyURbkzOVTq_ji6mDXmO8B2UOpqWu2MqWToazedhOHFw,EUW1_7812426075
tKA5crJ7V7uhbgN1vE-w0V9wR6ETfQfJBkmyURbkzOVTq_ji6mDXmO8B2UOpqWu2MqWToazedhOHFw,EUW1_7811946602
tKA5crJ7V7uhbgN1vE-w0V9wR6ETfQfJBkmyURbkzOVTq_ji6mDXmO8B2UOpqWu2MqWToazedhOHFw,EUW1_7811878803
tKA5crJ7V7uhbgN1vE-w0V9wR6ETfQfJBkmyURbkzOVTq_ji6mDXmO8B2UOpqWu2MqWToazedhOHFw,EUW1_7811613714
wXFgFN4t_J4Z-F7sa7gzTlqykvB3zfRh43GFRnugtx-bhB6XMcdv6A3OFTLBlKVk35bBKHqYv0RpmA,EUW1_7813643950
wXFgFN4t_J4Z-F7sa7gzTlqykvB3zfRh43GFRnugtx-bhB6XMcdv6A3OFTLBlKVk35bBKHqYv0RpmA,EUW1_7813612259
wXFgFN4t_J4Z-F7sa7gzTlqykvB3zfRh43GFRnugtx-bhB6XMcdv6A3OFTLBlKVk35bBKHqYv0RpmA,EUW1_7813568643
wXFgFN4t_J4Z-F7sa7gzTlqykvB3zfRh43GFRnugtx-bhB6XMcdv6A3OFTLBlKVk35bBKHqYv0RpmA,EUW1_7813505730
wXFgFN4t_J4Z-F7sa7gzTlqykvB3zfRh43GFRnugtx-bhB6XMcdv6A3OFTLBlKVk35bBKHqYv0RpmA,EUW1_7813460257
wXFgFN4t_J4Z-F7sa7gzTlqykvB3zfRh43GFRnugtx-bhB6XMcdv6A3OFTLBlKVk35bBKHqYv0RpmA,EUW1_7813434649
wXFgFN4t_J4Z-F7sa7gzTlqykvB3zfRh43GFRnugtx-bhB6XMcdv6A3OFTLBlKVk35bBKHqYv0RpmA,EUW1_7813320983
wXFgFN4t_J4Z-F7sa7gzTlqykvB3zfRh43GFRnugtx-bhB6XMcdv6A3OFTLBlKVk35bBKHqYv0RpmA,EUW1_7813274128
wXFgFN4t_J4Z-F7sa7gzTlqykvB3zfRh43GFRnugtx-bhB6XMcdv6A3OFTLBlKVk35bBKHqYv0RpmA,EUW1_7813232994
wXFgFN4t_J4Z-F7sa7gzTlqykvB3zfRh43GFRnugtx-bhB6XMcdv6A3OFTLBlKVk35bBKHqYv0RpmA,EUW1_7813203742
nmK4NnHesoY6A1bwqR-MjgjWZNhK0-CEwdFZ3DBo9mPWVBJ-PO-YmPHiXetv0kyihvfyrIxQk9BDHA,EUW1_7813785990
nmK4NnHesoY6A1bwqR-MjgjWZNhK0-CEwdFZ3DBo9mPWVBJ-PO-YmPHiXetv0kyihvfyrIxQk9BDHA,EUW1_7813442178
nmK4NnHesoY6A1bwqR-MjgjWZNhK0-CEwdFZ3DBo9mPWVBJ-PO-YmPHiXetv0kyihvfyrIxQk9BDHA,EUW1_7813356135
nmK4NnHesoY6A1bwqR-MjgjWZNhK0-CEwdFZ3DBo9mPWVBJ-PO-YmPHiXetv0kyihvfyrIxQk9BDHA,EUW1_7813333602
nmK4NnHesoY6A1bwqR-MjgjWZNhK0-CEwdFZ3DBo9mPWVBJ-PO-YmPHiXetv0kyihvfyrIxQk9BDHA,EUW1_7812778377
nmK4NnHesoY6A1bwqR-MjgjWZNhK0-CEwdFZ3DBo9mPWVBJ-PO-YmPHiXetv0kyihvfyrIxQk9BDHA,EUW1_7812731903
nmK4NnHesoY6A1bwqR-MjgjWZNhK0-CEwdFZ3DBo9mPWVBJ-PO-YmPHiXetv0kyihvfyrIxQk9BDHA,EUW1_7812696674
nmK4NnHesoY6A1bwqR-MjgjWZNhK0-CEwdFZ3DBo9mPWVBJ-PO-YmPHiXetv0kyihvfyrIxQk9BDHA,EUW1_7812618150
nmK4NnHesoY6A1bwqR-MjgjWZNhK0-CEwdFZ3DBo9mPWVBJ-PO-YmPHiXetv0kyihvfyrIxQk9BDHA,EUW1_7812542332
nmK4NnHesoY6A1bwqR-MjgjWZNhK0-CEwdFZ3DBo9mPWVBJ-PO-YmPHiXetv0kyihvfyrIxQk9BDHA,EUW1_7812434951
pMp2TVHEbJd2zX1yWpP22JgEW1q7Ro-0JawH01A305S2brGqnLXJ5zfmc57JK8I8bWDFS5TuPzDzJw,EUW1_7813823486
pMp2TVHEbJd2zX1yWpP22JgEW1q7Ro-0JawH01A305S2brGqnLXJ5zfmc57JK8I8bWDFS5TuPzDzJw,EUW1_7813811825
pMp2TVHEbJd2zX1yWpP22JgEW1q7Ro-0JawH01A305S2brGqnLXJ5zfmc57JK8I8bWDFS5TuPzDzJw,EUW1_7813801696
pMp2TVHEbJd2zX1yWpP22JgEW1q7Ro-0JawH01A305S2brGqnLXJ5zfmc57JK8I8bWDFS5TuPzDzJw,EUW1_7813785990
pMp2TVHEbJd2zX1yWpP22JgEW1q7Ro-0JawH01A305S2brGqnLXJ5zfmc57JK8I8bWDFS5TuPzDzJw,EUW1_7813759121
pMp2TVHEbJd2zX1yWpP22JgEW1q7Ro-0JawH01A305S2brGqnLXJ5zfmc57JK8I8bWDFS5TuPzDzJw,EUW1_7813742184
pMp2TVHEbJd2zX1yWpP22JgEW1q7Ro-0JawH01A305S2brGqnLXJ5zfmc57JK8I8bWDFS5TuPzDzJw,EUW1_7813710142
pMp2TVHEbJd2zX1yWpP22JgEW1q7Ro-0JawH01A305S2brGqnLXJ5zfmc57JK8I8bWDFS5TuPzDzJw,EUW1_7813664200
pMp2TVHEbJd2zX1yWpP22JgEW1q7Ro-0JawH01A305S2brGqnLXJ5zfmc57JK8I8bWDFS5TuPzDzJw,EUW1_7813619977
pMp2TVHEbJd2zX1yWpP22JgEW1q7Ro-0JawH01A305S2brGqnLXJ5zfmc57JK8I8bWDFS5TuPzDzJw,EUW1_7813568643
nZsDo9roUHgA4ihLEE1SQkoEpEWw65vEdRriOpZ8euHxYvutCm7WO8n60wXeJkJ046BUOeB8c9iCoA,EUW1_7813756520
nZsDo9roUHgA4ihLEE1SQkoEpEWw65vEdRriOpZ8euHxYvutCm7WO8n60wXeJkJ046BUOeB8c9iCoA,EUW1_7813682653
nZsDo9roUHgA4ihLEE1SQkoEpEWw65vEdRriOpZ8euHxYvutCm7WO8n60wXeJkJ046BUOeB8c9iCoA,EUW1_7813619977
nZsDo9roUHgA4ihLEE1SQkoEpEWw65vEdRriOpZ8euHxYvutCm7WO8n60wXeJkJ046BUOeB8c9iCoA,EUW1_7813442178
nZsDo9roUHgA4ihLEE1SQkoEpEWw65vEdRriOpZ8euHxYvutCm7WO8n60wXeJkJ046BUOeB8c9iCoA,EUW1_7813269546
nZsDo9roUHgA4ihLEE1SQkoEpEWw65vEdRriOpZ8euHxYvutCm7WO8n60wXeJkJ046BUOeB8c9iCoA,EUW1_7812651260
nZsDo9roUHgA4ihLEE1SQkoEpEWw65vEdRriOpZ8euHxYvutCm7WO8n60wXeJkJ046BUOeB8c9iCoA,EUW1_7812572868
nZsDo9roUHgA4ihLEE1SQkoEpEWw65vEdRriOpZ8euHxYvutCm7WO8n60wXeJkJ046BUOeB8c9iCoA,EUW1_7812506829
nZsDo9roUHgA4ihLEE1SQkoEpEWw65vEdRriOpZ8euHxYvutCm7WO8n60wXeJkJ046BUOeB8c9iCoA,EUW1_7811639514
nZsDo9roUHgA4ihLEE1SQkoEpEWw65vEdRriOpZ8euHxYvutCm7WO8n60wXeJkJ046BUOeB8c9iCoA,EUW1_7811595050
1Whh8BHgSGQA1MqtnpyCrBXEbVUasQzMMw9TYPkGePRq585mSgdy54mX7fF-hnadJ9bEMczAHmabBg,EUW1_7811374751
1Whh8BHgSGQA1MqtnpyCrBXEbVUasQzMMw9TYPkGePRq585mSgdy54mX7fF-hnadJ9bEMczAHmabBg,EUW1_7810109299
1Whh8BHgSGQA1MqtnpyCrBXEbVUasQzMMw9TYPkGePRq585mSgdy54mX7fF-hnadJ9bEMczAHmabBg,EUW1_7810073064
1Whh8BHgSGQA1MqtnpyCrBXEbVUasQzMMw9TYPkGePRq585mSgdy54mX7fF-hnadJ9bEMczAHmabBg,EUW1_7810036689
1Whh8BHgSGQA1MqtnpyCrBXEbVUasQzMMw9TYPkGePRq585mSgdy54mX7fF-hnadJ9bEMczAHmabBg,EUW1_7808046483
1Whh8BHgSGQA1MqtnpyCrBXEbVUasQzMMw9TYPkGePRq585mSgdy54mX7fF-hnadJ9bEMczAHmabBg,EUW1_7808005952
1Whh8BHgSGQA1MqtnpyCrBXEbVUasQzMMw9TYPkGePRq585mSgdy54mX7fF-hnadJ9bEMczAHmabBg,EUW1_7806834850
1Whh8BHgSGQA1MqtnpyCrBXEbVUasQzMMw9TYPkGePRq585mSgdy54mX7fF-hnadJ9bEMczAHmabBg,EUW1_7804992458
1Whh8BHgSGQA1MqtnpyCrBXEbVUasQzMMw9TYPkGePRq585mSgdy54mX7fF-hnadJ9bEMczAHmabBg,EUW1_7796960441
1Whh8BHgSGQA1MqtnpyCrBXEbVUasQzMMw9TYPkGePRq585mSgdy54mX7fF-hnadJ9bEMczAHmabBg,EUW1_7796916869
B-uTkpDEsR3s15eRUtHTUj3bsJYhWkwnY4kXwz5aHXqnSI5Dr3SFLXIRTzFoRahACzZEyZCKC1JX0w,EUW1_7813274128
B-uTkpDEsR3s15eRUtHTUj3bsJYhWkwnY4kXwz5aHXqnSI5Dr3SFLXIRTzFoRahACzZEyZCKC1JX0w,EUW1_7813193007
B-uTkpDEsR3s15eRUtHTUj3bsJYhWkwnY4kXwz5aHXqnSI5Dr3SFLXIRTzFoRahACzZEyZCKC1JX0w,EUW1_7813054245
B-uTkpDEsR3s15eRUtHTUj3bsJYhWkwnY4kXwz5aHXqnSI5Dr3SFLXIRTzFoRahACzZEyZCKC1JX0w,EUW1_7812731903
B-uTkpDEsR3s15eRUtHTUj3bsJYhWkwnY4kXwz5aHXqnSI5Dr3SFLXIRTzFoRahACzZEyZCKC1JX0w,EUW1_7812696674
B-uTkpDEsR3s15eRUtHTUj3bsJYhWkwnY4kXwz5aHXqnSI5Dr3SFLXIRTzFoRahACzZEyZCKC1JX0w,EUW1_7812618150
B-uTkpDEsR3s15eRUtHTUj3bsJYhWkwnY4kXwz5aHXqnSI5Dr3SFLXIRTzFoRahACzZEyZCKC1JX0w,EUW1_7812542332
B-uTkpDEsR3s15eRUtHTUj3bsJYhWkwnY4kXwz5aHXqnSI5Dr3SFLXIRTzFoRahACzZEyZCKC1JX0w,EUW1_7812434951
B-uTkpDEsR3s15eRUtHTUj3bsJYhWkwnY4kXwz5aHXqnSI5Dr3SFLXIRTzFoRahACzZEyZCKC1JX0w,EUW1_7812401951
B-uTkpDEsR3s15eRUtHTUj3bsJYhWkwnY4kXwz5aHXqnSI5Dr3SFLXIRTzFoRahACzZEyZCKC1JX0w,EUW1_7812338257
DR8EesW8RHEls79Es4iNXYLzw4gOnBFw58gqW300RSZmLxuNF4-s5dKScduy_47ZFFjiPsfwbu2sjw,EUW1_7812932883
DR8EesW8RHEls79Es4iNXYLzw4gOnBFw58gqW300RSZmLxuNF4-s5dKScduy_47ZFFjiPsfwbu2sjw,EUW1_7811832117
DR8EesW8RHEls79Es4iNXYLzw4gOnBFw58gqW300RSZmLxuNF4-s5dKScduy_47ZFFjiPsfwbu2sjw,EUW1_7810654868
DR8EesW8RHEls79Es4iNXYLzw4gOnBFw58gqW300RSZmLxuNF4-s5dKScduy_47ZFFjiPsfwbu2sjw,EUW1_7809571940
DR8EesW8RHEls79Es4iNXYLzw4gOnBFw58gqW300RSZmLxuNF4-s5dKScduy_47ZFFjiPsfwbu2sjw,EUW1_7808730158
DR8EesW8RHEls79Es4iNXYLzw4gOnBFw58gqW300RSZmLxuNF4-s5dKScduy_47ZFFjiPsfwbu2sjw,EUW1_7808593538
DR8EesW8RHEls79Es4iNXYLzw4gOnBFw58gqW300RSZmLxuNF4-s5dKScduy_47ZFFjiPsfwbu2sjw,EUW1_7808550246
DR8EesW8RHEls79Es4iNXYLzw4gOnBFw58gqW300RSZmLxuNF4-s5dKScduy_47ZFFjiPsfwbu2sjw,EUW1_7808395136
DR8EesW8RHEls79Es4iNXYLzw4gOnBFw58gqW300RSZmLxuNF4-s5dKScduy_47ZFFjiPsfwbu2sjw,EUW1_7808378698
DR8EesW8RHEls79Es4iNXYLzw4gOnBFw58gqW300RSZmLxuNF4-s5dKScduy_47ZFFjiPsfwbu2sjw,EUW1_7808346963
mysYXBN555IG_7IqOOHYRQ1NI4EksOu9UKZ53Jkddg5I-hi-37oaQOEVJMyXc4tmV5TByVoonEwttA,EUW1_7813719063
mysYXBN555IG_7IqOOHYRQ1NI4EksOu9UKZ53Jkddg5I-hi-37oaQOEVJMyXc4tmV5TByVoonEwttA,EUW1_7813689305
mysYXBN555IG_7IqOOHYRQ1NI4EksOu9UKZ53Jkddg5I-hi-37oaQOEVJMyXc4tmV5TByVoonEwttA,EUW1_7813668910
mysYXBN555IG_7IqOOHYRQ1NI4EksOu9UKZ53Jkddg5I-hi-37oaQOEVJMyXc4tmV5TByVoonEwttA,EUW1_7812943970
mysYXBN555IG_7IqOOHYRQ1NI4EksOu9UKZ53Jkddg5I-hi-37oaQOEVJMyXc4tmV5TByVoonEwttA,EUW1_7812434951
mysYXBN555IG_7IqOOHYRQ1NI4EksOu9UKZ53Jkddg5I-hi-37oaQOEVJMyXc4tmV5TByVoonEwttA,EUW1_7812401951
mysYXBN555IG_7IqOOHYRQ1NI4EksOu9UKZ53Jkddg5I-hi-37oaQOEVJMyXc4tmV5TByVoonEwttA,EUW1_7812338257
mysYXBN555IG_7IqOOHYRQ1NI4EksOu9UKZ53Jkddg5I-hi-37oaQOEVJMyXc4tmV5TByVoonEwttA,EUW1_7811855049
mysYXBN555IG_7IqOOHYRQ1NI4EksOu9UKZ53Jkddg5I-hi-37oaQOEVJMyXc4tmV5TByVoonEwttA,EUW1_7809743714
mysYXBN555IG_7IqOOHYRQ1NI4EksOu9UKZ53Jkddg5I-hi-37oaQOEVJMyXc4tmV5TByVoonEwttA,EUW1_7809719106
RG_V2c9kUOAkIGEyAAjjsRglpGBxTBmOv05UOpIEBmIiFGolPAGWNd05aiCu1EiEhravwxQuZAwcTA,EUW1_7813735039
RG_V2c9kUOAkIGEyAAjjsRglpGBxTBmOv05UOpIEBmIiFGolPAGWNd05aiCu1EiEhravwxQuZAwcTA,EUW1_7813695631
RG_V2c9kUOAkIGEyAAjjsRglpGBxTBmOv05UOpIEBmIiFGolPAGWNd05aiCu1EiEhravwxQuZAwcTA,EUW1_7813668910
RG_V2c9kUOAkIGEyAAjjsRglpGBxTBmOv05UOpIEBmIiFGolPAGWNd05aiCu1EiEhravwxQuZAwcTA,EUW1_7813619977
RG_V2c9kUOAkIGEyAAjjsRglpGBxTBmOv05UOpIEBmIiFGolPAGWNd05aiCu1EiEhravwxQuZAwcTA,EUW1_7813583967
RG_V2c9kUOAkIGEyAAjjsRglpGBxTBmOv05UOpIEBmIiFGolPAGWNd05aiCu1EiEhravwxQuZAwcTA,EUW1_7813536028
RG_V2c9kUOAkIGEyAAjjsRglpGBxTBmOv05UOpIEBmIiFGolPAGWNd05aiCu1EiEhravwxQuZAwcTA,EUW1_7813489226
RG_V2c9kUOAkIGEyAAjjsRglpGBxTBmOv05UOpIEBmIiFGolPAGWNd05aiCu1EiEhravwxQuZAwcTA,EUW1_7813460257
RG_V2c9kUOAkIGEyAAjjsRglpGBxTBmOv05UOpIEBmIiFGolPAGWNd05aiCu1EiEhravwxQuZAwcTA,EUW1_7813434649
RG_V2c9kUOAkIGEyAAjjsRglpGBxTBmOv05UOpIEBmIiFGolPAGWNd05aiCu1EiEhravwxQuZAwcTA,EUW1_7812593851
hPS-j1BBYtD0_-Uk5260vXBf4MoUWgM3tYU18MfCzZQ2qUjDdPcwlk5yZEziVQpVRwe5qz8i7MnUSw,EUW1_7813764637
hPS-j1BBYtD0_-Uk5260vXBf4MoUWgM3tYU18MfCzZQ2qUjDdPcwlk5yZEziVQpVRwe5qz8i7MnUSw,EUW1_7813464712
hPS-j1BBYtD0_-Uk5260vXBf4MoUWgM3tYU18MfCzZQ2qUjDdPcwlk5yZEziVQpVRwe5qz8i7MnUSw,EUW1_7813353237
hPS-j1BBYtD0_-Uk5260vXBf4MoUWgM3tYU18MfCzZQ2qUjDdPcwlk5yZEziVQpVRwe5qz8i7MnUSw,EUW1_7813324706
hPS-j1BBYtD0_-Uk5260vXBf4MoUWgM3tYU18MfCzZQ2qUjDdPcwlk5yZEziVQpVRwe5qz8i7MnUSw,EUW1_7813022519
hPS-j1BBYtD0_-Uk5260vXBf4MoUWgM3tYU18MfCzZQ2qUjDdPcwlk5yZEziVQpVRwe5qz8i7MnUSw,EUW1_7812969143
hPS-j1BBYtD0_-Uk5260vXBf4MoUWgM3tYU18MfCzZQ2qUjDdPcwlk5yZEziVQpVRwe5qz8i7MnUSw,EUW1_7812943970
hPS-j1BBYtD0_-Uk5260vXBf4MoUWgM3tYU18MfCzZQ2qUjDdPcwlk5yZEziVQpVRwe5qz8i7MnUSw,EUW1_7812932883
hPS-j1BBYtD0_-Uk5260vXBf4MoUWgM3tYU18MfCzZQ2qUjDdPcwlk5yZEziVQpVRwe5qz8i7MnUSw,EUW1_7812886733
hPS-j1BBYtD0_-Uk5260vXBf4MoUWgM3tYU18MfCzZQ2qUjDdPcwlk5yZEziVQpVRwe5qz8i7MnUSw,EUW1_7812870985
R2CCrU_kSQyUyOjInGOp0i6sma1v1IK2EPqKXa7Sb2ujlyAiXT9lEh0XVNXAQL7L4yxB7Vj1EZAu6Q,EUW1_7813647920
R2CCrU_kSQyUyOjInGOp0i6sma1v1IK2EPqKXa7Sb2ujlyAiXT9lEh0XVNXAQL7L4yxB7Vj1EZAu6Q,EUW1_7813609018
R2CCrU_kSQyUyOjInGOp0i6sma1v1IK2EPqKXa7Sb2ujlyAiXT9lEh0XVNXAQL7L4yxB7Vj1EZAu6Q,EUW1_7813569313
R2CCrU_kSQyUyOjInGOp0i6sma1v1IK2EPqKXa7Sb2ujlyAiXT9lEh0XVNXAQL7L4yxB7Vj1EZAu6Q,EUW1_7813526092
R2CCrU_kSQyUyOjInGOp0i6sma1v1IK2EPqKXa7Sb2ujlyAiXT9lEh0XVNXAQL7L4yxB7Vj1EZAu6Q,EUW1_7813490352
R2CCrU_kSQyUyOjInGOp0i6sma1v1IK2EPqKXa7Sb2ujlyAiXT9lEh0XVNXAQL7L4yxB7Vj1EZAu6Q,EUW1_7813442178
R2CCrU_kSQyUyOjInGOp0i6sma1v1IK2EPqKXa7Sb2ujlyAiXT9lEh0XVNXAQL7L4yxB7Vj1EZAu6Q,EUW1_7813416077
R2CCrU_kSQyUyOjInGOp0i6sma1v1IK2EPqKXa7Sb2ujlyAiXT9lEh0XVNXAQL7L4yxB7Vj1EZAu6Q,EUW1_7813186457
R2CCrU_kSQyUyOjInGOp0i6sma1v1IK2EPqKXa7Sb2ujlyAiXT9lEh0XVNXAQL7L4yxB7Vj1EZAu6Q,EUW1_7813095088
R2CCrU_kSQyUyOjInGOp0i6sma1v1IK2EPqKXa7Sb2ujlyAiXT9lEh0XVNXAQL7L4yxB7Vj1EZAu6Q,EUW1_7812984163
P2b9VzWzUmuZFxxVzDQg7olIQ4HW-laVwYRkwL-QMQJpJCcrzZhe82VgZazoI2Zklfb1GQzzy0cB6w,EUW1_7813719063
P2b9VzWzUmuZFxxVzDQg7olIQ4HW-laVwYRkwL-QMQJpJCcrzZhe82VgZazoI2Zklfb1GQzzy0cB6w,EUW1_7813543821
P2b9VzWzUmuZFxxVzDQg7olIQ4HW-laVwYRkwL-QMQJpJCcrzZhe82VgZazoI2Zklfb1GQzzy0cB6w,EUW1_7813483143
P2b9VzWzUmuZFxxVzDQg7olIQ4HW-laVwYRkwL-QMQJpJCcrzZhe82VgZazoI2Zklfb1GQzzy0cB6w,EUW1_7813420204
P2b9VzWzUmuZFxxVzDQg7olIQ4HW-laVwYRkwL-QMQJpJCcrzZhe82VgZazoI2Zklfb1GQzzy0cB6w,EUW1_7813356135
P2b9VzWzUmuZFxxVzDQg7olIQ4HW-laVwYRkwL-QMQJpJCcrzZhe82VgZazoI2Zklfb1GQzzy0cB6w,EUW1_7813333602
P2b9VzWzUmuZFxxVzDQg7olIQ4HW-laVwYRkwL-QMQJpJCcrzZhe82VgZazoI2Zklfb1GQzzy0cB6w,EUW1_7813290606
P2b9VzWzUmuZFxxVzDQg7olIQ4HW-laVwYRkwL-QMQJpJCcrzZhe82VgZazoI2Zklfb1GQzzy0cB6w,EUW1_7812685290
P2b9VzWzUmuZFxxVzDQg7olIQ4HW-laVwYRkwL-QMQJpJCcrzZhe82VgZazoI2Zklfb1GQzzy0cB6w,EUW1_7812001988
P2b9VzWzUmuZFxxVzDQg7olIQ4HW-laVwYRkwL-QMQJpJCcrzZhe82VgZazoI2Zklfb1GQzzy0cB6w,EUW1_7811974986
BmgLU33F1ARwRdhbRmkH8jWloG8_CS3ZQuIe-MppPmTJ0T2GFuLZOAneBskrOo19Bcys5e8xrzNwig,EUW1_7813137815
BmgLU33F1ARwRdhbRmkH8jWloG8_CS3ZQuIe-MppPmTJ0T2GFuLZOAneBskrOo19Bcys5e8xrzNwig,EUW1_7813091783
BmgLU33F1ARwRdhbRmkH8jWloG8_CS3ZQuIe-MppPmTJ0T2GFuLZOAneBskrOo19Bcys5e8xrzNwig,EUW1_7813055609
BmgLU33F1ARwRdhbRmkH8jWloG8_CS3ZQuIe-MppPmTJ0T2GFuLZOAneBskrOo19Bcys5e8xrzNwig,EUW1_7813020866
BmgLU33F1ARwRdhbRmkH8jWloG8_CS3ZQuIe-MppPmTJ0T2GFuLZOAneBskrOo19Bcys5e8xrzNwig,EUW1_7809123430
BmgLU33F1ARwRdhbRmkH8jWloG8_CS3ZQuIe-MppPmTJ0T2GFuLZOAneBskrOo19Bcys5e8xrzNwig,EUW1_7809077680
BmgLU33F1ARwRdhbRmkH8jWloG8_CS3ZQuIe-MppPmTJ0T2GFuLZOAneBskrOo19Bcys5e8xrzNwig,EUW1_7809044762
BmgLU33F1ARwRdhbRmkH8jWloG8_CS3ZQuIe-MppPmTJ0T2GFuLZOAneBskrOo19Bcys5e8xrzNwig,EUW1_7809002797
BmgLU33F1ARwRdhbRmkH8jWloG8_CS3ZQuIe-MppPmTJ0T2GFuLZOAneBskrOo19Bcys5e8xrzNwig,EUW1_7808959257
BmgLU33F1ARwRdhbRmkH8jWloG8_CS3ZQuIe-MppPmTJ0T2GFuLZOAneBskrOo19Bcys5e8xrzNwig,EUW1_7808903735
J74KGm2amNbDVAt-ehutUpJrxt--2dW-pkG7AUqU8CYWnZYFJMEZ2kOv-5Lcf_nv7H51KRnzQXDDwQ,EUW1_7813652947
J74KGm2amNbDVAt-ehutUpJrxt--2dW-pkG7AUqU8CYWnZYFJMEZ2kOv-5Lcf_nv7H51KRnzQXDDwQ,EUW1_7813601157
J74KGm2amNbDVAt-ehutUpJrxt--2dW-pkG7AUqU8CYWnZYFJMEZ2kOv-5Lcf_nv7H51KRnzQXDDwQ,EUW1_7813573457
J74KGm2amNbDVAt-ehutUpJrxt--2dW-pkG7AUqU8CYWnZYFJMEZ2kOv-5Lcf_nv7H51KRnzQXDDwQ,EUW1_7813505730
J74KGm2amNbDVAt-ehutUpJrxt--2dW-pkG7AUqU8CYWnZYFJMEZ2kOv-5Lcf_nv7H51KRnzQXDDwQ,EUW1_7813460257
J74KGm2amNbDVAt-ehutUpJrxt--2dW-pkG7AUqU8CYWnZYFJMEZ2kOv-5Lcf_nv7H51KRnzQXDDwQ,EUW1_7813434649
J74KGm2amNbDVAt-ehutUpJrxt--2dW-pkG7AUqU8CYWnZYFJMEZ2kOv-5Lcf_nv7H51KRnzQXDDwQ,EUW1_7813368326
J74KGm2amNbDVAt-ehutUpJrxt--2dW-pkG7AUqU8CYWnZYFJMEZ2kOv-5Lcf_nv7H51KRnzQXDDwQ,EUW1_7813319735
J74KGm2amNbDVAt-ehutUpJrxt--2dW-pkG7AUqU8CYWnZYFJMEZ2kOv-5Lcf_nv7H51KRnzQXDDwQ,EUW1_7812796420
J74KGm2amNbDVAt-ehutUpJrxt--2dW-pkG7AUqU8CYWnZYFJMEZ2kOv-5Lcf_nv7H51KRnzQXDDwQ,EUW1_7812772973
gITnGto3BbLgh-p9T6TnUyXecoFxjloyo5ZRjiRudWWyUWWeqT90XKjBKxrOYv8MJKSAOLA_tEAE5A,EUW1_7813505730
gITnGto3BbLgh-p9T6TnUyXecoFxjloyo5ZRjiRudWWyUWWeqT90XKjBKxrOYv8MJKSAOLA_tEAE5A,EUW1_7813471766
gITnGto3BbLgh-p9T6TnUyXecoFxjloyo5ZRjiRudWWyUWWeqT90XKjBKxrOYv8MJKSAOLA_tEAE5A,EUW1_7813216504
gITnGto3BbLgh-p9T6TnUyXecoFxjloyo5ZRjiRudWWyUWWeqT90XKjBKxrOYv8MJKSAOLA_tEAE5A,EUW1_7813176638
gITnGto3BbLgh-p9T6TnUyXecoFxjloyo5ZRjiRudWWyUWWeqT90XKjBKxrOYv8MJKSAOLA_tEAE5A,EUW1_7813137815
gITnGto3BbLgh-p9T6TnUyXecoFxjloyo5ZRjiRudWWyUWWeqT90XKjBKxrOYv8MJKSAOLA_tEAE5A,EUW1_7812240630
gITnGto3BbLgh-p9T6TnUyXecoFxjloyo5ZRjiRudWWyUWWeqT90XKjBKxrOYv8MJKSAOLA_tEAE5A,EUW1_7812037837
gITnGto3BbLgh-p9T6TnUyXecoFxjloyo5ZRjiRudWWyUWWeqT90XKjBKxrOYv8MJKSAOLA_tEAE5A,EUW1_7811547847
gITnGto3BbLgh-p9T6TnUyXecoFxjloyo5ZRjiRudWWyUWWeqT90XKjBKxrOYv8MJKSAOLA_tEAE5A,EUW1_7811492443
gITnGto3BbLgh-p9T6TnUyXecoFxjloyo5ZRjiRudWWyUWWeqT90XKjBKxrOYv8MJKSAOLA_tEAE5A,EUW1_7810862533
Mz2vxXxSijBbysFq1CrSeh6WDJ97I0m3_JrYLUhz-RMYFT7Nm9SXQbhFntUw6lyIDSKOln0csr61sw,EUW1_7813568643
Mz2vxXxSijBbysFq1CrSeh6WDJ97I0m3_JrYLUhz-RMYFT7Nm9SXQbhFntUw6lyIDSKOln0csr61sw,EUW1_7813453498
Mz2vxXxSijBbysFq1CrSeh6WDJ97I0m3_JrYLUhz-RMYFT7Nm9SXQbhFntUw6lyIDSKOln0csr61sw,EUW1_7813416077
Mz2vxXxSijBbysFq1CrSeh6WDJ97I0m3_JrYLUhz-RMYFT7Nm9SXQbhFntUw6lyIDSKOln0csr61sw,EUW1_7813356135
Mz2vxXxSijBbysFq1CrSeh6WDJ97I0m3_JrYLUhz-RMYFT7Nm9SXQbhFntUw6lyIDSKOln0csr61sw,EUW1_7813274660
Mz2vxXxSijBbysFq1CrSeh6WDJ97I0m3_JrYLUhz-RMYFT7Nm9SXQbhFntUw6lyIDSKOln0csr61sw,EUW1_7812951199
Mz2vxXxSijBbysFq1CrSeh6WDJ97I0m3_JrYLUhz-RMYFT7Nm9SXQbhFntUw6lyIDSKOln0csr61sw,EUW1_7812935253
Mz2vxXxSijBbysFq1CrSeh6WDJ97I0m3_JrYLUhz-RMYFT7Nm9SXQbhFntUw6lyIDSKOln0csr61sw,EUW1_7812640216
Mz2vxXxSijBbysFq1CrSeh6WDJ97I0m3_JrYLUhz-RMYFT7Nm9SXQbhFntUw6lyIDSKOln0csr61sw,EUW1_7812581107
Mz2vxXxSijBbysFq1CrSeh6WDJ97I0m3_JrYLUhz-RMYFT7Nm9SXQbhFntUw6lyIDSKOln0csr61sw,EUW1_7811868137
AmCKOJYZKPS4yxXtQUfHLEqHDUZkeTgxIwIWsK3yX3GVsQhu8vdtdDFoK5HJYPM9VCmk1TcSLg6fdw,EUW1_7813643950
AmCKOJYZKPS4yxXtQUfHLEqHDUZkeTgxIwIWsK3yX3GVsQhu8vdtdDFoK5HJYPM9VCmk1TcSLg6fdw,EUW1_7813612259
AmCKOJYZKPS4yxXtQUfHLEqHDUZkeTgxIwIWsK3yX3GVsQhu8vdtdDFoK5HJYPM9VCmk1TcSLg6fdw,EUW1_7813568643
AmCKOJYZKPS4yxXtQUfHLEqHDUZkeTgxIwIWsK3yX3GVsQhu8vdtdDFoK5HJYPM9VCmk1TcSLg6fdw,EUW1_7813505730
AmCKOJYZKPS4yxXtQUfHLEqHDUZkeTgxIwIWsK3yX3GVsQhu8vdtdDFoK5HJYPM9VCmk1TcSLg6fdw,EUW1_7813460257
AmCKOJYZKPS4yxXtQUfHLEqHDUZkeTgxIwIWsK3yX3GVsQhu8vdtdDFoK5HJYPM9VCmk1TcSLg6fdw,EUW1_7813434649
AmCKOJYZKPS4yxXtQUfHLEqHDUZkeTgxIwIWsK3yX3GVsQhu8vdtdDFoK5HJYPM9VCmk1TcSLg6fdw,EUW1_7813274128
AmCKOJYZKPS4yxXtQUfHLEqHDUZkeTgxIwIWsK3yX3GVsQhu8vdtdDFoK5HJYPM9VCmk1TcSLg6fdw,EUW1_7813232994
AmCKOJYZKPS4yxXtQUfHLEqHDUZkeTgxIwIWsK3yX3GVsQhu8vdtdDFoK5HJYPM9VCmk1TcSLg6fdw,EUW1_7813203742
AmCKOJYZKPS4yxXtQUfHLEqHDUZkeTgxIwIWsK3yX3GVsQhu8vdtdDFoK5HJYPM9VCmk1TcSLg6fdw,EUW1_7813176638
HfrRHv-GWiGiysPILjh3NOIQ7SapV3oqOHAdgSGbFQ6VWpg4sn1D5SMufvtt_Q8-aj4P8PY8VzF35g,EUW1_7813580326
HfrRHv-GWiGiysPILjh3NOIQ7SapV3oqOHAdgSGbFQ6VWpg4sn1D5SMufvtt_Q8-aj4P8PY8VzF35g,EUW1_7813532874
HfrRHv-GWiGiysPILjh3NOIQ7SapV3oqOHAdgSGbFQ6VWpg4sn1D5SMufvtt_Q8-aj4P8PY8VzF35g,EUW1_7813490352
HfrRHv-GWiGiysPILjh3NOIQ7SapV3oqOHAdgSGbFQ6VWpg4sn1D5SMufvtt_Q8-aj4P8PY8VzF35g,EUW1_7813460257
HfrRHv-GWiGiysPILjh3NOIQ7SapV3oqOHAdgSGbFQ6VWpg4sn1D5SMufvtt_Q8-aj4P8PY8VzF35g,EUW1_7813400253
HfrRHv-GWiGiysPILjh3NOIQ7SapV3oqOHAdgSGbFQ6VWpg4sn1D5SMufvtt_Q8-aj4P8PY8VzF35g,EUW1_7813353003
HfrRHv-GWiGiysPILjh3NOIQ7SapV3oqOHAdgSGbFQ6VWpg4sn1D5SMufvtt_Q8-aj4P8PY8VzF35g,EUW1_7811290193
HfrRHv-GWiGiysPILjh3NOIQ7SapV3oqOHAdgSGbFQ6VWpg4sn1D5SMufvtt_Q8-aj4P8PY8VzF35g,EUW1_7811239293
HfrRHv-GWiGiysPILjh3NOIQ7SapV3oqOHAdgSGbFQ6VWpg4sn1D5SMufvtt_Q8-aj4P8PY8VzF35g,EUW1_7811185247
HfrRHv-GWiGiysPILjh3NOIQ7SapV3oqOHAdgSGbFQ6VWpg4sn1D5SMufvtt_Q8-aj4P8PY8VzF35g,EUW1_7811135848
rRpvkU1sDLWaProGlxsYGKCq-b0VJCUnY45zhJ6FFgD4IfYPwg3GYn2uuZ_mJaQziCslX0z94LcYew,EUW1_7813862022
rRpvkU1sDLWaProGlxsYGKCq-b0VJCUnY45zhJ6FFgD4IfYPwg3GYn2uuZ_mJaQziCslX0z94LcYew,EUW1_7812910980
rRpvkU1sDLWaProGlxsYGKCq-b0VJCUnY45zhJ6FFgD4IfYPwg3GYn2uuZ_mJaQziCslX0z94LcYew,EUW1_7808408585
rRpvkU1sDLWaProGlxsYGKCq-b0VJCUnY45zhJ6FFgD4IfYPwg3GYn2uuZ_mJaQziCslX0z94LcYew,EUW1_7808343378
rRpvkU1sDLWaProGlxsYGKCq-b0VJCUnY45zhJ6FFgD4IfYPwg3GYn2uuZ_mJaQziCslX0z94LcYew,EUW1_7808328701
rRpvkU1sDLWaProGlxsYGKCq-b0VJCUnY45zhJ6FFgD4IfYPwg3GYn2uuZ_mJaQziCslX0z94LcYew,EUW1_7808303454
rRpvkU1sDLWaProGlxsYGKCq-b0VJCUnY45zhJ6FFgD4IfYPwg3GYn2uuZ_mJaQziCslX0z94LcYew,EUW1_7807240712
rRpvkU1sDLWaProGlxsYGKCq-b0VJCUnY45zhJ6FFgD4IfYPwg3GYn2uuZ_mJaQziCslX0z94LcYew,EUW1_7807212335
rRpvkU1sDLWaProGlxsYGKCq-b0VJCUnY45zhJ6FFgD4IfYPwg3GYn2uuZ_mJaQziCslX0z94LcYew,EUW1_7806952688
rRpvkU1sDLWaProGlxsYGKCq-b0VJCUnY45zhJ6FFgD4IfYPwg3GYn2uuZ_mJaQziCslX0z94LcYew,EUW1_7806802014
VmiUrYH4mDfMuEAWHfPaLMhck3ITzaSKob7VWfGvQfFdpAZCgEJzuFxTFlLU_xa3Ruo5Du4gDBcgew,EUW1_7813871424
VmiUrYH4mDfMuEAWHfPaLMhck3ITzaSKob7VWfGvQfFdpAZCgEJzuFxTFlLU_xa3Ruo5Du4gDBcgew,EUW1_7813857303
VmiUrYH4mDfMuEAWHfPaLMhck3ITzaSKob7VWfGvQfFdpAZCgEJzuFxTFlLU_xa3Ruo5Du4gDBcgew,EUW1_7813858736
VmiUrYH4mDfMuEAWHfPaLMhck3ITzaSKob7VWfGvQfFdpAZCgEJzuFxTFlLU_xa3Ruo5Du4gDBcgew,EUW1_7813453498
VmiUrYH4mDfMuEAWHfPaLMhck3ITzaSKob7VWfGvQfFdpAZCgEJzuFxTFlLU_xa3Ruo5Du4gDBcgew,EUW1_7813400253
VmiUrYH4mDfMuEAWHfPaLMhck3ITzaSKob7VWfGvQfFdpAZCgEJzuFxTFlLU_xa3Ruo5Du4gDBcgew,EUW1_7813040321
VmiUrYH4mDfMuEAWHfPaLMhck3ITzaSKob7VWfGvQfFdpAZCgEJzuFxTFlLU_xa3Ruo5Du4gDBcgew,EUW1_7812997728
VmiUrYH4mDfMuEAWHfPaLMhck3ITzaSKob7VWfGvQfFdpAZCgEJzuFxTFlLU_xa3Ruo5Du4gDBcgew,EUW1_7812970552
VmiUrYH4mDfMuEAWHfPaLMhck3ITzaSKob7VWfGvQfFdpAZCgEJzuFxTFlLU_xa3Ruo5Du4gDBcgew,EUW1_7812943464
VmiUrYH4mDfMuEAWHfPaLMhck3ITzaSKob7VWfGvQfFdpAZCgEJzuFxTFlLU_xa3Ruo5Du4gDBcgew,EUW1_7812920312
hgrLMJ0S8iNAWNMEaelxjZWbXxR2Qm2ph-TeR4gZNu4dqZ-VKTNPmab2-n7MjhJTyWjDlh1hwB7jjQ,EUW1_7813694876
hgrLMJ0S8iNAWNMEaelxjZWbXxR2Qm2ph-TeR4gZNu4dqZ-VKTNPmab2-n7MjhJTyWjDlh1hwB7jjQ,EUW1_7813668910
hgrLMJ0S8iNAWNMEaelxjZWbXxR2Qm2ph-TeR4gZNu4dqZ-VKTNPmab2-n7MjhJTyWjDlh1hwB7jjQ,EUW1_7813633026
hgrLMJ0S8iNAWNMEaelxjZWbXxR2Qm2ph-TeR4gZNu4dqZ-VKTNPmab2-n7MjhJTyWjDlh1hwB7jjQ,EUW1_7813412457
hgrLMJ0S8iNAWNMEaelxjZWbXxR2Qm2ph-TeR4gZNu4dqZ-VKTNPmab2-n7MjhJTyWjDlh1hwB7jjQ,EUW1_7813351114
hgrLMJ0S8iNAWNMEaelxjZWbXxR2Qm2ph-TeR4gZNu4dqZ-VKTNPmab2-n7MjhJTyWjDlh1hwB7jjQ,EUW1_7813201863
hgrLMJ0S8iNAWNMEaelxjZWbXxR2Qm2ph-TeR4gZNu4dqZ-VKTNPmab2-n7MjhJTyWjDlh1hwB7jjQ,EUW1_7813160938
hgrLMJ0S8iNAWNMEaelxjZWbXxR2Qm2ph-TeR4gZNu4dqZ-VKTNPmab2-n7MjhJTyWjDlh1hwB7jjQ,EUW1_7813073531
hgrLMJ0S8iNAWNMEaelxjZWbXxR2Qm2ph-TeR4gZNu4dqZ-VKTNPmab2-n7MjhJTyWjDlh1hwB7jjQ,EUW1_7813034973
hgrLMJ0S8iNAWNMEaelxjZWbXxR2Qm2ph-TeR4gZNu4dqZ-VKTNPmab2-n7MjhJTyWjDlh1hwB7jjQ,EUW1_7813013614
i3mBn2vIKOf6rRTsTaXUIUBzM4niJk_GGOItMdenTKOpORqR6n7Q66k2em25uPRXOx-sSXfDFuenOQ,EUW1_7812935253
i3mBn2vIKOf6rRTsTaXUIUBzM4niJk_GGOItMdenTKOpORqR6n7Q66k2em25uPRXOx-sSXfDFuenOQ,EUW1_7812542332
i3mBn2vIKOf6rRTsTaXUIUBzM4niJk_GGOItMdenTKOpORqR6n7Q66k2em25uPRXOx-sSXfDFuenOQ,EUW1_7812467139
i3mBn2vIKOf6rRTsTaXUIUBzM4niJk_GGOItMdenTKOpORqR6n7Q66k2em25uPRXOx-sSXfDFuenOQ,EUW1_7811866723
i3mBn2vIKOf6rRTsTaXUIUBzM4niJk_GGOItMdenTKOpORqR6n7Q66k2em25uPRXOx-sSXfDFuenOQ,EUW1_7811282034
i3mBn2vIKOf6rRTsTaXUIUBzM4niJk_GGOItMdenTKOpORqR6n7Q66k2em25uPRXOx-sSXfDFuenOQ,EUW1_7811223953
i3mBn2vIKOf6rRTsTaXUIUBzM4niJk_GGOItMdenTKOpORqR6n7Q66k2em25uPRXOx-sSXfDFuenOQ,EUW1_7810674142
i3mBn2vIKOf6rRTsTaXUIUBzM4niJk_GGOItMdenTKOpORqR6n7Q66k2em25uPRXOx-sSXfDFuenOQ,EUW1_7810646567
i3mBn2vIKOf6rRTsTaXUIUBzM4niJk_GGOItMdenTKOpORqR6n7Q66k2em25uPRXOx-sSXfDFuenOQ,EUW1_7808398390
i3mBn2vIKOf6rRTsTaXUIUBzM4niJk_GGOItMdenTKOpORqR6n7Q66k2em25uPRXOx-sSXfDFuenOQ,EUW1_7808385512
UiiRKX507kkigVGCxOchgs9QNDB4qMSvFHobfKTRc4_YLfvzqGU7hpQ1hsQDWYKxjQ1190aZIntxfw,EUW1_7813220559
UiiRKX507kkigVGCxOchgs9QNDB4qMSvFHobfKTRc4_YLfvzqGU7hpQ1hsQDWYKxjQ1190aZIntxfw,EUW1_7813176638
UiiRKX507kkigVGCxOchgs9QNDB4qMSvFHobfKTRc4_YLfvzqGU7hpQ1hsQDWYKxjQ1190aZIntxfw,EUW1_7813137648
UiiRKX507kkigVGCxOchgs9QNDB4qMSvFHobfKTRc4_YLfvzqGU7hpQ1hsQDWYKxjQ1190aZIntxfw,EUW1_7813016220
UiiRKX507kkigVGCxOchgs9QNDB4qMSvFHobfKTRc4_YLfvzqGU7hpQ1hsQDWYKxjQ1190aZIntxfw,EUW1_7812994615
UiiRKX507kkigVGCxOchgs9QNDB4qMSvFHobfKTRc4_YLfvzqGU7hpQ1hsQDWYKxjQ1190aZIntxfw,EUW1_7812961908
UiiRKX507kkigVGCxOchgs9QNDB4qMSvFHobfKTRc4_YLfvzqGU7hpQ1hsQDWYKxjQ1190aZIntxfw,EUW1_7808627674
UiiRKX507kkigVGCxOchgs9QNDB4qMSvFHobfKTRc4_YLfvzqGU7hpQ1hsQDWYKxjQ1190aZIntxfw,EUW1_7808571690
UiiRKX507kkigVGCxOchgs9QNDB4qMSvFHobfKTRc4_YLfvzqGU7hpQ1hsQDWYKxjQ1190aZIntxfw,EUW1_7808537794
UiiRKX507kkigVGCxOchgs9QNDB4qMSvFHobfKTRc4_YLfvzqGU7hpQ1hsQDWYKxjQ1190aZIntxfw,EUW1_7808488220
rbMcwJp2KVt60GLmJh8UOQS4MF5Q-uQwJ3JI30iHzba-DWVoWLcCQKhem-U16IdUNQ37HegeyEfjPA,EUW1_7813689305
rbMcwJp2KVt60GLmJh8UOQS4MF5Q-uQwJ3JI30iHzba-DWVoWLcCQKhem-U16IdUNQ37HegeyEfjPA,EUW1_7813647920
rbMcwJp2KVt60GLmJh8UOQS4MF5Q-uQwJ3JI30iHzba-DWVoWLcCQKhem-U16IdUNQ37HegeyEfjPA,EUW1_7813596884
rbMcwJp2KVt60GLmJh8UOQS4MF5Q-uQwJ3JI30iHzba-DWVoWLcCQKhem-U16IdUNQ37HegeyEfjPA,EUW1_7813534005
rbMcwJp2KVt60GLmJh8UOQS4MF5Q-uQwJ3JI30iHzba-DWVoWLcCQKhem-U16IdUNQ37HegeyEfjPA,EUW1_7813460257
rbMcwJp2KVt60GLmJh8UOQS4MF5Q-uQwJ3JI30iHzba-DWVoWLcCQKhem-U16IdUNQ37HegeyEfjPA,EUW1_7813434649
rbMcwJp2KVt60GLmJh8UOQS4MF5Q-uQwJ3JI30iHzba-DWVoWLcCQKhem-U16IdUNQ37HegeyEfjPA,EUW1_7813356135
rbMcwJp2KVt60GLmJh8UOQS4MF5Q-uQwJ3JI30iHzba-DWVoWLcCQKhem-U16IdUNQ37HegeyEfjPA,EUW1_7813308206
rbMcwJp2KVt60GLmJh8UOQS4MF5Q-uQwJ3JI30iHzba-DWVoWLcCQKhem-U16IdUNQ37HegeyEfjPA,EUW1_7813216504
rbMcwJp2KVt60GLmJh8UOQS4MF5Q-uQwJ3JI30iHzba-DWVoWLcCQKhem-U16IdUNQ37HegeyEfjPA,EUW1_7813186457
pozImjC_hUJjRX5zdvoltCW95ba-efwrLEq32gC4iMiDyq8XGo0CoKlj-iMC-WqiSObayYITnkZlsQ,EUW1_7812984163
pozImjC_hUJjRX5zdvoltCW95ba-efwrLEq32gC4iMiDyq8XGo0CoKlj-iMC-WqiSObayYITnkZlsQ,EUW1_7812964798
pozImjC_hUJjRX5zdvoltCW95ba-efwrLEq32gC4iMiDyq8XGo0CoKlj-iMC-WqiSObayYITnkZlsQ,EUW1_7812355828
pozImjC_hUJjRX5zdvoltCW95ba-efwrLEq32gC4iMiDyq8XGo0CoKlj-iMC-WqiSObayYITnkZlsQ,EUW1_7812339965
pozImjC_hUJjRX5zdvoltCW95ba-efwrLEq32gC4iMiDyq8XGo0CoKlj-iMC-WqiSObayYITnkZlsQ,EUW1_7812304355
pozImjC_hUJjRX5zdvoltCW95ba-efwrLEq32gC4iMiDyq8XGo0CoKlj-iMC-WqiSObayYITnkZlsQ,EUW1_7812090283
pozImjC_hUJjRX5zdvoltCW95ba-efwrLEq32gC4iMiDyq8XGo0CoKlj-iMC-WqiSObayYITnkZlsQ,EUW1_7807646528
pozImjC_hUJjRX5zdvoltCW95ba-efwrLEq32gC4iMiDyq8XGo0CoKlj-iMC-WqiSObayYITnkZlsQ,EUW1_7807555203
pozImjC_hUJjRX5zdvoltCW95ba-efwrLEq32gC4iMiDyq8XGo0CoKlj-iMC-WqiSObayYITnkZlsQ,EUW1_7807092748
pozImjC_hUJjRX5zdvoltCW95ba-efwrLEq32gC4iMiDyq8XGo0CoKlj-iMC-WqiSObayYITnkZlsQ,EUW1_7806394371
7tQfHGV4ybirx1bZMSC1bLw4INwam_qEYYgaweFim2PgLO3a58u_Z7m9e5m5x9vyvwL43bl9djdmHQ,EUW1_7812157029
7tQfHGV4ybirx1bZMSC1bLw4INwam_qEYYgaweFim2PgLO3a58u_Z7m9e5m5x9vyvwL43bl9djdmHQ,EUW1_7812115938
7tQfHGV4ybirx1bZMSC1bLw4INwam_qEYYgaweFim2PgLO3a58u_Z7m9e5m5x9vyvwL43bl9djdmHQ,EUW1_7812056314
7tQfHGV4ybirx1bZMSC1bLw4INwam_qEYYgaweFim2PgLO3a58u_Z7m9e5m5x9vyvwL43bl9djdmHQ,EUW1_7812017763
7tQfHGV4ybirx1bZMSC1bLw4INwam_qEYYgaweFim2PgLO3a58u_Z7m9e5m5x9vyvwL43bl9djdmHQ,EUW1_7811867474
7tQfHGV4ybirx1bZMSC1bLw4INwam_qEYYgaweFim2PgLO3a58u_Z7m9e5m5x9vyvwL43bl9djdmHQ,EUW1_7811835330
7tQfHGV4ybirx1bZMSC1bLw4INwam_qEYYgaweFim2PgLO3a58u_Z7m9e5m5x9vyvwL43bl9djdmHQ,EUW1_7811812261
7tQfHGV4ybirx1bZMSC1bLw4INwam_qEYYgaweFim2PgLO3a58u_Z7m9e5m5x9vyvwL43bl9djdmHQ,EUW1_7811801585
7tQfHGV4ybirx1bZMSC1bLw4INwam_qEYYgaweFim2PgLO3a58u_Z7m9e5m5x9vyvwL43bl9djdmHQ,EUW1_7809830150
7tQfHGV4ybirx1bZMSC1bLw4INwam_qEYYgaweFim2PgLO3a58u_Z7m9e5m5x9vyvwL43bl9djdmHQ,EUW1_7809787256
H5zUHFdp94WBZaGcUDKomrCE6s_GdWhRXUD5y9fO8a-4dMEy8OWQy03uhi5Gokh6X5bQUVs0hKUGyQ,EUW1_7812092409
H5zUHFdp94WBZaGcUDKomrCE6s_GdWhRXUD5y9fO8a-4dMEy8OWQy03uhi5Gokh6X5bQUVs0hKUGyQ,EUW1_7810910713
H5zUHFdp94WBZaGcUDKomrCE6s_GdWhRXUD5y9fO8a-4dMEy8OWQy03uhi5Gokh6X5bQUVs0hKUGyQ,EUW1_7810868017
H5zUHFdp94WBZaGcUDKomrCE6s_GdWhRXUD5y9fO8a-4dMEy8OWQy03uhi5Gokh6X5bQUVs0hKUGyQ,EUW1_7810839130
H5zUHFdp94WBZaGcUDKomrCE6s_GdWhRXUD5y9fO8a-4dMEy8OWQy03uhi5Gokh6X5bQUVs0hKUGyQ,EUW1_7810804050
H5zUHFdp94WBZaGcUDKomrCE6s_GdWhRXUD5y9fO8a-4dMEy8OWQy03uhi5Gokh6X5bQUVs0hKUGyQ,EUW1_7810778832
H5zUHFdp94WBZaGcUDKomrCE6s_GdWhRXUD5y9fO8a-4dMEy8OWQy03uhi5Gokh6X5bQUVs0hKUGyQ,EUW1_7808698697
H5zUHFdp94WBZaGcUDKomrCE6s_GdWhRXUD5y9fO8a-4dMEy8OWQy03uhi5Gokh6X5bQUVs0hKUGyQ,EUW1_7808658775
H5zUHFdp94WBZaGcUDKomrCE6s_GdWhRXUD5y9fO8a-4dMEy8OWQy03uhi5Gokh6X5bQUVs0hKUGyQ,EUW1_7808605452
H5zUHFdp94WBZaGcUDKomrCE6s_GdWhRXUD5y9fO8a-4dMEy8OWQy03uhi5Gokh6X5bQUVs0hKUGyQ,EUW1_7808566741
P2QA3fLhoQ1y9LsX4jzBZudWSmsNk0plv6N-8gCiYLKmkVPRXO2Qa0OZrhMRrA8WQCcv1KjRh__j7Q,EUW1_7813177283
P2QA3fLhoQ1y9LsX4jzBZudWSmsNk0plv6N-8gCiYLKmkVPRXO2Qa0OZrhMRrA8WQCcv1KjRh__j7Q,EUW1_7813148085
P2QA3fLhoQ1y9LsX4jzBZudWSmsNk0plv6N-8gCiYLKmkVPRXO2Qa0OZrhMRrA8WQCcv1KjRh__j7Q,EUW1_7813109891
P2QA3fLhoQ1y9LsX4jzBZudWSmsNk0plv6N-8gCiYLKmkVPRXO2Qa0OZrhMRrA8WQCcv1KjRh__j7Q,EUW1_7813066357
P2QA3fLhoQ1y9LsX4jzBZudWSmsNk0plv6N-8gCiYLKmkVPRXO2Qa0OZrhMRrA8WQCcv1KjRh__j7Q,EUW1_7813036419
P2QA3fLhoQ1y9LsX4jzBZudWSmsNk0plv6N-8gCiYLKmkVPRXO2Qa0OZrhMRrA8WQCcv1KjRh__j7Q,EUW1_7812161410
P2QA3fLhoQ1y9LsX4jzBZudWSmsNk0plv6N-8gCiYLKmkVPRXO2Qa0OZrhMRrA8WQCcv1KjRh__j7Q,EUW1_7812126939
P2QA3fLhoQ1y9LsX4jzBZudWSmsNk0plv6N-8gCiYLKmkVPRXO2Qa0OZrhMRrA8WQCcv1KjRh__j7Q,EUW1_7812083025
P2QA3fLhoQ1y9LsX4jzBZudWSmsNk0plv6N-8gCiYLKmkVPRXO2Qa0OZrhMRrA8WQCcv1KjRh__j7Q,EUW1_7812037837
P2QA3fLhoQ1y9LsX4jzBZudWSmsNk0plv6N-8gCiYLKmkVPRXO2Qa0OZrhMRrA8WQCcv1KjRh__j7Q,EUW1_7811992549
BBuoYwMemcVEUopP0NvviJS4M1ThPtO3Gs6qqzOP63ryc5cQg-c7oYh9G4nt1RzsNzlzST3M1eiiXA,EUW1_7813137815
BBuoYwMemcVEUopP0NvviJS4M1ThPtO3Gs6qqzOP63ryc5cQg-c7oYh9G4nt1RzsNzlzST3M1eiiXA,EUW1_7813091783
BBuoYwMemcVEUopP0NvviJS4M1ThPtO3Gs6qqzOP63ryc5cQg-c7oYh9G4nt1RzsNzlzST3M1eiiXA,EUW1_7813055609
BBuoYwMemcVEUopP0NvviJS4M1ThPtO3Gs6qqzOP63ryc5cQg-c7oYh9G4nt1RzsNzlzST3M1eiiXA,EUW1_7813020866
BBuoYwMemcVEUopP0NvviJS4M1ThPtO3Gs6qqzOP63ryc5cQg-c7oYh9G4nt1RzsNzlzST3M1eiiXA,EUW1_7809123430
BBuoYwMemcVEUopP0NvviJS4M1ThPtO3Gs6qqzOP63ryc5cQg-c7oYh9G4nt1RzsNzlzST3M1eiiXA,EUW1_7809077680
BBuoYwMemcVEUopP0NvviJS4M1ThPtO3Gs6qqzOP63ryc5cQg-c7oYh9G4nt1RzsNzlzST3M1eiiXA,EUW1_7808903735
BBuoYwMemcVEUopP0NvviJS4M1ThPtO3Gs6qqzOP63ryc5cQg-c7oYh9G4nt1RzsNzlzST3M1eiiXA,EUW1_7808845846
BBuoYwMemcVEUopP0NvviJS4M1ThPtO3Gs6qqzOP63ryc5cQg-c7oYh9G4nt1RzsNzlzST3M1eiiXA,EUW1_7808799305
BBuoYwMemcVEUopP0NvviJS4M1ThPtO3Gs6qqzOP63ryc5cQg-c7oYh9G4nt1RzsNzlzST3M1eiiXA,EUW1_7808764450
S9eOzvet5PMeyDG4FwXFJXfSUEUElv03HpkKHaBr9Ka9ejQKmDWklrSCvOCIFFSWqEdI7sFQeOcBbw,EUW1_7813764637
S9eOzvet5PMeyDG4FwXFJXfSUEUElv03HpkKHaBr9Ka9ejQKmDWklrSCvOCIFFSWqEdI7sFQeOcBbw,EUW1_7813735369
S9eOzvet5PMeyDG4FwXFJXfSUEUElv03HpkKHaBr9Ka9ejQKmDWklrSCvOCIFFSWqEdI7sFQeOcBbw,EUW1_7813702321
S9eOzvet5PMeyDG4FwXFJXfSUEUElv03HpkKHaBr9Ka9ejQKmDWklrSCvOCIFFSWqEdI7sFQeOcBbw,EUW1_7813647578
S9eOzvet5PMeyDG4FwXFJXfSUEUElv03HpkKHaBr9Ka9ejQKmDWklrSCvOCIFFSWqEdI7sFQeOcBbw,EUW1_7813612259
S9eOzvet5PMeyDG4FwXFJXfSUEUElv03HpkKHaBr9Ka9ejQKmDWklrSCvOCIFFSWqEdI7sFQeOcBbw,EUW1_7813572390
S9eOzvet5PMeyDG4FwXFJXfSUEUElv03HpkKHaBr9Ka9ejQKmDWklrSCvOCIFFSWqEdI7sFQeOcBbw,EUW1_7813512467
S9eOzvet5PMeyDG4FwXFJXfSUEUElv03HpkKHaBr9Ka9ejQKmDWklrSCvOCIFFSWqEdI7sFQeOcBbw,EUW1_7813459761
S9eOzvet5PMeyDG4FwXFJXfSUEUElv03HpkKHaBr9Ka9ejQKmDWklrSCvOCIFFSWqEdI7sFQeOcBbw,EUW1_7813400253
S9eOzvet5PMeyDG4FwXFJXfSUEUElv03HpkKHaBr9Ka9ejQKmDWklrSCvOCIFFSWqEdI7sFQeOcBbw,EUW1_7808191584
NjoR_yo6sr4DbqWN62p9WQDPXdP2tqgxmITa-A5hqykURmdV8WQe413t66fXf-8PWcOqFR4vhwqLqg,EUW1_7813876297
NjoR_yo6sr4DbqWN62p9WQDPXdP2tqgxmITa-A5hqykURmdV8WQe413t66fXf-8PWcOqFR4vhwqLqg,EUW1_7813865019
NjoR_yo6sr4DbqWN62p9WQDPXdP2tqgxmITa-A5hqykURmdV8WQe413t66fXf-8PWcOqFR4vhwqLqg,EUW1_7813599120
NjoR_yo6sr4DbqWN62p9WQDPXdP2tqgxmITa-A5hqykURmdV8WQe413t66fXf-8PWcOqFR4vhwqLqg,EUW1_7813554459
NjoR_yo6sr4DbqWN62p9WQDPXdP2tqgxmITa-A5hqykURmdV8WQe413t66fXf-8PWcOqFR4vhwqLqg,EUW1_7813499639
NjoR_yo6sr4DbqWN62p9WQDPXdP2tqgxmITa-A5hqykURmdV8WQe413t66fXf-8PWcOqFR4vhwqLqg,EUW1_7812951473
NjoR_yo6sr4DbqWN62p9WQDPXdP2tqgxmITa-A5hqykURmdV8WQe413t66fXf-8PWcOqFR4vhwqLqg,EUW1_7812932883
NjoR_yo6sr4DbqWN62p9WQDPXdP2tqgxmITa-A5hqykURmdV8WQe413t66fXf-8PWcOqFR4vhwqLqg,EUW1_7812913787
NjoR_yo6sr4DbqWN62p9WQDPXdP2tqgxmITa-A5hqykURmdV8WQe413t66fXf-8PWcOqFR4vhwqLqg,EUW1_7812754311
NjoR_yo6sr4DbqWN62p9WQDPXdP2tqgxmITa-A5hqykURmdV8WQe413t66fXf-8PWcOqFR4vhwqLqg,EUW1_7812682828
DmtsX7aKpKVSmNT2rEWcZPRRqePI4pDupL1H3NSQIITZjab8Qu_Kr2bxOU9XvVL1QrNw1NuO9UIFLA,EUW1_7812753510
DmtsX7aKpKVSmNT2rEWcZPRRqePI4pDupL1H3NSQIITZjab8Qu_Kr2bxOU9XvVL1QrNw1NuO9UIFLA,EUW1_7812722886
DmtsX7aKpKVSmNT2rEWcZPRRqePI4pDupL1H3NSQIITZjab8Qu_Kr2bxOU9XvVL1QrNw1NuO9UIFLA,EUW1_7812670806
DmtsX7aKpKVSmNT2rEWcZPRRqePI4pDupL1H3NSQIITZjab8Qu_Kr2bxOU9XvVL1QrNw1NuO9UIFLA,EUW1_7812532469
DmtsX7aKpKVSmNT2rEWcZPRRqePI4pDupL1H3NSQIITZjab8Qu_Kr2bxOU9XvVL1QrNw1NuO9UIFLA,EUW1_7811306283
DmtsX7aKpKVSmNT2rEWcZPRRqePI4pDupL1H3NSQIITZjab8Qu_Kr2bxOU9XvVL1QrNw1NuO9UIFLA,EUW1_7810804050
DmtsX7aKpKVSmNT2rEWcZPRRqePI4pDupL1H3NSQIITZjab8Qu_Kr2bxOU9XvVL1QrNw1NuO9UIFLA,EUW1_7810434022
DmtsX7aKpKVSmNT2rEWcZPRRqePI4pDupL1H3NSQIITZjab8Qu_Kr2bxOU9XvVL1QrNw1NuO9UIFLA,EUW1_7809694345
DmtsX7aKpKVSmNT2rEWcZPRRqePI4pDupL1H3NSQIITZjab8Qu_Kr2bxOU9XvVL1QrNw1NuO9UIFLA,EUW1_7809303401
DmtsX7aKpKVSmNT2rEWcZPRRqePI4pDupL1H3NSQIITZjab8Qu_Kr2bxOU9XvVL1QrNw1NuO9UIFLA,EUW1_7809273803
EgTzHPlNbfkJye7DNzzYceHiAZ8Fx-KMEs2EwRG5eB5WRKvLdrrbzQ8Bd_2puWph0oSzPu89fxLV4Q,EUW1_7808618149
EgTzHPlNbfkJye7DNzzYceHiAZ8Fx-KMEs2EwRG5eB5WRKvLdrrbzQ8Bd_2puWph0oSzPu89fxLV4Q,EUW1_7808566741
EgTzHPlNbfkJye7DNzzYceHiAZ8Fx-KMEs2EwRG5eB5WRKvLdrrbzQ8Bd_2puWph0oSzPu89fxLV4Q,EUW1_7808516655
EgTzHPlNbfkJye7DNzzYceHiAZ8Fx-KMEs2EwRG5eB5WRKvLdrrbzQ8Bd_2puWph0oSzPu89fxLV4Q,EUW1_7808477522
EgTzHPlNbfkJye7DNzzYceHiAZ8Fx-KMEs2EwRG5eB5WRKvLdrrbzQ8Bd_2puWph0oSzPu89fxLV4Q,EUW1_7808395696
EgTzHPlNbfkJye7DNzzYceHiAZ8Fx-KMEs2EwRG5eB5WRKvLdrrbzQ8Bd_2puWph0oSzPu89fxLV4Q,EUW1_7808335794
EgTzHPlNbfkJye7DNzzYceHiAZ8Fx-KMEs2EwRG5eB5WRKvLdrrbzQ8Bd_2puWph0oSzPu89fxLV4Q,EUW1_7807836082
EgTzHPlNbfkJye7DNzzYceHiAZ8Fx-KMEs2EwRG5eB5WRKvLdrrbzQ8Bd_2puWph0oSzPu89fxLV4Q,EUW1_7807752792
EgTzHPlNbfkJye7DNzzYceHiAZ8Fx-KMEs2EwRG5eB5WRKvLdrrbzQ8Bd_2puWph0oSzPu89fxLV4Q,EUW1_7807637558
EgTzHPlNbfkJye7DNzzYceHiAZ8Fx-KMEs2EwRG5eB5WRKvLdrrbzQ8Bd_2puWph0oSzPu89fxLV4Q,EUW1_7807615675
Za8OYn7Evx7_b65G8qMxprmeqkqXm1PmC4e3ZeNRgwMdbfrrfpvz-l8DAbuiMq0kstf3CLTVPO7T6Q,EUW1_7813536028
Za8OYn7Evx7_b65G8qMxprmeqkqXm1PmC4e3ZeNRgwMdbfrrfpvz-l8DAbuiMq0kstf3CLTVPO7T6Q,EUW1_7812951473
Za8OYn7Evx7_b65G8qMxprmeqkqXm1PmC4e3ZeNRgwMdbfrrfpvz-l8DAbuiMq0kstf3CLTVPO7T6Q,EUW1_7812922403
Za8OYn7Evx7_b65G8qMxprmeqkqXm1PmC4e3ZeNRgwMdbfrrfpvz-l8DAbuiMq0kstf3CLTVPO7T6Q,EUW1_7811878803
Za8OYn7Evx7_b65G8qMxprmeqkqXm1PmC4e3ZeNRgwMdbfrrfpvz-l8DAbuiMq0kstf3CLTVPO7T6Q,EUW1_7811846604
Za8OYn7Evx7_b65G8qMxprmeqkqXm1PmC4e3ZeNRgwMdbfrrfpvz-l8DAbuiMq0kstf3CLTVPO7T6Q,EUW1_7811823107
Za8OYn7Evx7_b65G8qMxprmeqkqXm1PmC4e3ZeNRgwMdbfrrfpvz-l8DAbuiMq0kstf3CLTVPO7T6Q,EUW1_7811374751
Za8OYn7Evx7_b65G8qMxprmeqkqXm1PmC4e3ZeNRgwMdbfrrfpvz-l8DAbuiMq0kstf3CLTVPO7T6Q,EUW1_7811306283
Za8OYn7Evx7_b65G8qMxprmeqkqXm1PmC4e3ZeNRgwMdbfrrfpvz-l8DAbuiMq0kstf3CLTVPO7T6Q,EUW1_7810707480
Za8OYn7Evx7_b65G8qMxprmeqkqXm1PmC4e3ZeNRgwMdbfrrfpvz-l8DAbuiMq0kstf3CLTVPO7T6Q,EUW1_7810674142
B_Ru29LsdlD09EN4PucoRQt5ytZf8edW2QJrDexUdJoSf_mZN-CxOgfH6IhAQwJQVp7vj2io-bfWUg,EUW1_7813694876
B_Ru29LsdlD09EN4PucoRQt5ytZf8edW2QJrDexUdJoSf_mZN-CxOgfH6IhAQwJQVp7vj2io-bfWUg,EUW1_7813668910
B_Ru29LsdlD09EN4PucoRQt5ytZf8edW2QJrDexUdJoSf_mZN-CxOgfH6IhAQwJQVp7vj2io-bfWUg,EUW1_7813619977
B_Ru29LsdlD09EN4PucoRQt5ytZf8edW2QJrDexUdJoSf_mZN-CxOgfH6IhAQwJQVp7vj2io-bfWUg,EUW1_7813557004
B_Ru29LsdlD09EN4PucoRQt5ytZf8edW2QJrDexUdJoSf_mZN-CxOgfH6IhAQwJQVp7vj2io-bfWUg,EUW1_7813512467
B_Ru29LsdlD09EN4PucoRQt5ytZf8edW2QJrDexUdJoSf_mZN-CxOgfH6IhAQwJQVp7vj2io-bfWUg,EUW1_7813453498
B_Ru29LsdlD09EN4PucoRQt5ytZf8edW2QJrDexUdJoSf_mZN-CxOgfH6IhAQwJQVp7vj2io-bfWUg,EUW1_7813057298
B_Ru29LsdlD09EN4PucoRQt5ytZf8edW2QJrDexUdJoSf_mZN-CxOgfH6IhAQwJQVp7vj2io-bfWUg,EUW1_7813033667
B_Ru29LsdlD09EN4PucoRQt5ytZf8edW2QJrDexUdJoSf_mZN-CxOgfH6IhAQwJQVp7vj2io-bfWUg,EUW1_7813013526
B_Ru29LsdlD09EN4PucoRQt5ytZf8edW2QJrDexUdJoSf_mZN-CxOgfH6IhAQwJQVp7vj2io-bfWUg,EUW1_7812984178
Z-xaqHlLWTRM1tG6MqJRGFaHj28ZAJzCLKKkrjPeeGMvSDaZIv7wsCS6YWCLSd4QAiJisys9AwL7HQ,EUW1_7813724966
Z-xaqHlLWTRM1tG6MqJRGFaHj28ZAJzCLKKkrjPeeGMvSDaZIv7wsCS6YWCLSd4QAiJisys9AwL7HQ,EUW1_7813647920
Z-xaqHlLWTRM1tG6MqJRGFaHj28ZAJzCLKKkrjPeeGMvSDaZIv7wsCS6YWCLSd4QAiJisys9AwL7HQ,EUW1_7813612259
Z-xaqHlLWTRM1tG6MqJRGFaHj28ZAJzCLKKkrjPeeGMvSDaZIv7wsCS6YWCLSd4QAiJisys9AwL7HQ,EUW1_7813568643
Z-xaqHlLWTRM1tG6MqJRGFaHj28ZAJzCLKKkrjPeeGMvSDaZIv7wsCS6YWCLSd4QAiJisys9AwL7HQ,EUW1_7813319735
Z-xaqHlLWTRM1tG6MqJRGFaHj28ZAJzCLKKkrjPeeGMvSDaZIv7wsCS6YWCLSd4QAiJisys9AwL7HQ,EUW1_7812817399
Z-xaqHlLWTRM1tG6MqJRGFaHj28ZAJzCLKKkrjPeeGMvSDaZIv7wsCS6YWCLSd4QAiJisys9AwL7HQ,EUW1_7812806892
Z-xaqHlLWTRM1tG6MqJRGFaHj28ZAJzCLKKkrjPeeGMvSDaZIv7wsCS6YWCLSd4QAiJisys9AwL7HQ,EUW1_7812777167
Z-xaqHlLWTRM1tG6MqJRGFaHj28ZAJzCLKKkrjPeeGMvSDaZIv7wsCS6YWCLSd4QAiJisys9AwL7HQ,EUW1_7812542332
Z-xaqHlLWTRM1tG6MqJRGFaHj28ZAJzCLKKkrjPeeGMvSDaZIv7wsCS6YWCLSd4QAiJisys9AwL7HQ,EUW1_7812491250
CYhzsT32rAMTvymtZcxb-0pUlinicvaC9_1r3jKV1sGX9DzDYcgbPIdze-FNwvpC2tuLQV5Om6bx-Q,EUW1_7811846538
CYhzsT32rAMTvymtZcxb-0pUlinicvaC9_1r3jKV1sGX9DzDYcgbPIdze-FNwvpC2tuLQV5Om6bx-Q,EUW1_7811154904
CYhzsT32rAMTvymtZcxb-0pUlinicvaC9_1r3jKV1sGX9DzDYcgbPIdze-FNwvpC2tuLQV5Om6bx-Q,EUW1_7811056470
CYhzsT32rAMTvymtZcxb-0pUlinicvaC9_1r3jKV1sGX9DzDYcgbPIdze-FNwvpC2tuLQV5Om6bx-Q,EUW1_7810993721
CYhzsT32rAMTvymtZcxb-0pUlinicvaC9_1r3jKV1sGX9DzDYcgbPIdze-FNwvpC2tuLQV5Om6bx-Q,EUW1_7810109299
CYhzsT32rAMTvymtZcxb-0pUlinicvaC9_1r3jKV1sGX9DzDYcgbPIdze-FNwvpC2tuLQV5Om6bx-Q,EUW1_7810051015
CYhzsT32rAMTvymtZcxb-0pUlinicvaC9_1r3jKV1sGX9DzDYcgbPIdze-FNwvpC2tuLQV5Om6bx-Q,EUW1_7810001493
CYhzsT32rAMTvymtZcxb-0pUlinicvaC9_1r3jKV1sGX9DzDYcgbPIdze-FNwvpC2tuLQV5Om6bx-Q,EUW1_7809563814
CYhzsT32rAMTvymtZcxb-0pUlinicvaC9_1r3jKV1sGX9DzDYcgbPIdze-FNwvpC2tuLQV5Om6bx-Q,EUW1_7808434498
CYhzsT32rAMTvymtZcxb-0pUlinicvaC9_1r3jKV1sGX9DzDYcgbPIdze-FNwvpC2tuLQV5Om6bx-Q,EUW1_7808415472
9kkr7CzKAQdDIAZ6pU8dFQSud6EgaqSSOslOVfVa4BAMn5Uo_I4HmmhunMCSfv4vpHxCW7xJuKRMbQ,EUW1_7809896563
9kkr7CzKAQdDIAZ6pU8dFQSud6EgaqSSOslOVfVa4BAMn5Uo_I4HmmhunMCSfv4vpHxCW7xJuKRMbQ,EUW1_7806748191
9kkr7CzKAQdDIAZ6pU8dFQSud6EgaqSSOslOVfVa4BAMn5Uo_I4HmmhunMCSfv4vpHxCW7xJuKRMbQ,EUW1_7806684735
9kkr7CzKAQdDIAZ6pU8dFQSud6EgaqSSOslOVfVa4BAMn5Uo_I4HmmhunMCSfv4vpHxCW7xJuKRMbQ,EUW1_7806621208
9kkr7CzKAQdDIAZ6pU8dFQSud6EgaqSSOslOVfVa4BAMn5Uo_I4HmmhunMCSfv4vpHxCW7xJuKRMbQ,EUW1_7806565264
9kkr7CzKAQdDIAZ6pU8dFQSud6EgaqSSOslOVfVa4BAMn5Uo_I4HmmhunMCSfv4vpHxCW7xJuKRMbQ,EUW1_7806512879
9kkr7CzKAQdDIAZ6pU8dFQSud6EgaqSSOslOVfVa4BAMn5Uo_I4HmmhunMCSfv4vpHxCW7xJuKRMbQ,EUW1_7806461981
9kkr7CzKAQdDIAZ6pU8dFQSud6EgaqSSOslOVfVa4BAMn5Uo_I4HmmhunMCSfv4vpHxCW7xJuKRMbQ,EUW1_7806403142
9kkr7CzKAQdDIAZ6pU8dFQSud6EgaqSSOslOVfVa4BAMn5Uo_I4HmmhunMCSfv4vpHxCW7xJuKRMbQ,EUW1_7806366122
9kkr7CzKAQdDIAZ6pU8dFQSud6EgaqSSOslOVfVa4BAMn5Uo_I4HmmhunMCSfv4vpHxCW7xJuKRMbQ,EUW1_7806339746
qs6l1agIfsQFPgK5KnpWMN5VPmUNE4uh9nCbmpRfTe9oL1BbZ_pFrUUSmeI-uNqHun93RjmB82rT9w,EUW1_7813526092
qs6l1agIfsQFPgK5KnpWMN5VPmUNE4uh9nCbmpRfTe9oL1BbZ_pFrUUSmeI-uNqHun93RjmB82rT9w,EUW1_7813471276
qs6l1agIfsQFPgK5KnpWMN5VPmUNE4uh9nCbmpRfTe9oL1BbZ_pFrUUSmeI-uNqHun93RjmB82rT9w,EUW1_7813415882
qs6l1agIfsQFPgK5KnpWMN5VPmUNE4uh9nCbmpRfTe9oL1BbZ_pFrUUSmeI-uNqHun93RjmB82rT9w,EUW1_7813013614
qs6l1agIfsQFPgK5KnpWMN5VPmUNE4uh9nCbmpRfTe9oL1BbZ_pFrUUSmeI-uNqHun93RjmB82rT9w,EUW1_7812532469
qs6l1agIfsQFPgK5KnpWMN5VPmUNE4uh9nCbmpRfTe9oL1BbZ_pFrUUSmeI-uNqHun93RjmB82rT9w,EUW1_7812481003
qs6l1agIfsQFPgK5KnpWMN5VPmUNE4uh9nCbmpRfTe9oL1BbZ_pFrUUSmeI-uNqHun93RjmB82rT9w,EUW1_7810349791
qs6l1agIfsQFPgK5KnpWMN5VPmUNE4uh9nCbmpRfTe9oL1BbZ_pFrUUSmeI-uNqHun93RjmB82rT9w,EUW1_7810271869
qs6l1agIfsQFPgK5KnpWMN5VPmUNE4uh9nCbmpRfTe9oL1BbZ_pFrUUSmeI-uNqHun93RjmB82rT9w,EUW1_7810206610
qs6l1agIfsQFPgK5KnpWMN5VPmUNE4uh9nCbmpRfTe9oL1BbZ_pFrUUSmeI-uNqHun93RjmB82rT9w,EUW1_7810149138
Jh-UKDHOkhJJORqbMeB5nmEbabkr3Zt_flRsDoikLDCOSXtJZz3u1DpjYSPQs09y1sWSEyD37FDPVg,EUW1_7813735039
Jh-UKDHOkhJJORqbMeB5nmEbabkr3Zt_flRsDoikLDCOSXtJZz3u1DpjYSPQs09y1sWSEyD37FDPVg,EUW1_7813333602
Jh-UKDHOkhJJORqbMeB5nmEbabkr3Zt_flRsDoikLDCOSXtJZz3u1DpjYSPQs09y1sWSEyD37FDPVg,EUW1_7811346722
Jh-UKDHOkhJJORqbMeB5nmEbabkr3Zt_flRsDoikLDCOSXtJZz3u1DpjYSPQs09y1sWSEyD37FDPVg,EUW1_7811135848
Jh-UKDHOkhJJORqbMeB5nmEbabkr3Zt_flRsDoikLDCOSXtJZz3u1DpjYSPQs09y1sWSEyD37FDPVg,EUW1_7809193584
Jh-UKDHOkhJJORqbMeB5nmEbabkr3Zt_flRsDoikLDCOSXtJZz3u1DpjYSPQs09y1sWSEyD37FDPVg,EUW1_7809074866
Jh-UKDHOkhJJORqbMeB5nmEbabkr3Zt_flRsDoikLDCOSXtJZz3u1DpjYSPQs09y1sWSEyD37FDPVg,EUW1_7809044762
Jh-UKDHOkhJJORqbMeB5nmEbabkr3Zt_flRsDoikLDCOSXtJZz3u1DpjYSPQs09y1sWSEyD37FDPVg,EUW1_7808903735
Jh-UKDHOkhJJORqbMeB5nmEbabkr3Zt_flRsDoikLDCOSXtJZz3u1DpjYSPQs09y1sWSEyD37FDPVg,EUW1_7808845846
Jh-UKDHOkhJJORqbMeB5nmEbabkr3Zt_flRsDoikLDCOSXtJZz3u1DpjYSPQs09y1sWSEyD37FDPVg,EUW1_7808385979
hloDUJCCNR5NsKMw_eaT0P8hRurXzPbuEcgtYI9RV9vTAdLUUlowrsvzYLj3zgwXf326S_uuw0iYZA,EUW1_7813374576
hloDUJCCNR5NsKMw_eaT0P8hRurXzPbuEcgtYI9RV9vTAdLUUlowrsvzYLj3zgwXf326S_uuw0iYZA,EUW1_7813333602
hloDUJCCNR5NsKMw_eaT0P8hRurXzPbuEcgtYI9RV9vTAdLUUlowrsvzYLj3zgwXf326S_uuw0iYZA,EUW1_7812434951
hloDUJCCNR5NsKMw_eaT0P8hRurXzPbuEcgtYI9RV9vTAdLUUlowrsvzYLj3zgwXf326S_uuw0iYZA,EUW1_7812401951
hloDUJCCNR5NsKMw_eaT0P8hRurXzPbuEcgtYI9RV9vTAdLUUlowrsvzYLj3zgwXf326S_uuw0iYZA,EUW1_7811297371
hloDUJCCNR5NsKMw_eaT0P8hRurXzPbuEcgtYI9RV9vTAdLUUlowrsvzYLj3zgwXf326S_uuw0iYZA,EUW1_7811223953
hloDUJCCNR5NsKMw_eaT0P8hRurXzPbuEcgtYI9RV9vTAdLUUlowrsvzYLj3zgwXf326S_uuw0iYZA,EUW1_7811172328
hloDUJCCNR5NsKMw_eaT0P8hRurXzPbuEcgtYI9RV9vTAdLUUlowrsvzYLj3zgwXf326S_uuw0iYZA,EUW1_7811095906
hloDUJCCNR5NsKMw_eaT0P8hRurXzPbuEcgtYI9RV9vTAdLUUlowrsvzYLj3zgwXf326S_uuw0iYZA,EUW1_7811085719
hloDUJCCNR5NsKMw_eaT0P8hRurXzPbuEcgtYI9RV9vTAdLUUlowrsvzYLj3zgwXf326S_uuw0iYZA,EUW1_7810962415
imIVci2wN85fZdXZJXeul9yhfSE5zDH964sZQK6XqbUEvxSH-d9jYkIRpO6EPTA9sng0hWxZEKOCUg,EUW1_7813864278
imIVci2wN85fZdXZJXeul9yhfSE5zDH964sZQK6XqbUEvxSH-d9jYkIRpO6EPTA9sng0hWxZEKOCUg,EUW1_7813857303
imIVci2wN85fZdXZJXeul9yhfSE5zDH964sZQK6XqbUEvxSH-d9jYkIRpO6EPTA9sng0hWxZEKOCUg,EUW1_7813290606
imIVci2wN85fZdXZJXeul9yhfSE5zDH964sZQK6XqbUEvxSH-d9jYkIRpO6EPTA9sng0hWxZEKOCUg,EUW1_7813239364
imIVci2wN85fZdXZJXeul9yhfSE5zDH964sZQK6XqbUEvxSH-d9jYkIRpO6EPTA9sng0hWxZEKOCUg,EUW1_7813211890
imIVci2wN85fZdXZJXeul9yhfSE5zDH964sZQK6XqbUEvxSH-d9jYkIRpO6EPTA9sng0hWxZEKOCUg,EUW1_7813160938
imIVci2wN85fZdXZJXeul9yhfSE5zDH964sZQK6XqbUEvxSH-d9jYkIRpO6EPTA9sng0hWxZEKOCUg,EUW1_7812984968
imIVci2wN85fZdXZJXeul9yhfSE5zDH964sZQK6XqbUEvxSH-d9jYkIRpO6EPTA9sng0hWxZEKOCUg,EUW1_7812969143
imIVci2wN85fZdXZJXeul9yhfSE5zDH964sZQK6XqbUEvxSH-d9jYkIRpO6EPTA9sng0hWxZEKOCUg,EUW1_7812952085
imIVci2wN85fZdXZJXeul9yhfSE5zDH964sZQK6XqbUEvxSH-d9jYkIRpO6EPTA9sng0hWxZEKOCUg,EUW1_7811865743
ZsNDyC4WwM-2MyMStAPBFXIQHbfHmDeMbzNlC3hnkcwOw_NOlARGysTe3VC9DBv3BveHGysnoZtg8A,EUW1_7813875292
ZsNDyC4WwM-2MyMStAPBFXIQHbfHmDeMbzNlC3hnkcwOw_NOlARGysTe3VC9DBv3BveHGysnoZtg8A,EUW1_7813858014
ZsNDyC4WwM-2MyMStAPBFXIQHbfHmDeMbzNlC3hnkcwOw_NOlARGysTe3VC9DBv3BveHGysnoZtg8A,EUW1_7813036230
ZsNDyC4WwM-2MyMStAPBFXIQHbfHmDeMbzNlC3hnkcwOw_NOlARGysTe3VC9DBv3BveHGysnoZtg8A,EUW1_7812726077
ZsNDyC4WwM-2MyMStAPBFXIQHbfHmDeMbzNlC3hnkcwOw_NOlARGysTe3VC9DBv3BveHGysnoZtg8A,EUW1_7812689283
ZsNDyC4WwM-2MyMStAPBFXIQHbfHmDeMbzNlC3hnkcwOw_NOlARGysTe3VC9DBv3BveHGysnoZtg8A,EUW1_7812636073
ZsNDyC4WwM-2MyMStAPBFXIQHbfHmDeMbzNlC3hnkcwOw_NOlARGysTe3VC9DBv3BveHGysnoZtg8A,EUW1_7811944798
ZsNDyC4WwM-2MyMStAPBFXIQHbfHmDeMbzNlC3hnkcwOw_NOlARGysTe3VC9DBv3BveHGysnoZtg8A,EUW1_7811586590
ZsNDyC4WwM-2MyMStAPBFXIQHbfHmDeMbzNlC3hnkcwOw_NOlARGysTe3VC9DBv3BveHGysnoZtg8A,EUW1_7810697378
ZsNDyC4WwM-2MyMStAPBFXIQHbfHmDeMbzNlC3hnkcwOw_NOlARGysTe3VC9DBv3BveHGysnoZtg8A,EUW1_7810673023
mWg8DNFlvCNQPEtYmroiEg-COe69JxLtUFVpTnuzJsceI-J1k8sO_3-oLXh8y2cAZZHOi-fxy0RLlA,EUW1_7803029882
mWg8DNFlvCNQPEtYmroiEg-COe69JxLtUFVpTnuzJsceI-J1k8sO_3-oLXh8y2cAZZHOi-fxy0RLlA,EUW1_7802983049
mWg8DNFlvCNQPEtYmroiEg-COe69JxLtUFVpTnuzJsceI-J1k8sO_3-oLXh8y2cAZZHOi-fxy0RLlA,EUW1_7802964547
mWg8DNFlvCNQPEtYmroiEg-COe69JxLtUFVpTnuzJsceI-J1k8sO_3-oLXh8y2cAZZHOi-fxy0RLlA,EUW1_7801935931
mWg8DNFlvCNQPEtYmroiEg-COe69JxLtUFVpTnuzJsceI-J1k8sO_3-oLXh8y2cAZZHOi-fxy0RLlA,EUW1_7801897557
mWg8DNFlvCNQPEtYmroiEg-COe69JxLtUFVpTnuzJsceI-J1k8sO_3-oLXh8y2cAZZHOi-fxy0RLlA,EUW1_7801796277
mWg8DNFlvCNQPEtYmroiEg-COe69JxLtUFVpTnuzJsceI-J1k8sO_3-oLXh8y2cAZZHOi-fxy0RLlA,EUW1_7801758310
mWg8DNFlvCNQPEtYmroiEg-COe69JxLtUFVpTnuzJsceI-J1k8sO_3-oLXh8y2cAZZHOi-fxy0RLlA,EUW1_7801735647
mWg8DNFlvCNQPEtYmroiEg-COe69JxLtUFVpTnuzJsceI-J1k8sO_3-oLXh8y2cAZZHOi-fxy0RLlA,EUW1_7801688587
mWg8DNFlvCNQPEtYmroiEg-COe69JxLtUFVpTnuzJsceI-J1k8sO_3-oLXh8y2cAZZHOi-fxy0RLlA,EUW1_7798576786
Xm6l0aWGSAIFSqobfUJqUhfTpTxySGse2vbUy8eeyNNNo0yXd4JCOuslKW_4L-wqTX2sS-scrsh81A,EUW1_7813682653
Xm6l0aWGSAIFSqobfUJqUhfTpTxySGse2vbUy8eeyNNNo0yXd4JCOuslKW_4L-wqTX2sS-scrsh81A,EUW1_7813640143
Xm6l0aWGSAIFSqobfUJqUhfTpTxySGse2vbUy8eeyNNNo0yXd4JCOuslKW_4L-wqTX2sS-scrsh81A,EUW1_7813618537
Xm6l0aWGSAIFSqobfUJqUhfTpTxySGse2vbUy8eeyNNNo0yXd4JCOuslKW_4L-wqTX2sS-scrsh81A,EUW1_7813239364
Xm6l0aWGSAIFSqobfUJqUhfTpTxySGse2vbUy8eeyNNNo0yXd4JCOuslKW_4L-wqTX2sS-scrsh81A,EUW1_7813137815
Xm6l0aWGSAIFSqobfUJqUhfTpTxySGse2vbUy8eeyNNNo0yXd4JCOuslKW_4L-wqTX2sS-scrsh81A,EUW1_7813107145
Xm6l0aWGSAIFSqobfUJqUhfTpTxySGse2vbUy8eeyNNNo0yXd4JCOuslKW_4L-wqTX2sS-scrsh81A,EUW1_7813081522
Xm6l0aWGSAIFSqobfUJqUhfTpTxySGse2vbUy8eeyNNNo0yXd4JCOuslKW_4L-wqTX2sS-scrsh81A,EUW1_7812932883
Xm6l0aWGSAIFSqobfUJqUhfTpTxySGse2vbUy8eeyNNNo0yXd4JCOuslKW_4L-wqTX2sS-scrsh81A,EUW1_7812912085
Xm6l0aWGSAIFSqobfUJqUhfTpTxySGse2vbUy8eeyNNNo0yXd4JCOuslKW_4L-wqTX2sS-scrsh81A,EUW1_7812906484
ISxz9yktQXe30x0fx0JgXwyfkIFsoesAsqgh5H1uKfwJvgg_km2lqbEErd3F1lj-Pu9hW4n25YKbRw,EUW1_7807763657
ISxz9yktQXe30x0fx0JgXwyfkIFsoesAsqgh5H1uKfwJvgg_km2lqbEErd3F1lj-Pu9hW4n25YKbRw,EUW1_7807717337
ISxz9yktQXe30x0fx0JgXwyfkIFsoesAsqgh5H1uKfwJvgg_km2lqbEErd3F1lj-Pu9hW4n25YKbRw,EUW1_7807693105
ISxz9yktQXe30x0fx0JgXwyfkIFsoesAsqgh5H1uKfwJvgg_km2lqbEErd3F1lj-Pu9hW4n25YKbRw,EUW1_7807658795
ISxz9yktQXe30x0fx0JgXwyfkIFsoesAsqgh5H1uKfwJvgg_km2lqbEErd3F1lj-Pu9hW4n25YKbRw,EUW1_7807618446
ISxz9yktQXe30x0fx0JgXwyfkIFsoesAsqgh5H1uKfwJvgg_km2lqbEErd3F1lj-Pu9hW4n25YKbRw,EUW1_7807585390
ISxz9yktQXe30x0fx0JgXwyfkIFsoesAsqgh5H1uKfwJvgg_km2lqbEErd3F1lj-Pu9hW4n25YKbRw,EUW1_7807546764
ISxz9yktQXe30x0fx0JgXwyfkIFsoesAsqgh5H1uKfwJvgg_km2lqbEErd3F1lj-Pu9hW4n25YKbRw,EUW1_7807505314
ISxz9yktQXe30x0fx0JgXwyfkIFsoesAsqgh5H1uKfwJvgg_km2lqbEErd3F1lj-Pu9hW4n25YKbRw,EUW1_7807472171
ISxz9yktQXe30x0fx0JgXwyfkIFsoesAsqgh5H1uKfwJvgg_km2lqbEErd3F1lj-Pu9hW4n25YKbRw,EUW1_7805721927
K-vqjgpXvPItMq6TBCPtpqydZURlsoF2iyGuV_kylIgYEsImTKaAlvkiNHRHyu-lLm7eSc2iweBBAw,EUW1_7813702321
K-vqjgpXvPItMq6TBCPtpqydZURlsoF2iyGuV_kylIgYEsImTKaAlvkiNHRHyu-lLm7eSc2iweBBAw,EUW1_7813639671
K-vqjgpXvPItMq6TBCPtpqydZURlsoF2iyGuV_kylIgYEsImTKaAlvkiNHRHyu-lLm7eSc2iweBBAw,EUW1_7813195532
K-vqjgpXvPItMq6TBCPtpqydZURlsoF2iyGuV_kylIgYEsImTKaAlvkiNHRHyu-lLm7eSc2iweBBAw,EUW1_7813150597
K-vqjgpXvPItMq6TBCPtpqydZURlsoF2iyGuV_kylIgYEsImTKaAlvkiNHRHyu-lLm7eSc2iweBBAw,EUW1_7812762771
K-vqjgpXvPItMq6TBCPtpqydZURlsoF2iyGuV_kylIgYEsImTKaAlvkiNHRHyu-lLm7eSc2iweBBAw,EUW1_7812696674
K-vqjgpXvPItMq6TBCPtpqydZURlsoF2iyGuV_kylIgYEsImTKaAlvkiNHRHyu-lLm7eSc2iweBBAw,EUW1_7812640216
K-vqjgpXvPItMq6TBCPtpqydZURlsoF2iyGuV_kylIgYEsImTKaAlvkiNHRHyu-lLm7eSc2iweBBAw,EUW1_7812339965
K-vqjgpXvPItMq6TBCPtpqydZURlsoF2iyGuV_kylIgYEsImTKaAlvkiNHRHyu-lLm7eSc2iweBBAw,EUW1_7812257694
K-vqjgpXvPItMq6TBCPtpqydZURlsoF2iyGuV_kylIgYEsImTKaAlvkiNHRHyu-lLm7eSc2iweBBAw,EUW1_7811500064
a5yzq-6ZPDB-K-qulArHWgDP5BgzDPwhhMeLlDrYYqhJTO5WhrZk5tY8WGuCjW4S8jy3YvqFvAI4AA,EUW1_7813590878
a5yzq-6ZPDB-K-qulArHWgDP5BgzDPwhhMeLlDrYYqhJTO5WhrZk5tY8WGuCjW4S8jy3YvqFvAI4AA,EUW1_7813534005
a5yzq-6ZPDB-K-qulArHWgDP5BgzDPwhhMeLlDrYYqhJTO5WhrZk5tY8WGuCjW4S8jy3YvqFvAI4AA,EUW1_7813482960
a5yzq-6ZPDB-K-qulArHWgDP5BgzDPwhhMeLlDrYYqhJTO5WhrZk5tY8WGuCjW4S8jy3YvqFvAI4AA,EUW1_7813434649
a5yzq-6ZPDB-K-qulArHWgDP5BgzDPwhhMeLlDrYYqhJTO5WhrZk5tY8WGuCjW4S8jy3YvqFvAI4AA,EUW1_7812962720
a5yzq-6ZPDB-K-qulArHWgDP5BgzDPwhhMeLlDrYYqhJTO5WhrZk5tY8WGuCjW4S8jy3YvqFvAI4AA,EUW1_7812593851
a5yzq-6ZPDB-K-qulArHWgDP5BgzDPwhhMeLlDrYYqhJTO5WhrZk5tY8WGuCjW4S8jy3YvqFvAI4AA,EUW1_7812556686
a5yzq-6ZPDB-K-qulArHWgDP5BgzDPwhhMeLlDrYYqhJTO5WhrZk5tY8WGuCjW4S8jy3YvqFvAI4AA,EUW1_7812512293
a5yzq-6ZPDB-K-qulArHWgDP5BgzDPwhhMeLlDrYYqhJTO5WhrZk5tY8WGuCjW4S8jy3YvqFvAI4AA,EUW1_7812461696
a5yzq-6ZPDB-K-qulArHWgDP5BgzDPwhhMeLlDrYYqhJTO5WhrZk5tY8WGuCjW4S8jy3YvqFvAI4AA,EUW1_7811891502
VnP7LNWC6ly_Z7C9HSM6G_bIYnv9APUqra-oMaC4642jSBQQuyuRVYv8yAbJS_Ta4EeNBGmNo83JeQ,EUW1_7811948414
VnP7LNWC6ly_Z7C9HSM6G_bIYnv9APUqra-oMaC4642jSBQQuyuRVYv8yAbJS_Ta4EeNBGmNo83JeQ,EUW1_7811917184
VnP7LNWC6ly_Z7C9HSM6G_bIYnv9APUqra-oMaC4642jSBQQuyuRVYv8yAbJS_Ta4EeNBGmNo83JeQ,EUW1_7811885953
VnP7LNWC6ly_Z7C9HSM6G_bIYnv9APUqra-oMaC4642jSBQQuyuRVYv8yAbJS_Ta4EeNBGmNo83JeQ,EUW1_7811866723
VnP7LNWC6ly_Z7C9HSM6G_bIYnv9APUqra-oMaC4642jSBQQuyuRVYv8yAbJS_Ta4EeNBGmNo83JeQ,EUW1_7811106347
VnP7LNWC6ly_Z7C9HSM6G_bIYnv9APUqra-oMaC4642jSBQQuyuRVYv8yAbJS_Ta4EeNBGmNo83JeQ,EUW1_7811068967
VnP7LNWC6ly_Z7C9HSM6G_bIYnv9APUqra-oMaC4642jSBQQuyuRVYv8yAbJS_Ta4EeNBGmNo83JeQ,EUW1_7811021812
VnP7LNWC6ly_Z7C9HSM6G_bIYnv9APUqra-oMaC4642jSBQQuyuRVYv8yAbJS_Ta4EeNBGmNo83JeQ,EUW1_7810962415
VnP7LNWC6ly_Z7C9HSM6G_bIYnv9APUqra-oMaC4642jSBQQuyuRVYv8yAbJS_Ta4EeNBGmNo83JeQ,EUW1_7810921910
VnP7LNWC6ly_Z7C9HSM6G_bIYnv9APUqra-oMaC4642jSBQQuyuRVYv8yAbJS_Ta4EeNBGmNo83JeQ,EUW1_7810883191
LFBDUwOj9WY25XlqMJuSbHYV89tPX-6uNGibPRo6Na8gGz_i16tk8y0T-rvSqXtzvS_UrE_ggy4_OQ,EUW1_7813730727
LFBDUwOj9WY25XlqMJuSbHYV89tPX-6uNGibPRo6Na8gGz_i16tk8y0T-rvSqXtzvS_UrE_ggy4_OQ,EUW1_7813689715
LFBDUwOj9WY25XlqMJuSbHYV89tPX-6uNGibPRo6Na8gGz_i16tk8y0T-rvSqXtzvS_UrE_ggy4_OQ,EUW1_7813644871
LFBDUwOj9WY25XlqMJuSbHYV89tPX-6uNGibPRo6Na8gGz_i16tk8y0T-rvSqXtzvS_UrE_ggy4_OQ,EUW1_7813512467
LFBDUwOj9WY25XlqMJuSbHYV89tPX-6uNGibPRo6Na8gGz_i16tk8y0T-rvSqXtzvS_UrE_ggy4_OQ,EUW1_7813453498
LFBDUwOj9WY25XlqMJuSbHYV89tPX-6uNGibPRo6Na8gGz_i16tk8y0T-rvSqXtzvS_UrE_ggy4_OQ,EUW1_7812951241
LFBDUwOj9WY25XlqMJuSbHYV89tPX-6uNGibPRo6Na8gGz_i16tk8y0T-rvSqXtzvS_UrE_ggy4_OQ,EUW1_7812405161
LFBDUwOj9WY25XlqMJuSbHYV89tPX-6uNGibPRo6Na8gGz_i16tk8y0T-rvSqXtzvS_UrE_ggy4_OQ,EUW1_7811444161
LFBDUwOj9WY25XlqMJuSbHYV89tPX-6uNGibPRo6Na8gGz_i16tk8y0T-rvSqXtzvS_UrE_ggy4_OQ,EUW1_7811361839
LFBDUwOj9WY25XlqMJuSbHYV89tPX-6uNGibPRo6Na8gGz_i16tk8y0T-rvSqXtzvS_UrE_ggy4_OQ,EUW1_7811289514
CzYp5ktwnHwBxipGVQcx3NBxLLqmX9hdlr7yhlpf479WhnWHrQtT6EWoGfu325RB6ttSNT2APhk6dQ,EUW1_7813858736
CzYp5ktwnHwBxipGVQcx3NBxLLqmX9hdlr7yhlpf479WhnWHrQtT6EWoGfu325RB6ttSNT2APhk6dQ,EUW1_7813849639
CzYp5ktwnHwBxipGVQcx3NBxLLqmX9hdlr7yhlpf479WhnWHrQtT6EWoGfu325RB6ttSNT2APhk6dQ,EUW1_7813420204
CzYp5ktwnHwBxipGVQcx3NBxLLqmX9hdlr7yhlpf479WhnWHrQtT6EWoGfu325RB6ttSNT2APhk6dQ,EUW1_7813020866
CzYp5ktwnHwBxipGVQcx3NBxLLqmX9hdlr7yhlpf479WhnWHrQtT6EWoGfu325RB6ttSNT2APhk6dQ,EUW1_7812636073
CzYp5ktwnHwBxipGVQcx3NBxLLqmX9hdlr7yhlpf479WhnWHrQtT6EWoGfu325RB6ttSNT2APhk6dQ,EUW1_7812218490
CzYp5ktwnHwBxipGVQcx3NBxLLqmX9hdlr7yhlpf479WhnWHrQtT6EWoGfu325RB6ttSNT2APhk6dQ,EUW1_7809385506
CzYp5ktwnHwBxipGVQcx3NBxLLqmX9hdlr7yhlpf479WhnWHrQtT6EWoGfu325RB6ttSNT2APhk6dQ,EUW1_7809354031
CzYp5ktwnHwBxipGVQcx3NBxLLqmX9hdlr7yhlpf479WhnWHrQtT6EWoGfu325RB6ttSNT2APhk6dQ,EUW1_7808438062
CzYp5ktwnHwBxipGVQcx3NBxLLqmX9hdlr7yhlpf479WhnWHrQtT6EWoGfu325RB6ttSNT2APhk6dQ,EUW1_7808418900
llfR7yqoUtGbEApEgt8ib-q1aRZ_g96ixnvqGTreLrro0fZTBm-L7jI5EHAds7YXDjO8mVOvuhLmSw,EUW1_7813356135
llfR7yqoUtGbEApEgt8ib-q1aRZ_g96ixnvqGTreLrro0fZTBm-L7jI5EHAds7YXDjO8mVOvuhLmSw,EUW1_7813333602
llfR7yqoUtGbEApEgt8ib-q1aRZ_g96ixnvqGTreLrro0fZTBm-L7jI5EHAds7YXDjO8mVOvuhLmSw,EUW1_7813259198
llfR7yqoUtGbEApEgt8ib-q1aRZ_g96ixnvqGTreLrro0fZTBm-L7jI5EHAds7YXDjO8mVOvuhLmSw,EUW1_7813230030
llfR7yqoUtGbEApEgt8ib-q1aRZ_g96ixnvqGTreLrro0fZTBm-L7jI5EHAds7YXDjO8mVOvuhLmSw,EUW1_7812932883
llfR7yqoUtGbEApEgt8ib-q1aRZ_g96ixnvqGTreLrro0fZTBm-L7jI5EHAds7YXDjO8mVOvuhLmSw,EUW1_7812912085
llfR7yqoUtGbEApEgt8ib-q1aRZ_g96ixnvqGTreLrro0fZTBm-L7jI5EHAds7YXDjO8mVOvuhLmSw,EUW1_7812893954
llfR7yqoUtGbEApEgt8ib-q1aRZ_g96ixnvqGTreLrro0fZTBm-L7jI5EHAds7YXDjO8mVOvuhLmSw,EUW1_7810768347
llfR7yqoUtGbEApEgt8ib-q1aRZ_g96ixnvqGTreLrro0fZTBm-L7jI5EHAds7YXDjO8mVOvuhLmSw,EUW1_7810741702
llfR7yqoUtGbEApEgt8ib-q1aRZ_g96ixnvqGTreLrro0fZTBm-L7jI5EHAds7YXDjO8mVOvuhLmSw,EUW1_7810664754
khPc-IdTmt778ZDsArsOOmPmhkQg22lmgbmSw4EhNVXkZagrxUB0hVavZdepfbw9DbVpvv8TRR0b-A,EUW1_7812832693
khPc-IdTmt778ZDsArsOOmPmhkQg22lmgbmSw4EhNVXkZagrxUB0hVavZdepfbw9DbVpvv8TRR0b-A,EUW1_7812806892
khPc-IdTmt778ZDsArsOOmPmhkQg22lmgbmSw4EhNVXkZagrxUB0hVavZdepfbw9DbVpvv8TRR0b-A,EUW1_7812716587
khPc-IdTmt778ZDsArsOOmPmhkQg22lmgbmSw4EhNVXkZagrxUB0hVavZdepfbw9DbVpvv8TRR0b-A,EUW1_7812659985
khPc-IdTmt778ZDsArsOOmPmhkQg22lmgbmSw4EhNVXkZagrxUB0hVavZdepfbw9DbVpvv8TRR0b-A,EUW1_7812567886
khPc-IdTmt778ZDsArsOOmPmhkQg22lmgbmSw4EhNVXkZagrxUB0hVavZdepfbw9DbVpvv8TRR0b-A,EUW1_7812137074
khPc-IdTmt778ZDsArsOOmPmhkQg22lmgbmSw4EhNVXkZagrxUB0hVavZdepfbw9DbVpvv8TRR0b-A,EUW1_7811907150
khPc-IdTmt778ZDsArsOOmPmhkQg22lmgbmSw4EhNVXkZagrxUB0hVavZdepfbw9DbVpvv8TRR0b-A,EUW1_7811885953
khPc-IdTmt778ZDsArsOOmPmhkQg22lmgbmSw4EhNVXkZagrxUB0hVavZdepfbw9DbVpvv8TRR0b-A,EUW1_7810234563
khPc-IdTmt778ZDsArsOOmPmhkQg22lmgbmSw4EhNVXkZagrxUB0hVavZdepfbw9DbVpvv8TRR0b-A,EUW1_7810176151
Oa2a_LSLPqbrjLdL4vgRQowkilBdV6hw03KrbPqEpvwT-XKOud2WVOH4dsd-ScXqjKp2MKb45X94Zg,EUW1_7813710142
Oa2a_LSLPqbrjLdL4vgRQowkilBdV6hw03KrbPqEpvwT-XKOud2WVOH4dsd-ScXqjKp2MKb45X94Zg,EUW1_7813459761
Oa2a_LSLPqbrjLdL4vgRQowkilBdV6hw03KrbPqEpvwT-XKOud2WVOH4dsd-ScXqjKp2MKb45X94Zg,EUW1_7813416077
Oa2a_LSLPqbrjLdL4vgRQowkilBdV6hw03KrbPqEpvwT-XKOud2WVOH4dsd-ScXqjKp2MKb45X94Zg,EUW1_7813356135
Oa2a_LSLPqbrjLdL4vgRQowkilBdV6hw03KrbPqEpvwT-XKOud2WVOH4dsd-ScXqjKp2MKb45X94Zg,EUW1_7813333602
Oa2a_LSLPqbrjLdL4vgRQowkilBdV6hw03KrbPqEpvwT-XKOud2WVOH4dsd-ScXqjKp2MKb45X94Zg,EUW1_7812567886
Oa2a_LSLPqbrjLdL4vgRQowkilBdV6hw03KrbPqEpvwT-XKOud2WVOH4dsd-ScXqjKp2MKb45X94Zg,EUW1_7812393621
Oa2a_LSLPqbrjLdL4vgRQowkilBdV6hw03KrbPqEpvwT-XKOud2WVOH4dsd-ScXqjKp2MKb45X94Zg,EUW1_7812338257
Oa2a_LSLPqbrjLdL4vgRQowkilBdV6hw03KrbPqEpvwT-XKOud2WVOH4dsd-ScXqjKp2MKb45X94Zg,EUW1_7811946602
Oa2a_LSLPqbrjLdL4vgRQowkilBdV6hw03KrbPqEpvwT-XKOud2WVOH4dsd-ScXqjKp2MKb45X94Zg,EUW1_7811908413
25c_dNiWsZQZhWaD4HSijJsgANzjHdiTgmdq2hfIlECmULijgCFX1RgLaTGPW2STW0bEb2hBmS1v4A,EUW1_7813596884
25c_dNiWsZQZhWaD4HSijJsgANzjHdiTgmdq2hfIlECmULijgCFX1RgLaTGPW2STW0bEb2hBmS1v4A,EUW1_7813543821
25c_dNiWsZQZhWaD4HSijJsgANzjHdiTgmdq2hfIlECmULijgCFX1RgLaTGPW2STW0bEb2hBmS1v4A,EUW1_7812912628
25c_dNiWsZQZhWaD4HSijJsgANzjHdiTgmdq2hfIlECmULijgCFX1RgLaTGPW2STW0bEb2hBmS1v4A,EUW1_7812659985
25c_dNiWsZQZhWaD4HSijJsgANzjHdiTgmdq2hfIlECmULijgCFX1RgLaTGPW2STW0bEb2hBmS1v4A,EUW1_7812369216
25c_dNiWsZQZhWaD4HSijJsgANzjHdiTgmdq2hfIlECmULijgCFX1RgLaTGPW2STW0bEb2hBmS1v4A,EUW1_7812321080
25c_dNiWsZQZhWaD4HSijJsgANzjHdiTgmdq2hfIlECmULijgCFX1RgLaTGPW2STW0bEb2hBmS1v4A,EUW1_7812296497
25c_dNiWsZQZhWaD4HSijJsgANzjHdiTgmdq2hfIlECmULijgCFX1RgLaTGPW2STW0bEb2hBmS1v4A,EUW1_7812240630
25c_dNiWsZQZhWaD4HSijJsgANzjHdiTgmdq2hfIlECmULijgCFX1RgLaTGPW2STW0bEb2hBmS1v4A,EUW1_7811802219
25c_dNiWsZQZhWaD4HSijJsgANzjHdiTgmdq2hfIlECmULijgCFX1RgLaTGPW2STW0bEb2hBmS1v4A,EUW1_7811202915
9zmW-LJV9makX10YqV940taPEveaLopM7GPSvcepx8tuv_OCS1W4Gzv6x3O8Z3G25hrEG-kPzEg5Qg,EUW1_7813471766
9zmW-LJV9makX10YqV940taPEveaLopM7GPSvcepx8tuv_OCS1W4Gzv6x3O8Z3G25hrEG-kPzEg5Qg,EUW1_7813410963
9zmW-LJV9makX10YqV940taPEveaLopM7GPSvcepx8tuv_OCS1W4Gzv6x3O8Z3G25hrEG-kPzEg5Qg,EUW1_7813368326
9zmW-LJV9makX10YqV940taPEveaLopM7GPSvcepx8tuv_OCS1W4Gzv6x3O8Z3G25hrEG-kPzEg5Qg,EUW1_7813319735
9zmW-LJV9makX10YqV940taPEveaLopM7GPSvcepx8tuv_OCS1W4Gzv6x3O8Z3G25hrEG-kPzEg5Qg,EUW1_7813274128
9zmW-LJV9makX10YqV940taPEveaLopM7GPSvcepx8tuv_OCS1W4Gzv6x3O8Z3G25hrEG-kPzEg5Qg,EUW1_7813242317
9zmW-LJV9makX10YqV940taPEveaLopM7GPSvcepx8tuv_OCS1W4Gzv6x3O8Z3G25hrEG-kPzEg5Qg,EUW1_7813203742
9zmW-LJV9makX10YqV940taPEveaLopM7GPSvcepx8tuv_OCS1W4Gzv6x3O8Z3G25hrEG-kPzEg5Qg,EUW1_7813166634
9zmW-LJV9makX10YqV940taPEveaLopM7GPSvcepx8tuv_OCS1W4Gzv6x3O8Z3G25hrEG-kPzEg5Qg,EUW1_7812747309
9zmW-LJV9makX10YqV940taPEveaLopM7GPSvcepx8tuv_OCS1W4Gzv6x3O8Z3G25hrEG-kPzEg5Qg,EUW1_7812730684
uZcQeaY1oIqPTQIPwC1BayJRe9O8fRUppewop3uqov9yinxazmkX47-C9XuhUJvOhs2gwVgsfuitPw,EUW1_7813811825
uZcQeaY1oIqPTQIPwC1BayJRe9O8fRUppewop3uqov9yinxazmkX47-C9XuhUJvOhs2gwVgsfuitPw,EUW1_7813797164
uZcQeaY1oIqPTQIPwC1BayJRe9O8fRUppewop3uqov9yinxazmkX47-C9XuhUJvOhs2gwVgsfuitPw,EUW1_7813785027
uZcQeaY1oIqPTQIPwC1BayJRe9O8fRUppewop3uqov9yinxazmkX47-C9XuhUJvOhs2gwVgsfuitPw,EUW1_7813753113
uZcQeaY1oIqPTQIPwC1BayJRe9O8fRUppewop3uqov9yinxazmkX47-C9XuhUJvOhs2gwVgsfuitPw,EUW1_7813730727
uZcQeaY1oIqPTQIPwC1BayJRe9O8fRUppewop3uqov9yinxazmkX47-C9XuhUJvOhs2gwVgsfuitPw,EUW1_7813695792
uZcQeaY1oIqPTQIPwC1BayJRe9O8fRUppewop3uqov9yinxazmkX47-C9XuhUJvOhs2gwVgsfuitPw,EUW1_7813651000
uZcQeaY1oIqPTQIPwC1BayJRe9O8fRUppewop3uqov9yinxazmkX47-C9XuhUJvOhs2gwVgsfuitPw,EUW1_7812819507
uZcQeaY1oIqPTQIPwC1BayJRe9O8fRUppewop3uqov9yinxazmkX47-C9XuhUJvOhs2gwVgsfuitPw,EUW1_7812791289
uZcQeaY1oIqPTQIPwC1BayJRe9O8fRUppewop3uqov9yinxazmkX47-C9XuhUJvOhs2gwVgsfuitPw,EUW1_7812768441
oY_xxtOJqtsIMuRR-ls33QnVpKY4hofOPlVl92WaBnbtKGLRbyj4Tsp5qKERlUxHoabfFZQj_uNtIg,EUW1_7813871424
oY_xxtOJqtsIMuRR-ls33QnVpKY4hofOPlVl92WaBnbtKGLRbyj4Tsp5qKERlUxHoabfFZQj_uNtIg,EUW1_7808353389
oY_xxtOJqtsIMuRR-ls33QnVpKY4hofOPlVl92WaBnbtKGLRbyj4Tsp5qKERlUxHoabfFZQj_uNtIg,EUW1_7808331823
oY_xxtOJqtsIMuRR-ls33QnVpKY4hofOPlVl92WaBnbtKGLRbyj4Tsp5qKERlUxHoabfFZQj_uNtIg,EUW1_7808325921
oY_xxtOJqtsIMuRR-ls33QnVpKY4hofOPlVl92WaBnbtKGLRbyj4Tsp5qKERlUxHoabfFZQj_uNtIg,EUW1_7808307035
oY_xxtOJqtsIMuRR-ls33QnVpKY4hofOPlVl92WaBnbtKGLRbyj4Tsp5qKERlUxHoabfFZQj_uNtIg,EUW1_7808298784
oY_xxtOJqtsIMuRR-ls33QnVpKY4hofOPlVl92WaBnbtKGLRbyj4Tsp5qKERlUxHoabfFZQj_uNtIg,EUW1_7807219223
oY_xxtOJqtsIMuRR-ls33QnVpKY4hofOPlVl92WaBnbtKGLRbyj4Tsp5qKERlUxHoabfFZQj_uNtIg,EUW1_7807208730
oY_xxtOJqtsIMuRR-ls33QnVpKY4hofOPlVl92WaBnbtKGLRbyj4Tsp5qKERlUxHoabfFZQj_uNtIg,EUW1_7807196598
oY_xxtOJqtsIMuRR-ls33QnVpKY4hofOPlVl92WaBnbtKGLRbyj4Tsp5qKERlUxHoabfFZQj_uNtIg,EUW1_7806195328
sVBKhcpwvqIP11HQalZBytkvCnYX7fsVHTeF3vE06syVcFfjK0ilrj4JTQoRDg35JaJ0_sLmlF4MRw,EUW1_7813386902
sVBKhcpwvqIP11HQalZBytkvCnYX7fsVHTeF3vE06syVcFfjK0ilrj4JTQoRDg35JaJ0_sLmlF4MRw,EUW1_7813353003
sVBKhcpwvqIP11HQalZBytkvCnYX7fsVHTeF3vE06syVcFfjK0ilrj4JTQoRDg35JaJ0_sLmlF4MRw,EUW1_7813292184
sVBKhcpwvqIP11HQalZBytkvCnYX7fsVHTeF3vE06syVcFfjK0ilrj4JTQoRDg35JaJ0_sLmlF4MRw,EUW1_7813249830
sVBKhcpwvqIP11HQalZBytkvCnYX7fsVHTeF3vE06syVcFfjK0ilrj4JTQoRDg35JaJ0_sLmlF4MRw,EUW1_7813216769
sVBKhcpwvqIP11HQalZBytkvCnYX7fsVHTeF3vE06syVcFfjK0ilrj4JTQoRDg35JaJ0_sLmlF4MRw,EUW1_7813186457
sVBKhcpwvqIP11HQalZBytkvCnYX7fsVHTeF3vE06syVcFfjK0ilrj4JTQoRDg35JaJ0_sLmlF4MRw,EUW1_7813150597
sVBKhcpwvqIP11HQalZBytkvCnYX7fsVHTeF3vE06syVcFfjK0ilrj4JTQoRDg35JaJ0_sLmlF4MRw,EUW1_7813118763
sVBKhcpwvqIP11HQalZBytkvCnYX7fsVHTeF3vE06syVcFfjK0ilrj4JTQoRDg35JaJ0_sLmlF4MRw,EUW1_7811135848
sVBKhcpwvqIP11HQalZBytkvCnYX7fsVHTeF3vE06syVcFfjK0ilrj4JTQoRDg35JaJ0_sLmlF4MRw,EUW1_7811095906
t1cIpU8o1q64GDpcThzD_t98lxPD6gRGWy-eOZmeo60uGAyiAuwhFK6zwDNVO8i68qKNtnRwc10k8g,EUW1_7813176638
t1cIpU8o1q64GDpcThzD_t98lxPD6gRGWy-eOZmeo60uGAyiAuwhFK6zwDNVO8i68qKNtnRwc10k8g,EUW1_7813013614
t1cIpU8o1q64GDpcThzD_t98lxPD6gRGWy-eOZmeo60uGAyiAuwhFK6zwDNVO8i68qKNtnRwc10k8g,EUW1_7812705515
t1cIpU8o1q64GDpcThzD_t98lxPD6gRGWy-eOZmeo60uGAyiAuwhFK6zwDNVO8i68qKNtnRwc10k8g,EUW1_7812610847
t1cIpU8o1q64GDpcThzD_t98lxPD6gRGWy-eOZmeo60uGAyiAuwhFK6zwDNVO8i68qKNtnRwc10k8g,EUW1_7812556686
t1cIpU8o1q64GDpcThzD_t98lxPD6gRGWy-eOZmeo60uGAyiAuwhFK6zwDNVO8i68qKNtnRwc10k8g,EUW1_7812157029
t1cIpU8o1q64GDpcThzD_t98lxPD6gRGWy-eOZmeo60uGAyiAuwhFK6zwDNVO8i68qKNtnRwc10k8g,EUW1_7811373570
t1cIpU8o1q64GDpcThzD_t98lxPD6gRGWy-eOZmeo60uGAyiAuwhFK6zwDNVO8i68qKNtnRwc10k8g,EUW1_7810945830
t1cIpU8o1q64GDpcThzD_t98lxPD6gRGWy-eOZmeo60uGAyiAuwhFK6zwDNVO8i68qKNtnRwc10k8g,EUW1_7810905163
t1cIpU8o1q64GDpcThzD_t98lxPD6gRGWy-eOZmeo60uGAyiAuwhFK6zwDNVO8i68qKNtnRwc10k8g,EUW1_7810758518
x_s3dLcQedLBv24yalQA-dmFgK8chf5p7Of2KBoTpyxZEh6_c-u9sxiDv1vCVA15t0PkDGJ7NoJoDg,EUW1_7813471276
x_s3dLcQedLBv24yalQA-dmFgK8chf5p7Of2KBoTpyxZEh6_c-u9sxiDv1vCVA15t0PkDGJ7NoJoDg,EUW1_7812943970
x_s3dLcQedLBv24yalQA-dmFgK8chf5p7Of2KBoTpyxZEh6_c-u9sxiDv1vCVA15t0PkDGJ7NoJoDg,EUW1_7812922403
x_s3dLcQedLBv24yalQA-dmFgK8chf5p7Of2KBoTpyxZEh6_c-u9sxiDv1vCVA15t0PkDGJ7NoJoDg,EUW1_7812544000
x_s3dLcQedLBv24yalQA-dmFgK8chf5p7Of2KBoTpyxZEh6_c-u9sxiDv1vCVA15t0PkDGJ7NoJoDg,EUW1_7812480555
x_s3dLcQedLBv24yalQA-dmFgK8chf5p7Of2KBoTpyxZEh6_c-u9sxiDv1vCVA15t0PkDGJ7NoJoDg,EUW1_7811846604
x_s3dLcQedLBv24yalQA-dmFgK8chf5p7Of2KBoTpyxZEh6_c-u9sxiDv1vCVA15t0PkDGJ7NoJoDg,EUW1_7811823367
x_s3dLcQedLBv24yalQA-dmFgK8chf5p7Of2KBoTpyxZEh6_c-u9sxiDv1vCVA15t0PkDGJ7NoJoDg,EUW1_7811223560
x_s3dLcQedLBv24yalQA-dmFgK8chf5p7Of2KBoTpyxZEh6_c-u9sxiDv1vCVA15t0PkDGJ7NoJoDg,EUW1_7811172356
x_s3dLcQedLBv24yalQA-dmFgK8chf5p7Of2KBoTpyxZEh6_c-u9sxiDv1vCVA15t0PkDGJ7NoJoDg,EUW1_7811134422
6sw8tt7XeWtRtja2xZyIjLuVataocLjmfBpV0OqO0g5vEZCcuLBM68FauxaoNx-4dTDNSWloISahgg,EUW1_7813573457
6sw8tt7XeWtRtja2xZyIjLuVataocLjmfBpV0OqO0g5vEZCcuLBM68FauxaoNx-4dTDNSWloISahgg,EUW1_7813521386
6sw8tt7XeWtRtja2xZyIjLuVataocLjmfBpV0OqO0g5vEZCcuLBM68FauxaoNx-4dTDNSWloISahgg,EUW1_7813232994
6sw8tt7XeWtRtja2xZyIjLuVataocLjmfBpV0OqO0g5vEZCcuLBM68FauxaoNx-4dTDNSWloISahgg,EUW1_7813193274
6sw8tt7XeWtRtja2xZyIjLuVataocLjmfBpV0OqO0g5vEZCcuLBM68FauxaoNx-4dTDNSWloISahgg,EUW1_7813164767
6sw8tt7XeWtRtja2xZyIjLuVataocLjmfBpV0OqO0g5vEZCcuLBM68FauxaoNx-4dTDNSWloISahgg,EUW1_7813130922
6sw8tt7XeWtRtja2xZyIjLuVataocLjmfBpV0OqO0g5vEZCcuLBM68FauxaoNx-4dTDNSWloISahgg,EUW1_7813095088
6sw8tt7XeWtRtja2xZyIjLuVataocLjmfBpV0OqO0g5vEZCcuLBM68FauxaoNx-4dTDNSWloISahgg,EUW1_7813063510
6sw8tt7XeWtRtja2xZyIjLuVataocLjmfBpV0OqO0g5vEZCcuLBM68FauxaoNx-4dTDNSWloISahgg,EUW1_7813041691
6sw8tt7XeWtRtja2xZyIjLuVataocLjmfBpV0OqO0g5vEZCcuLBM68FauxaoNx-4dTDNSWloISahgg,EUW1_7813013614
yNvsl9Fu6hB6hzE7AulOy3vgHuMdqzNDLF3VedR6zzWjsTsfD0HeGQV4EhNjswf3WllrdM96BKVVzw,EUW1_7812593851
yNvsl9Fu6hB6hzE7AulOy3vgHuMdqzNDLF3VedR6zzWjsTsfD0HeGQV4EhNjswf3WllrdM96BKVVzw,EUW1_7812528946
yNvsl9Fu6hB6hzE7AulOy3vgHuMdqzNDLF3VedR6zzWjsTsfD0HeGQV4EhNjswf3WllrdM96BKVVzw,EUW1_7812467139
yNvsl9Fu6hB6hzE7AulOy3vgHuMdqzNDLF3VedR6zzWjsTsfD0HeGQV4EhNjswf3WllrdM96BKVVzw,EUW1_7812431049
yNvsl9Fu6hB6hzE7AulOy3vgHuMdqzNDLF3VedR6zzWjsTsfD0HeGQV4EhNjswf3WllrdM96BKVVzw,EUW1_7811467070
yNvsl9Fu6hB6hzE7AulOy3vgHuMdqzNDLF3VedR6zzWjsTsfD0HeGQV4EhNjswf3WllrdM96BKVVzw,EUW1_7811248317
yNvsl9Fu6hB6hzE7AulOy3vgHuMdqzNDLF3VedR6zzWjsTsfD0HeGQV4EhNjswf3WllrdM96BKVVzw,EUW1_7811176348
yNvsl9Fu6hB6hzE7AulOy3vgHuMdqzNDLF3VedR6zzWjsTsfD0HeGQV4EhNjswf3WllrdM96BKVVzw,EUW1_7811021812
yNvsl9Fu6hB6hzE7AulOy3vgHuMdqzNDLF3VedR6zzWjsTsfD0HeGQV4EhNjswf3WllrdM96BKVVzw,EUW1_7810993721
yNvsl9Fu6hB6hzE7AulOy3vgHuMdqzNDLF3VedR6zzWjsTsfD0HeGQV4EhNjswf3WllrdM96BKVVzw,EUW1_7810209788
Qp1ql65eZiD-erOUIWclqFLAtPn8qnnCAfWVgvgxZbTP2f8dRSVcIu-aLThG8WgT-uPjOVvsI4QNAw,EUW1_7813756520
Qp1ql65eZiD-erOUIWclqFLAtPn8qnnCAfWVgvgxZbTP2f8dRSVcIu-aLThG8WgT-uPjOVvsI4QNAw,EUW1_7813682653
Qp1ql65eZiD-erOUIWclqFLAtPn8qnnCAfWVgvgxZbTP2f8dRSVcIu-aLThG8WgT-uPjOVvsI4QNAw,EUW1_7813619977
Qp1ql65eZiD-erOUIWclqFLAtPn8qnnCAfWVgvgxZbTP2f8dRSVcIu-aLThG8WgT-uPjOVvsI4QNAw,EUW1_7812651260
Qp1ql65eZiD-erOUIWclqFLAtPn8qnnCAfWVgvgxZbTP2f8dRSVcIu-aLThG8WgT-uPjOVvsI4QNAw,EUW1_7810964665
Qp1ql65eZiD-erOUIWclqFLAtPn8qnnCAfWVgvgxZbTP2f8dRSVcIu-aLThG8WgT-uPjOVvsI4QNAw,EUW1_7810921910
Qp1ql65eZiD-erOUIWclqFLAtPn8qnnCAfWVgvgxZbTP2f8dRSVcIu-aLThG8WgT-uPjOVvsI4QNAw,EUW1_7810880648
Qp1ql65eZiD-erOUIWclqFLAtPn8qnnCAfWVgvgxZbTP2f8dRSVcIu-aLThG8WgT-uPjOVvsI4QNAw,EUW1_7810868855
Qp1ql65eZiD-erOUIWclqFLAtPn8qnnCAfWVgvgxZbTP2f8dRSVcIu-aLThG8WgT-uPjOVvsI4QNAw,EUW1_7810833911
Qp1ql65eZiD-erOUIWclqFLAtPn8qnnCAfWVgvgxZbTP2f8dRSVcIu-aLThG8WgT-uPjOVvsI4QNAw,EUW1_7810738939
uFtKfHSuCX7ERXLSh4bk_h8UgK9BD8EcCje3dU5Gr0PwhhCnBzsJp9sD8vfO8fBG8pkYXOpKI1g35A,EUW1_7813164767
uFtKfHSuCX7ERXLSh4bk_h8UgK9BD8EcCje3dU5Gr0PwhhCnBzsJp9sD8vfO8fBG8pkYXOpKI1g35A,EUW1_7813146734
uFtKfHSuCX7ERXLSh4bk_h8UgK9BD8EcCje3dU5Gr0PwhhCnBzsJp9sD8vfO8fBG8pkYXOpKI1g35A,EUW1_7813095088
uFtKfHSuCX7ERXLSh4bk_h8UgK9BD8EcCje3dU5Gr0PwhhCnBzsJp9sD8vfO8fBG8pkYXOpKI1g35A,EUW1_7813057298
uFtKfHSuCX7ERXLSh4bk_h8UgK9BD8EcCje3dU5Gr0PwhhCnBzsJp9sD8vfO8fBG8pkYXOpKI1g35A,EUW1_7813033667
uFtKfHSuCX7ERXLSh4bk_h8UgK9BD8EcCje3dU5Gr0PwhhCnBzsJp9sD8vfO8fBG8pkYXOpKI1g35A,EUW1_7812064947
uFtKfHSuCX7ERXLSh4bk_h8UgK9BD8EcCje3dU5Gr0PwhhCnBzsJp9sD8vfO8fBG8pkYXOpKI1g35A,EUW1_7812034558
uFtKfHSuCX7ERXLSh4bk_h8UgK9BD8EcCje3dU5Gr0PwhhCnBzsJp9sD8vfO8fBG8pkYXOpKI1g35A,EUW1_7811992549
uFtKfHSuCX7ERXLSh4bk_h8UgK9BD8EcCje3dU5Gr0PwhhCnBzsJp9sD8vfO8fBG8pkYXOpKI1g35A,EUW1_7811951561
uFtKfHSuCX7ERXLSh4bk_h8UgK9BD8EcCje3dU5Gr0PwhhCnBzsJp9sD8vfO8fBG8pkYXOpKI1g35A,EUW1_7811908413
7yygiJ_Twso31BD0ayz9znGrbxzuErNqSei7_i2ohfQIRNpwqVQ3dSL0Drsdt8vLTy9lsygo3IW1QA,EUW1_7812704248
7yygiJ_Twso31BD0ayz9znGrbxzuErNqSei7_i2ohfQIRNpwqVQ3dSL0Drsdt8vLTy9lsygo3IW1QA,EUW1_7812641901
7yygiJ_Twso31BD0ayz9znGrbxzuErNqSei7_i2ohfQIRNpwqVQ3dSL0Drsdt8vLTy9lsygo3IW1QA,EUW1_7812590832
7yygiJ_Twso31BD0ayz9znGrbxzuErNqSei7_i2ohfQIRNpwqVQ3dSL0Drsdt8vLTy9lsygo3IW1QA,EUW1_7812491250
7yygiJ_Twso31BD0ayz9znGrbxzuErNqSei7_i2ohfQIRNpwqVQ3dSL0Drsdt8vLTy9lsygo3IW1QA,EUW1_7812444749
7yygiJ_Twso31BD0ayz9znGrbxzuErNqSei7_i2ohfQIRNpwqVQ3dSL0Drsdt8vLTy9lsygo3IW1QA,EUW1_7812393621
7yygiJ_Twso31BD0ayz9znGrbxzuErNqSei7_i2ohfQIRNpwqVQ3dSL0Drsdt8vLTy9lsygo3IW1QA,EUW1_7812338257
7yygiJ_Twso31BD0ayz9znGrbxzuErNqSei7_i2ohfQIRNpwqVQ3dSL0Drsdt8vLTy9lsygo3IW1QA,EUW1_7812304355
7yygiJ_Twso31BD0ayz9znGrbxzuErNqSei7_i2ohfQIRNpwqVQ3dSL0Drsdt8vLTy9lsygo3IW1QA,EUW1_7812256378
7yygiJ_Twso31BD0ayz9znGrbxzuErNqSei7_i2ohfQIRNpwqVQ3dSL0Drsdt8vLTy9lsygo3IW1QA,EUW1_7812203083
Og3ywdgQJ5LDsi6KgLAJ7kZM5KFnWnI36yHpMtNipZkzxojVhpXX2kOeEBodrkxbTHC6Kc_JArs_TA,EUW1_7808593538
Og3ywdgQJ5LDsi6KgLAJ7kZM5KFnWnI36yHpMtNipZkzxojVhpXX2kOeEBodrkxbTHC6Kc_JArs_TA,EUW1_7808542367
Og3ywdgQJ5LDsi6KgLAJ7kZM5KFnWnI36yHpMtNipZkzxojVhpXX2kOeEBodrkxbTHC6Kc_JArs_TA,EUW1_7808509809
Og3ywdgQJ5LDsi6KgLAJ7kZM5KFnWnI36yHpMtNipZkzxojVhpXX2kOeEBodrkxbTHC6Kc_JArs_TA,EUW1_7808466859
Og3ywdgQJ5LDsi6KgLAJ7kZM5KFnWnI36yHpMtNipZkzxojVhpXX2kOeEBodrkxbTHC6Kc_JArs_TA,EUW1_7807901695
Og3ywdgQJ5LDsi6KgLAJ7kZM5KFnWnI36yHpMtNipZkzxojVhpXX2kOeEBodrkxbTHC6Kc_JArs_TA,EUW1_7807799363
Og3ywdgQJ5LDsi6KgLAJ7kZM5KFnWnI36yHpMtNipZkzxojVhpXX2kOeEBodrkxbTHC6Kc_JArs_TA,EUW1_7807768824
Og3ywdgQJ5LDsi6KgLAJ7kZM5KFnWnI36yHpMtNipZkzxojVhpXX2kOeEBodrkxbTHC6Kc_JArs_TA,EUW1_7807605778
Og3ywdgQJ5LDsi6KgLAJ7kZM5KFnWnI36yHpMtNipZkzxojVhpXX2kOeEBodrkxbTHC6Kc_JArs_TA,EUW1_7807482961
Og3ywdgQJ5LDsi6KgLAJ7kZM5KFnWnI36yHpMtNipZkzxojVhpXX2kOeEBodrkxbTHC6Kc_JArs_TA,EUW1_7807445173
YMpplcMC4AaZcxH9LG4gAqy4n2wjrA5f9SjESi8_TSzFCK6eqlxy1Nj1h0yiTk2uN6VY4neoV-XRAA,EUW1_7813876297
YMpplcMC4AaZcxH9LG4gAqy4n2wjrA5f9SjESi8_TSzFCK6eqlxy1Nj1h0yiTk2uN6VY4neoV-XRAA,EUW1_7813380771
YMpplcMC4AaZcxH9LG4gAqy4n2wjrA5f9SjESi8_TSzFCK6eqlxy1Nj1h0yiTk2uN6VY4neoV-XRAA,EUW1_7810697378
YMpplcMC4AaZcxH9LG4gAqy4n2wjrA5f9SjESi8_TSzFCK6eqlxy1Nj1h0yiTk2uN6VY4neoV-XRAA,EUW1_7810696135
YMpplcMC4AaZcxH9LG4gAqy4n2wjrA5f9SjESi8_TSzFCK6eqlxy1Nj1h0yiTk2uN6VY4neoV-XRAA,EUW1_7810673023
YMpplcMC4AaZcxH9LG4gAqy4n2wjrA5f9SjESi8_TSzFCK6eqlxy1Nj1h0yiTk2uN6VY4neoV-XRAA,EUW1_7810657113
YMpplcMC4AaZcxH9LG4gAqy4n2wjrA5f9SjESi8_TSzFCK6eqlxy1Nj1h0yiTk2uN6VY4neoV-XRAA,EUW1_7810176151
YMpplcMC4AaZcxH9LG4gAqy4n2wjrA5f9SjESi8_TSzFCK6eqlxy1Nj1h0yiTk2uN6VY4neoV-XRAA,EUW1_7810145998
YMpplcMC4AaZcxH9LG4gAqy4n2wjrA5f9SjESi8_TSzFCK6eqlxy1Nj1h0yiTk2uN6VY4neoV-XRAA,EUW1_7810039713
YMpplcMC4AaZcxH9LG4gAqy4n2wjrA5f9SjESi8_TSzFCK6eqlxy1Nj1h0yiTk2uN6VY4neoV-XRAA,EUW1_7810002977
DTBO7n48F0dg4kYfma4wrXpiMHVwK1b3u8JFj67XezLZ6raMdGQh2Lnq18H9yRLux8qNEQNdxIKZ6Q,EUW1_7813512467
DTBO7n48F0dg4kYfma4wrXpiMHVwK1b3u8JFj67XezLZ6raMdGQh2Lnq18H9yRLux8qNEQNdxIKZ6Q,EUW1_7813471276
DTBO7n48F0dg4kYfma4wrXpiMHVwK1b3u8JFj67XezLZ6raMdGQh2Lnq18H9yRLux8qNEQNdxIKZ6Q,EUW1_7813016220
DTBO7n48F0dg4kYfma4wrXpiMHVwK1b3u8JFj67XezLZ6raMdGQh2Lnq18H9yRLux8qNEQNdxIKZ6Q,EUW1_7812962720
DTBO7n48F0dg4kYfma4wrXpiMHVwK1b3u8JFj67XezLZ6raMdGQh2Lnq18H9yRLux8qNEQNdxIKZ6Q,EUW1_7812940220
DTBO7n48F0dg4kYfma4wrXpiMHVwK1b3u8JFj67XezLZ6raMdGQh2Lnq18H9yRLux8qNEQNdxIKZ6Q,EUW1_7812926647
DTBO7n48F0dg4kYfma4wrXpiMHVwK1b3u8JFj67XezLZ6raMdGQh2Lnq18H9yRLux8qNEQNdxIKZ6Q,EUW1_7812910980
DTBO7n48F0dg4kYfma4wrXpiMHVwK1b3u8JFj67XezLZ6raMdGQh2Lnq18H9yRLux8qNEQNdxIKZ6Q,EUW1_7811249661
DTBO7n48F0dg4kYfma4wrXpiMHVwK1b3u8JFj67XezLZ6raMdGQh2Lnq18H9yRLux8qNEQNdxIKZ6Q,EUW1_7811202915
DTBO7n48F0dg4kYfma4wrXpiMHVwK1b3u8JFj67XezLZ6raMdGQh2Lnq18H9yRLux8qNEQNdxIKZ6Q,EUW1_7811172328
VmZlCjqgIZQK6e3cNxV3DIoo0TNRDa41IeqsdHoHgpqI3ntXnWujhw7o_dMOB3ljbsxgHIC7rn-JFg,EUW1_7812213231
VmZlCjqgIZQK6e3cNxV3DIoo0TNRDa41IeqsdHoHgpqI3ntXnWujhw7o_dMOB3ljbsxgHIC7rn-JFg,EUW1_7812170514
VmZlCjqgIZQK6e3cNxV3DIoo0TNRDa41IeqsdHoHgpqI3ntXnWujhw7o_dMOB3ljbsxgHIC7rn-JFg,EUW1_7812120989
VmZlCjqgIZQK6e3cNxV3DIoo0TNRDa41IeqsdHoHgpqI3ntXnWujhw7o_dMOB3ljbsxgHIC7rn-JFg,EUW1_7808526633
VmZlCjqgIZQK6e3cNxV3DIoo0TNRDa41IeqsdHoHgpqI3ntXnWujhw7o_dMOB3ljbsxgHIC7rn-JFg,EUW1_7807458086
VmZlCjqgIZQK6e3cNxV3DIoo0TNRDa41IeqsdHoHgpqI3ntXnWujhw7o_dMOB3ljbsxgHIC7rn-JFg,EUW1_7807344941
VmZlCjqgIZQK6e3cNxV3DIoo0TNRDa41IeqsdHoHgpqI3ntXnWujhw7o_dMOB3ljbsxgHIC7rn-JFg,EUW1_7806591640
VmZlCjqgIZQK6e3cNxV3DIoo0TNRDa41IeqsdHoHgpqI3ntXnWujhw7o_dMOB3ljbsxgHIC7rn-JFg,EUW1_7806540089
VmZlCjqgIZQK6e3cNxV3DIoo0TNRDa41IeqsdHoHgpqI3ntXnWujhw7o_dMOB3ljbsxgHIC7rn-JFg,EUW1_7806500282
VmZlCjqgIZQK6e3cNxV3DIoo0TNRDa41IeqsdHoHgpqI3ntXnWujhw7o_dMOB3ljbsxgHIC7rn-JFg,EUW1_7806334421
gqvSgeHIbvGk3SNGrIDBkMDJDgWnuSRTG1Mz-pUuGCo_mNGdqvEYdudopKjY7zaJqujeNsecDzMJHw,EUW1_7812685290
gqvSgeHIbvGk3SNGrIDBkMDJDgWnuSRTG1Mz-pUuGCo_mNGdqvEYdudopKjY7zaJqujeNsecDzMJHw,EUW1_7812625835
gqvSgeHIbvGk3SNGrIDBkMDJDgWnuSRTG1Mz-pUuGCo_mNGdqvEYdudopKjY7zaJqujeNsecDzMJHw,EUW1_7812572868
gqvSgeHIbvGk3SNGrIDBkMDJDgWnuSRTG1Mz-pUuGCo_mNGdqvEYdudopKjY7zaJqujeNsecDzMJHw,EUW1_7811939172
gqvSgeHIbvGk3SNGrIDBkMDJDgWnuSRTG1Mz-pUuGCo_mNGdqvEYdudopKjY7zaJqujeNsecDzMJHw,EUW1_7811172328
gqvSgeHIbvGk3SNGrIDBkMDJDgWnuSRTG1Mz-pUuGCo_mNGdqvEYdudopKjY7zaJqujeNsecDzMJHw,EUW1_7810301418
gqvSgeHIbvGk3SNGrIDBkMDJDgWnuSRTG1Mz-pUuGCo_mNGdqvEYdudopKjY7zaJqujeNsecDzMJHw,EUW1_7810283467
gqvSgeHIbvGk3SNGrIDBkMDJDgWnuSRTG1Mz-pUuGCo_mNGdqvEYdudopKjY7zaJqujeNsecDzMJHw,EUW1_7810242255
gqvSgeHIbvGk3SNGrIDBkMDJDgWnuSRTG1Mz-pUuGCo_mNGdqvEYdudopKjY7zaJqujeNsecDzMJHw,EUW1_7810166485
gqvSgeHIbvGk3SNGrIDBkMDJDgWnuSRTG1Mz-pUuGCo_mNGdqvEYdudopKjY7zaJqujeNsecDzMJHw,EUW1_7810061939
WtsPs339UFXW8Z0q4B3CM7aqVQ2b7UvlZ6zoSgXw6WuoX2eQ78RV1OH3lwqlcJHOovq7X6QY5CvrmA,EUW1_7811430071
WtsPs339UFXW8Z0q4B3CM7aqVQ2b7UvlZ6zoSgXw6WuoX2eQ78RV1OH3lwqlcJHOovq7X6QY5CvrmA,EUW1_7811360187
WtsPs339UFXW8Z0q4B3CM7aqVQ2b7UvlZ6zoSgXw6WuoX2eQ78RV1OH3lwqlcJHOovq7X6QY5CvrmA,EUW1_7810118517
WtsPs339UFXW8Z0q4B3CM7aqVQ2b7UvlZ6zoSgXw6WuoX2eQ78RV1OH3lwqlcJHOovq7X6QY5CvrmA,EUW1_7805979206
WtsPs339UFXW8Z0q4B3CM7aqVQ2b7UvlZ6zoSgXw6WuoX2eQ78RV1OH3lwqlcJHOovq7X6QY5CvrmA,EUW1_7805958810
WtsPs339UFXW8Z0q4B3CM7aqVQ2b7UvlZ6zoSgXw6WuoX2eQ78RV1OH3lwqlcJHOovq7X6QY5CvrmA,EUW1_7805906586
WtsPs339UFXW8Z0q4B3CM7aqVQ2b7UvlZ6zoSgXw6WuoX2eQ78RV1OH3lwqlcJHOovq7X6QY5CvrmA,EUW1_7805834121
WtsPs339UFXW8Z0q4B3CM7aqVQ2b7UvlZ6zoSgXw6WuoX2eQ78RV1OH3lwqlcJHOovq7X6QY5CvrmA,EUW1_7805082491
WtsPs339UFXW8Z0q4B3CM7aqVQ2b7UvlZ6zoSgXw6WuoX2eQ78RV1OH3lwqlcJHOovq7X6QY5CvrmA,EUW1_7805068592
WtsPs339UFXW8Z0q4B3CM7aqVQ2b7UvlZ6zoSgXw6WuoX2eQ78RV1OH3lwqlcJHOovq7X6QY5CvrmA,EUW1_7805054263
wY4pMq7R7ac7QcSftzWqyiMRSFaCfM88Kl49QUhFk0cE5uVZ-c4cy8ueo1IBzzrcrmaLlUDnwOXB-A,EUW1_7813274128
wY4pMq7R7ac7QcSftzWqyiMRSFaCfM88Kl49QUhFk0cE5uVZ-c4cy8ueo1IBzzrcrmaLlUDnwOXB-A,EUW1_7813186457
wY4pMq7R7ac7QcSftzWqyiMRSFaCfM88Kl49QUhFk0cE5uVZ-c4cy8ueo1IBzzrcrmaLlUDnwOXB-A,EUW1_7813160938
wY4pMq7R7ac7QcSftzWqyiMRSFaCfM88Kl49QUhFk0cE5uVZ-c4cy8ueo1IBzzrcrmaLlUDnwOXB-A,EUW1_7813118763
wY4pMq7R7ac7QcSftzWqyiMRSFaCfM88Kl49QUhFk0cE5uVZ-c4cy8ueo1IBzzrcrmaLlUDnwOXB-A,EUW1_7813054245
wY4pMq7R7ac7QcSftzWqyiMRSFaCfM88Kl49QUhFk0cE5uVZ-c4cy8ueo1IBzzrcrmaLlUDnwOXB-A,EUW1_7813028841
wY4pMq7R7ac7QcSftzWqyiMRSFaCfM88Kl49QUhFk0cE5uVZ-c4cy8ueo1IBzzrcrmaLlUDnwOXB-A,EUW1_7813006584
wY4pMq7R7ac7QcSftzWqyiMRSFaCfM88Kl49QUhFk0cE5uVZ-c4cy8ueo1IBzzrcrmaLlUDnwOXB-A,EUW1_7812188076
wY4pMq7R7ac7QcSftzWqyiMRSFaCfM88Kl49QUhFk0cE5uVZ-c4cy8ueo1IBzzrcrmaLlUDnwOXB-A,EUW1_7812143247
wY4pMq7R7ac7QcSftzWqyiMRSFaCfM88Kl49QUhFk0cE5uVZ-c4cy8ueo1IBzzrcrmaLlUDnwOXB-A,EUW1_7812103742
DGBkgyt2zAOqEBwZLFajIXHXr-Hd240xnYlMHouflGoz6YxtBA7ahPPkElfdyW2sUwv2gQtvZgw6dQ,EUW1_7813710142
DGBkgyt2zAOqEBwZLFajIXHXr-Hd240xnYlMHouflGoz6YxtBA7ahPPkElfdyW2sUwv2gQtvZgw6dQ,EUW1_7813639671
DGBkgyt2zAOqEBwZLFajIXHXr-Hd240xnYlMHouflGoz6YxtBA7ahPPkElfdyW2sUwv2gQtvZgw6dQ,EUW1_7813596925
DGBkgyt2zAOqEBwZLFajIXHXr-Hd240xnYlMHouflGoz6YxtBA7ahPPkElfdyW2sUwv2gQtvZgw6dQ,EUW1_7813499639
DGBkgyt2zAOqEBwZLFajIXHXr-Hd240xnYlMHouflGoz6YxtBA7ahPPkElfdyW2sUwv2gQtvZgw6dQ,EUW1_7813449588
DGBkgyt2zAOqEBwZLFajIXHXr-Hd240xnYlMHouflGoz6YxtBA7ahPPkElfdyW2sUwv2gQtvZgw6dQ,EUW1_7813416077
DGBkgyt2zAOqEBwZLFajIXHXr-Hd240xnYlMHouflGoz6YxtBA7ahPPkElfdyW2sUwv2gQtvZgw6dQ,EUW1_7808627674
DGBkgyt2zAOqEBwZLFajIXHXr-Hd240xnYlMHouflGoz6YxtBA7ahPPkElfdyW2sUwv2gQtvZgw6dQ,EUW1_7808584824
DGBkgyt2zAOqEBwZLFajIXHXr-Hd240xnYlMHouflGoz6YxtBA7ahPPkElfdyW2sUwv2gQtvZgw6dQ,EUW1_7808542367
DGBkgyt2zAOqEBwZLFajIXHXr-Hd240xnYlMHouflGoz6YxtBA7ahPPkElfdyW2sUwv2gQtvZgw6dQ,EUW1_7808505728
t_qIvRepTjw0kyzVrLnPCDLNEJF7rN5OlsOxGF6o92Az53jE5eYeSrCk2SwoaRxapiHwwkb84-M4Hg,EUW1_7813609018
t_qIvRepTjw0kyzVrLnPCDLNEJF7rN5OlsOxGF6o92Az53jE5eYeSrCk2SwoaRxapiHwwkb84-M4Hg,EUW1_7813569313
t_qIvRepTjw0kyzVrLnPCDLNEJF7rN5OlsOxGF6o92Az53jE5eYeSrCk2SwoaRxapiHwwkb84-M4Hg,EUW1_7813483948
t_qIvRepTjw0kyzVrLnPCDLNEJF7rN5OlsOxGF6o92Az53jE5eYeSrCk2SwoaRxapiHwwkb84-M4Hg,EUW1_7812434951
t_qIvRepTjw0kyzVrLnPCDLNEJF7rN5OlsOxGF6o92Az53jE5eYeSrCk2SwoaRxapiHwwkb84-M4Hg,EUW1_7812401951
t_qIvRepTjw0kyzVrLnPCDLNEJF7rN5OlsOxGF6o92Az53jE5eYeSrCk2SwoaRxapiHwwkb84-M4Hg,EUW1_7812273679
t_qIvRepTjw0kyzVrLnPCDLNEJF7rN5OlsOxGF6o92Az53jE5eYeSrCk2SwoaRxapiHwwkb84-M4Hg,EUW1_7811838026
t_qIvRepTjw0kyzVrLnPCDLNEJF7rN5OlsOxGF6o92Az53jE5eYeSrCk2SwoaRxapiHwwkb84-M4Hg,EUW1_7811820573
t_qIvRepTjw0kyzVrLnPCDLNEJF7rN5OlsOxGF6o92Az53jE5eYeSrCk2SwoaRxapiHwwkb84-M4Hg,EUW1_7811492443
t_qIvRepTjw0kyzVrLnPCDLNEJF7rN5OlsOxGF6o92Az53jE5eYeSrCk2SwoaRxapiHwwkb84-M4Hg,EUW1_7811428169
fUOATvqm9fdMFk9R1PdkWrjWbdqCEuRcP-vOdBUDVjB_wBeS_is5Gb5_Yga5lKjB2-sgjykUqNLwrA,EUW1_7812213231
fUOATvqm9fdMFk9R1PdkWrjWbdqCEuRcP-vOdBUDVjB_wBeS_is5Gb5_Yga5lKjB2-sgjykUqNLwrA,EUW1_7812158448
fUOATvqm9fdMFk9R1PdkWrjWbdqCEuRcP-vOdBUDVjB_wBeS_is5Gb5_Yga5lKjB2-sgjykUqNLwrA,EUW1_7812115938
fUOATvqm9fdMFk9R1PdkWrjWbdqCEuRcP-vOdBUDVjB_wBeS_is5Gb5_Yga5lKjB2-sgjykUqNLwrA,EUW1_7812056314
fUOATvqm9fdMFk9R1PdkWrjWbdqCEuRcP-vOdBUDVjB_wBeS_is5Gb5_Yga5lKjB2-sgjykUqNLwrA,EUW1_7810916941
fUOATvqm9fdMFk9R1PdkWrjWbdqCEuRcP-vOdBUDVjB_wBeS_is5Gb5_Yga5lKjB2-sgjykUqNLwrA,EUW1_7810883393
fUOATvqm9fdMFk9R1PdkWrjWbdqCEuRcP-vOdBUDVjB_wBeS_is5Gb5_Yga5lKjB2-sgjykUqNLwrA,EUW1_7810860068
fUOATvqm9fdMFk9R1PdkWrjWbdqCEuRcP-vOdBUDVjB_wBeS_is5Gb5_Yga5lKjB2-sgjykUqNLwrA,EUW1_7810362428
fUOATvqm9fdMFk9R1PdkWrjWbdqCEuRcP-vOdBUDVjB_wBeS_is5Gb5_Yga5lKjB2-sgjykUqNLwrA,EUW1_7810311214
fUOATvqm9fdMFk9R1PdkWrjWbdqCEuRcP-vOdBUDVjB_wBeS_is5Gb5_Yga5lKjB2-sgjykUqNLwrA,EUW1_7808064386
Aqj_uvOM54jId8jPY6fzXnK6YSyu0wAQGoGL90iJbGqEKXo9iRBjw-oCwvw7GnENouYfIeSC559Gug,EUW1_7813886027
Aqj_uvOM54jId8jPY6fzXnK6YSyu0wAQGoGL90iJbGqEKXo9iRBjw-oCwvw7GnENouYfIeSC559Gug,EUW1_7813870352
Aqj_uvOM54jId8jPY6fzXnK6YSyu0wAQGoGL90iJbGqEKXo9iRBjw-oCwvw7GnENouYfIeSC559Gug,EUW1_7813865481
Aqj_uvOM54jId8jPY6fzXnK6YSyu0wAQGoGL90iJbGqEKXo9iRBjw-oCwvw7GnENouYfIeSC559Gug,EUW1_7813063510
Aqj_uvOM54jId8jPY6fzXnK6YSyu0wAQGoGL90iJbGqEKXo9iRBjw-oCwvw7GnENouYfIeSC559Gug,EUW1_7813041691
Aqj_uvOM54jId8jPY6fzXnK6YSyu0wAQGoGL90iJbGqEKXo9iRBjw-oCwvw7GnENouYfIeSC559Gug,EUW1_7812939545
Aqj_uvOM54jId8jPY6fzXnK6YSyu0wAQGoGL90iJbGqEKXo9iRBjw-oCwvw7GnENouYfIeSC559Gug,EUW1_7812920023
Aqj_uvOM54jId8jPY6fzXnK6YSyu0wAQGoGL90iJbGqEKXo9iRBjw-oCwvw7GnENouYfIeSC559Gug,EUW1_7812907581
Aqj_uvOM54jId8jPY6fzXnK6YSyu0wAQGoGL90iJbGqEKXo9iRBjw-oCwvw7GnENouYfIeSC559Gug,EUW1_7812898301
Aqj_uvOM54jId8jPY6fzXnK6YSyu0wAQGoGL90iJbGqEKXo9iRBjw-oCwvw7GnENouYfIeSC559Gug,EUW1_7812888381
ImUsZmMIBUdGDOvwxYcAFXSP0Ap0l5gAOlEFe2_FinJ6-DrtJ9tsb1dLvc3j78y2J0M8coBIuzYpLg,EUW1_7813877746
ImUsZmMIBUdGDOvwxYcAFXSP0Ap0l5gAOlEFe2_FinJ6-DrtJ9tsb1dLvc3j78y2J0M8coBIuzYpLg,EUW1_7813863190
ImUsZmMIBUdGDOvwxYcAFXSP0Ap0l5gAOlEFe2_FinJ6-DrtJ9tsb1dLvc3j78y2J0M8coBIuzYpLg,EUW1_7812981845
ImUsZmMIBUdGDOvwxYcAFXSP0Ap0l5gAOlEFe2_FinJ6-DrtJ9tsb1dLvc3j78y2J0M8coBIuzYpLg,EUW1_7812910980
ImUsZmMIBUdGDOvwxYcAFXSP0Ap0l5gAOlEFe2_FinJ6-DrtJ9tsb1dLvc3j78y2J0M8coBIuzYpLg,EUW1_7812308004
ImUsZmMIBUdGDOvwxYcAFXSP0Ap0l5gAOlEFe2_FinJ6-DrtJ9tsb1dLvc3j78y2J0M8coBIuzYpLg,EUW1_7812257694
ImUsZmMIBUdGDOvwxYcAFXSP0Ap0l5gAOlEFe2_FinJ6-DrtJ9tsb1dLvc3j78y2J0M8coBIuzYpLg,EUW1_7812213231
ImUsZmMIBUdGDOvwxYcAFXSP0Ap0l5gAOlEFe2_FinJ6-DrtJ9tsb1dLvc3j78y2J0M8coBIuzYpLg,EUW1_7812158448
ImUsZmMIBUdGDOvwxYcAFXSP0Ap0l5gAOlEFe2_FinJ6-DrtJ9tsb1dLvc3j78y2J0M8coBIuzYpLg,EUW1_7812115938
ImUsZmMIBUdGDOvwxYcAFXSP0Ap0l5gAOlEFe2_FinJ6-DrtJ9tsb1dLvc3j78y2J0M8coBIuzYpLg,EUW1_7812082774
LvB60-GRpDaECDiazvktnbeXM57KKBNkxVTT6c9Syky15OUBek4prcAXv2wJeMIw-hIOJGnHnn2X8w,EUW1_7812762771
LvB60-GRpDaECDiazvktnbeXM57KKBNkxVTT6c9Syky15OUBek4prcAXv2wJeMIw-hIOJGnHnn2X8w,EUW1_7812713053
LvB60-GRpDaECDiazvktnbeXM57KKBNkxVTT6c9Syky15OUBek4prcAXv2wJeMIw-hIOJGnHnn2X8w,EUW1_7812493304
LvB60-GRpDaECDiazvktnbeXM57KKBNkxVTT6c9Syky15OUBek4prcAXv2wJeMIw-hIOJGnHnn2X8w,EUW1_7812421956
LvB60-GRpDaECDiazvktnbeXM57KKBNkxVTT6c9Syky15OUBek4prcAXv2wJeMIw-hIOJGnHnn2X8w,EUW1_7812366443
LvB60-GRpDaECDiazvktnbeXM57KKBNkxVTT6c9Syky15OUBek4prcAXv2wJeMIw-hIOJGnHnn2X8w,EUW1_7811512406
LvB60-GRpDaECDiazvktnbeXM57KKBNkxVTT6c9Syky15OUBek4prcAXv2wJeMIw-hIOJGnHnn2X8w,EUW1_7811430071
LvB60-GRpDaECDiazvktnbeXM57KKBNkxVTT6c9Syky15OUBek4prcAXv2wJeMIw-hIOJGnHnn2X8w,EUW1_7811373570
LvB60-GRpDaECDiazvktnbeXM57KKBNkxVTT6c9Syky15OUBek4prcAXv2wJeMIw-hIOJGnHnn2X8w,EUW1_7811315655
LvB60-GRpDaECDiazvktnbeXM57KKBNkxVTT6c9Syky15OUBek4prcAXv2wJeMIw-hIOJGnHnn2X8w,EUW1_7811254713
4UZIBb0bvbtbx6ETaGQezrZWY7sOcsicJcnN8mQsFjmsqgKINDZsnBCGyN28HzWrNmYusUX_-ijsCg,EUW1_7813576904
4UZIBb0bvbtbx6ETaGQezrZWY7sOcsicJcnN8mQsFjmsqgKINDZsnBCGyN28HzWrNmYusUX_-ijsCg,EUW1_7813482960
4UZIBb0bvbtbx6ETaGQezrZWY7sOcsicJcnN8mQsFjmsqgKINDZsnBCGyN28HzWrNmYusUX_-ijsCg,EUW1_7813410963
4UZIBb0bvbtbx6ETaGQezrZWY7sOcsicJcnN8mQsFjmsqgKINDZsnBCGyN28HzWrNmYusUX_-ijsCg,EUW1_7813221082
4UZIBb0bvbtbx6ETaGQezrZWY7sOcsicJcnN8mQsFjmsqgKINDZsnBCGyN28HzWrNmYusUX_-ijsCg,EUW1_7812961821
4UZIBb0bvbtbx6ETaGQezrZWY7sOcsicJcnN8mQsFjmsqgKINDZsnBCGyN28HzWrNmYusUX_-ijsCg,EUW1_7812535798
4UZIBb0bvbtbx6ETaGQezrZWY7sOcsicJcnN8mQsFjmsqgKINDZsnBCGyN28HzWrNmYusUX_-ijsCg,EUW1_7812461696
4UZIBb0bvbtbx6ETaGQezrZWY7sOcsicJcnN8mQsFjmsqgKINDZsnBCGyN28HzWrNmYusUX_-ijsCg,EUW1_7812424491
4UZIBb0bvbtbx6ETaGQezrZWY7sOcsicJcnN8mQsFjmsqgKINDZsnBCGyN28HzWrNmYusUX_-ijsCg,EUW1_7812315137
4UZIBb0bvbtbx6ETaGQezrZWY7sOcsicJcnN8mQsFjmsqgKINDZsnBCGyN28HzWrNmYusUX_-ijsCg,EUW1_7811944798
J1r9hh3HlKMiPbZqQThN3rpK1hsMOyK4QGwQvLsRN1lyQQM3q4PUR3eYLTsN35gGuXvvypClcHZU7Q,EUW1_7813702321
J1r9hh3HlKMiPbZqQThN3rpK1hsMOyK4QGwQvLsRN1lyQQM3q4PUR3eYLTsN35gGuXvvypClcHZU7Q,EUW1_7813609018
J1r9hh3HlKMiPbZqQThN3rpK1hsMOyK4QGwQvLsRN1lyQQM3q4PUR3eYLTsN35gGuXvvypClcHZU7Q,EUW1_7812964798
J1r9hh3HlKMiPbZqQThN3rpK1hsMOyK4QGwQvLsRN1lyQQM3q4PUR3eYLTsN35gGuXvvypClcHZU7Q,EUW1_7812737728
J1r9hh3HlKMiPbZqQThN3rpK1hsMOyK4QGwQvLsRN1lyQQM3q4PUR3eYLTsN35gGuXvvypClcHZU7Q,EUW1_7812699635
J1r9hh3HlKMiPbZqQThN3rpK1hsMOyK4QGwQvLsRN1lyQQM3q4PUR3eYLTsN35gGuXvvypClcHZU7Q,EUW1_7812632728
J1r9hh3HlKMiPbZqQThN3rpK1hsMOyK4QGwQvLsRN1lyQQM3q4PUR3eYLTsN35gGuXvvypClcHZU7Q,EUW1_7812272622
J1r9hh3HlKMiPbZqQThN3rpK1hsMOyK4QGwQvLsRN1lyQQM3q4PUR3eYLTsN35gGuXvvypClcHZU7Q,EUW1_7812048187
J1r9hh3HlKMiPbZqQThN3rpK1hsMOyK4QGwQvLsRN1lyQQM3q4PUR3eYLTsN35gGuXvvypClcHZU7Q,EUW1_7812014318
J1r9hh3HlKMiPbZqQThN3rpK1hsMOyK4QGwQvLsRN1lyQQM3q4PUR3eYLTsN35gGuXvvypClcHZU7Q,EUW1_7811967307
tw-njCIbx0wl_LpFKWy5IYRCj35B0PxTwdHbDiEHRlHcpqRJdJjI6utaq3cD154kqKcZpc3VARz5TQ,EUW1_7810927848
tw-njCIbx0wl_LpFKWy5IYRCj35B0PxTwdHbDiEHRlHcpqRJdJjI6utaq3cD154kqKcZpc3VARz5TQ,EUW1_7810752579
tw-njCIbx0wl_LpFKWy5IYRCj35B0PxTwdHbDiEHRlHcpqRJdJjI6utaq3cD154kqKcZpc3VARz5TQ,EUW1_7810675801
tw-njCIbx0wl_LpFKWy5IYRCj35B0PxTwdHbDiEHRlHcpqRJdJjI6utaq3cD154kqKcZpc3VARz5TQ,EUW1_7810648715
tw-njCIbx0wl_LpFKWy5IYRCj35B0PxTwdHbDiEHRlHcpqRJdJjI6utaq3cD154kqKcZpc3VARz5TQ,EUW1_7810633166
tw-njCIbx0wl_LpFKWy5IYRCj35B0PxTwdHbDiEHRlHcpqRJdJjI6utaq3cD154kqKcZpc3VARz5TQ,EUW1_7810594358
tw-njCIbx0wl_LpFKWy5IYRCj35B0PxTwdHbDiEHRlHcpqRJdJjI6utaq3cD154kqKcZpc3VARz5TQ,EUW1_7809858414
tw-njCIbx0wl_LpFKWy5IYRCj35B0PxTwdHbDiEHRlHcpqRJdJjI6utaq3cD154kqKcZpc3VARz5TQ,EUW1_7808835408
tw-njCIbx0wl_LpFKWy5IYRCj35B0PxTwdHbDiEHRlHcpqRJdJjI6utaq3cD154kqKcZpc3VARz5TQ,EUW1_7808787569
tw-njCIbx0wl_LpFKWy5IYRCj35B0PxTwdHbDiEHRlHcpqRJdJjI6utaq3cD154kqKcZpc3VARz5TQ,EUW1_7808744698
4hhIZyfmSGjKAddyGpjvxx6VgZ8SsR5S-fJ7rFikzSL4H6fDx39VxZhPIKYmjY3pZnjYCLOBqeVRhw,EUW1_7813619977
4hhIZyfmSGjKAddyGpjvxx6VgZ8SsR5S-fJ7rFikzSL4H6fDx39VxZhPIKYmjY3pZnjYCLOBqeVRhw,EUW1_7813580326
4hhIZyfmSGjKAddyGpjvxx6VgZ8SsR5S-fJ7rFikzSL4H6fDx39VxZhPIKYmjY3pZnjYCLOBqeVRhw,EUW1_7813536028
4hhIZyfmSGjKAddyGpjvxx6VgZ8SsR5S-fJ7rFikzSL4H6fDx39VxZhPIKYmjY3pZnjYCLOBqeVRhw,EUW1_7813490352
4hhIZyfmSGjKAddyGpjvxx6VgZ8SsR5S-fJ7rFikzSL4H6fDx39VxZhPIKYmjY3pZnjYCLOBqeVRhw,EUW1_7813460257
4hhIZyfmSGjKAddyGpjvxx6VgZ8SsR5S-fJ7rFikzSL4H6fDx39VxZhPIKYmjY3pZnjYCLOBqeVRhw,EUW1_7813434649
4hhIZyfmSGjKAddyGpjvxx6VgZ8SsR5S-fJ7rFikzSL4H6fDx39VxZhPIKYmjY3pZnjYCLOBqeVRhw,EUW1_7813386902
4hhIZyfmSGjKAddyGpjvxx6VgZ8SsR5S-fJ7rFikzSL4H6fDx39VxZhPIKYmjY3pZnjYCLOBqeVRhw,EUW1_7813341440
4hhIZyfmSGjKAddyGpjvxx6VgZ8SsR5S-fJ7rFikzSL4H6fDx39VxZhPIKYmjY3pZnjYCLOBqeVRhw,EUW1_7813269546
4hhIZyfmSGjKAddyGpjvxx6VgZ8SsR5S-fJ7rFikzSL4H6fDx39VxZhPIKYmjY3pZnjYCLOBqeVRhw,EUW1_7813237260
pnQAkEXdDve2iSvxxR7frG523NZo4cQK2zSXLGxmFZfAAQxCahXe6JW8qoZBgFS6_umOK2pYwdIy5Q,EUW1_7813881349
pnQAkEXdDve2iSvxxR7frG523NZo4cQK2zSXLGxmFZfAAQxCahXe6JW8qoZBgFS6_umOK2pYwdIy5Q,EUW1_7813861837
pnQAkEXdDve2iSvxxR7frG523NZo4cQK2zSXLGxmFZfAAQxCahXe6JW8qoZBgFS6_umOK2pYwdIy5Q,EUW1_7813858736
pnQAkEXdDve2iSvxxR7frG523NZo4cQK2zSXLGxmFZfAAQxCahXe6JW8qoZBgFS6_umOK2pYwdIy5Q,EUW1_7813843365
pnQAkEXdDve2iSvxxR7frG523NZo4cQK2zSXLGxmFZfAAQxCahXe6JW8qoZBgFS6_umOK2pYwdIy5Q,EUW1_7813839989
pnQAkEXdDve2iSvxxR7frG523NZo4cQK2zSXLGxmFZfAAQxCahXe6JW8qoZBgFS6_umOK2pYwdIy5Q,EUW1_7813835907
pnQAkEXdDve2iSvxxR7frG523NZo4cQK2zSXLGxmFZfAAQxCahXe6JW8qoZBgFS6_umOK2pYwdIy5Q,EUW1_7813825704
pnQAkEXdDve2iSvxxR7frG523NZo4cQK2zSXLGxmFZfAAQxCahXe6JW8qoZBgFS6_umOK2pYwdIy5Q,EUW1_7813818980
pnQAkEXdDve2iSvxxR7frG523NZo4cQK2zSXLGxmFZfAAQxCahXe6JW8qoZBgFS6_umOK2pYwdIy5Q,EUW1_7813797164
pnQAkEXdDve2iSvxxR7frG523NZo4cQK2zSXLGxmFZfAAQxCahXe6JW8qoZBgFS6_umOK2pYwdIy5Q,EUW1_7813785990
8mJwvWjyMnp0c1fpn0hct1BtAuk-qX_oD0kS71hJhsXYFPqu-5CvrXC3VDijG-nYQWLqxPQ45GUJXA,EUW1_7811806694
8mJwvWjyMnp0c1fpn0hct1BtAuk-qX_oD0kS71hJhsXYFPqu-5CvrXC3VDijG-nYQWLqxPQ45GUJXA,EUW1_7811792982
8mJwvWjyMnp0c1fpn0hct1BtAuk-qX_oD0kS71hJhsXYFPqu-5CvrXC3VDijG-nYQWLqxPQ45GUJXA,EUW1_7811779436
8mJwvWjyMnp0c1fpn0hct1BtAuk-qX_oD0kS71hJhsXYFPqu-5CvrXC3VDijG-nYQWLqxPQ45GUJXA,EUW1_7811777595
8mJwvWjyMnp0c1fpn0hct1BtAuk-qX_oD0kS71hJhsXYFPqu-5CvrXC3VDijG-nYQWLqxPQ45GUJXA,EUW1_7811764298
8mJwvWjyMnp0c1fpn0hct1BtAuk-qX_oD0kS71hJhsXYFPqu-5CvrXC3VDijG-nYQWLqxPQ45GUJXA,EUW1_7810921910
8mJwvWjyMnp0c1fpn0hct1BtAuk-qX_oD0kS71hJhsXYFPqu-5CvrXC3VDijG-nYQWLqxPQ45GUJXA,EUW1_7804117355
8mJwvWjyMnp0c1fpn0hct1BtAuk-qX_oD0kS71hJhsXYFPqu-5CvrXC3VDijG-nYQWLqxPQ45GUJXA,EUW1_7804104984
8mJwvWjyMnp0c1fpn0hct1BtAuk-qX_oD0kS71hJhsXYFPqu-5CvrXC3VDijG-nYQWLqxPQ45GUJXA,EUW1_7804099553
8mJwvWjyMnp0c1fpn0hct1BtAuk-qX_oD0kS71hJhsXYFPqu-5CvrXC3VDijG-nYQWLqxPQ45GUJXA,EUW1_7796222658
rzNXYlN5snJ7-zw6RhjyrW4A9WWO-HVRaZZKGNWBeUWKpayxKR_1JVkjnVDopwF4mMunPQ7Z4aoViQ,EUW1_7813695631
rzNXYlN5snJ7-zw6RhjyrW4A9WWO-HVRaZZKGNWBeUWKpayxKR_1JVkjnVDopwF4mMunPQ7Z4aoViQ,EUW1_7813668910
rzNXYlN5snJ7-zw6RhjyrW4A9WWO-HVRaZZKGNWBeUWKpayxKR_1JVkjnVDopwF4mMunPQ7Z4aoViQ,EUW1_7812641901
rzNXYlN5snJ7-zw6RhjyrW4A9WWO-HVRaZZKGNWBeUWKpayxKR_1JVkjnVDopwF4mMunPQ7Z4aoViQ,EUW1_7812610847
rzNXYlN5snJ7-zw6RhjyrW4A9WWO-HVRaZZKGNWBeUWKpayxKR_1JVkjnVDopwF4mMunPQ7Z4aoViQ,EUW1_7812517600
rzNXYlN5snJ7-zw6RhjyrW4A9WWO-HVRaZZKGNWBeUWKpayxKR_1JVkjnVDopwF4mMunPQ7Z4aoViQ,EUW1_7810237894
rzNXYlN5snJ7-zw6RhjyrW4A9WWO-HVRaZZKGNWBeUWKpayxKR_1JVkjnVDopwF4mMunPQ7Z4aoViQ,EUW1_7810191870
rzNXYlN5snJ7-zw6RhjyrW4A9WWO-HVRaZZKGNWBeUWKpayxKR_1JVkjnVDopwF4mMunPQ7Z4aoViQ,EUW1_7810145269
rzNXYlN5snJ7-zw6RhjyrW4A9WWO-HVRaZZKGNWBeUWKpayxKR_1JVkjnVDopwF4mMunPQ7Z4aoViQ,EUW1_7810101409
rzNXYlN5snJ7-zw6RhjyrW4A9WWO-HVRaZZKGNWBeUWKpayxKR_1JVkjnVDopwF4mMunPQ7Z4aoViQ,EUW1_7809082353
pYSFmvFDERUPHvze6xR8pNBgkqhqCvXmJkRhkg00-LGPHNZil0EctRpPRFZggphVrqpk1-JAMb4kTQ,EUW1_7813489063
pYSFmvFDERUPHvze6xR8pNBgkqhqCvXmJkRhkg00-LGPHNZil0EctRpPRFZggphVrqpk1-JAMb4kTQ,EUW1_7813449588
pYSFmvFDERUPHvze6xR8pNBgkqhqCvXmJkRhkg00-LGPHNZil0EctRpPRFZggphVrqpk1-JAMb4kTQ,EUW1_7813380771
pYSFmvFDERUPHvze6xR8pNBgkqhqCvXmJkRhkg00-LGPHNZil0EctRpPRFZggphVrqpk1-JAMb4kTQ,EUW1_7813103862
pYSFmvFDERUPHvze6xR8pNBgkqhqCvXmJkRhkg00-LGPHNZil0EctRpPRFZggphVrqpk1-JAMb4kTQ,EUW1_7812912196
pYSFmvFDERUPHvze6xR8pNBgkqhqCvXmJkRhkg00-LGPHNZil0EctRpPRFZggphVrqpk1-JAMb4kTQ,EUW1_7812467139
pYSFmvFDERUPHvze6xR8pNBgkqhqCvXmJkRhkg00-LGPHNZil0EctRpPRFZggphVrqpk1-JAMb4kTQ,EUW1_7812405161
pYSFmvFDERUPHvze6xR8pNBgkqhqCvXmJkRhkg00-LGPHNZil0EctRpPRFZggphVrqpk1-JAMb4kTQ,EUW1_7812355828
pYSFmvFDERUPHvze6xR8pNBgkqhqCvXmJkRhkg00-LGPHNZil0EctRpPRFZggphVrqpk1-JAMb4kTQ,EUW1_7812218141
pYSFmvFDERUPHvze6xR8pNBgkqhqCvXmJkRhkg00-LGPHNZil0EctRpPRFZggphVrqpk1-JAMb4kTQ,EUW1_7812158448
-eXNcdDCQu3usOwE508LFIlG6DB9VpKPb0l54I4EccsdA1jM4VcbQVvfjQ55Ss_ML4n5C8aIrJUHnA,EUW1_7810391269
-eXNcdDCQu3usOwE508LFIlG6DB9VpKPb0l54I4EccsdA1jM4VcbQVvfjQ55Ss_ML4n5C8aIrJUHnA,EUW1_7810325756
-eXNcdDCQu3usOwE508LFIlG6DB9VpKPb0l54I4EccsdA1jM4VcbQVvfjQ55Ss_ML4n5C8aIrJUHnA,EUW1_7810257154
-eXNcdDCQu3usOwE508LFIlG6DB9VpKPb0l54I4EccsdA1jM4VcbQVvfjQ55Ss_ML4n5C8aIrJUHnA,EUW1_7808972707
-eXNcdDCQu3usOwE508LFIlG6DB9VpKPb0l54I4EccsdA1jM4VcbQVvfjQ55Ss_ML4n5C8aIrJUHnA,EUW1_7808903735
-eXNcdDCQu3usOwE508LFIlG6DB9VpKPb0l54I4EccsdA1jM4VcbQVvfjQ55Ss_ML4n5C8aIrJUHnA,EUW1_7806516455
-eXNcdDCQu3usOwE508LFIlG6DB9VpKPb0l54I4EccsdA1jM4VcbQVvfjQ55Ss_ML4n5C8aIrJUHnA,EUW1_7806463143
-eXNcdDCQu3usOwE508LFIlG6DB9VpKPb0l54I4EccsdA1jM4VcbQVvfjQ55Ss_ML4n5C8aIrJUHnA,EUW1_7806414432
-eXNcdDCQu3usOwE508LFIlG6DB9VpKPb0l54I4EccsdA1jM4VcbQVvfjQ55Ss_ML4n5C8aIrJUHnA,EUW1_7806386793
-eXNcdDCQu3usOwE508LFIlG6DB9VpKPb0l54I4EccsdA1jM4VcbQVvfjQ55Ss_ML4n5C8aIrJUHnA,EUW1_7803596588
DVrVRzOMFKbhqVObg3CD1A_-LJxtyeItbermfv27Cs9YITR9htfeTGGKzFQQL9dD65Y5ky1xRpP_mg,EUW1_7810868017
DVrVRzOMFKbhqVObg3CD1A_-LJxtyeItbermfv27Cs9YITR9htfeTGGKzFQQL9dD65Y5ky1xRpP_mg,EUW1_7810843088
DVrVRzOMFKbhqVObg3CD1A_-LJxtyeItbermfv27Cs9YITR9htfeTGGKzFQQL9dD65Y5ky1xRpP_mg,EUW1_7810820086
DVrVRzOMFKbhqVObg3CD1A_-LJxtyeItbermfv27Cs9YITR9htfeTGGKzFQQL9dD65Y5ky1xRpP_mg,EUW1_7810792761
DVrVRzOMFKbhqVObg3CD1A_-LJxtyeItbermfv27Cs9YITR9htfeTGGKzFQQL9dD65Y5ky1xRpP_mg,EUW1_7810757303
DVrVRzOMFKbhqVObg3CD1A_-LJxtyeItbermfv27Cs9YITR9htfeTGGKzFQQL9dD65Y5ky1xRpP_mg,EUW1_7810731332
DVrVRzOMFKbhqVObg3CD1A_-LJxtyeItbermfv27Cs9YITR9htfeTGGKzFQQL9dD65Y5ky1xRpP_mg,EUW1_7810711704
DVrVRzOMFKbhqVObg3CD1A_-LJxtyeItbermfv27Cs9YITR9htfeTGGKzFQQL9dD65Y5ky1xRpP_mg,EUW1_7810457091
DVrVRzOMFKbhqVObg3CD1A_-LJxtyeItbermfv27Cs9YITR9htfeTGGKzFQQL9dD65Y5ky1xRpP_mg,EUW1_7810423849
DVrVRzOMFKbhqVObg3CD1A_-LJxtyeItbermfv27Cs9YITR9htfeTGGKzFQQL9dD65Y5ky1xRpP_mg,EUW1_7810390499
UTw1DAuX1PYK1EFKxlEpBQMQAlPrw1wk2RsfmQ2K3zBgkzNetU5DEAUAivvb-CijRNy83raguzZXyg,EUW1_7813170613
UTw1DAuX1PYK1EFKxlEpBQMQAlPrw1wk2RsfmQ2K3zBgkzNetU5DEAUAivvb-CijRNy83raguzZXyg,EUW1_7813136168
UTw1DAuX1PYK1EFKxlEpBQMQAlPrw1wk2RsfmQ2K3zBgkzNetU5DEAUAivvb-CijRNy83raguzZXyg,EUW1_7813103862
UTw1DAuX1PYK1EFKxlEpBQMQAlPrw1wk2RsfmQ2K3zBgkzNetU5DEAUAivvb-CijRNy83raguzZXyg,EUW1_7813074275
UTw1DAuX1PYK1EFKxlEpBQMQAlPrw1wk2RsfmQ2K3zBgkzNetU5DEAUAivvb-CijRNy83raguzZXyg,EUW1_7812951488
UTw1DAuX1PYK1EFKxlEpBQMQAlPrw1wk2RsfmQ2K3zBgkzNetU5DEAUAivvb-CijRNy83raguzZXyg,EUW1_7812926647
UTw1DAuX1PYK1EFKxlEpBQMQAlPrw1wk2RsfmQ2K3zBgkzNetU5DEAUAivvb-CijRNy83raguzZXyg,EUW1_7812912628
UTw1DAuX1PYK1EFKxlEpBQMQAlPrw1wk2RsfmQ2K3zBgkzNetU5DEAUAivvb-CijRNy83raguzZXyg,EUW1_7812896752
UTw1DAuX1PYK1EFKxlEpBQMQAlPrw1wk2RsfmQ2K3zBgkzNetU5DEAUAivvb-CijRNy83raguzZXyg,EUW1_7812886733
UTw1DAuX1PYK1EFKxlEpBQMQAlPrw1wk2RsfmQ2K3zBgkzNetU5DEAUAivvb-CijRNy83raguzZXyg,EUW1_7812321080
7H7KhC6oga85ifhhFCHMTX7V0MkRqS14LPOV4ZBPY5_QYZfak6Xi-wtLmsKqKFkkcXBrqiowfiwM7Q,EUW1_7813001631
7H7KhC6oga85ifhhFCHMTX7V0MkRqS14LPOV4ZBPY5_QYZfak6Xi-wtLmsKqKFkkcXBrqiowfiwM7Q,EUW1_7812984163
7H7KhC6oga85ifhhFCHMTX7V0MkRqS14LPOV4ZBPY5_QYZfak6Xi-wtLmsKqKFkkcXBrqiowfiwM7Q,EUW1_7812044297
7H7KhC6oga85ifhhFCHMTX7V0MkRqS14LPOV4ZBPY5_QYZfak6Xi-wtLmsKqKFkkcXBrqiowfiwM7Q,EUW1_7811998420
7H7KhC6oga85ifhhFCHMTX7V0MkRqS14LPOV4ZBPY5_QYZfak6Xi-wtLmsKqKFkkcXBrqiowfiwM7Q,EUW1_7810745200
7H7KhC6oga85ifhhFCHMTX7V0MkRqS14LPOV4ZBPY5_QYZfak6Xi-wtLmsKqKFkkcXBrqiowfiwM7Q,EUW1_7809796148
7H7KhC6oga85ifhhFCHMTX7V0MkRqS14LPOV4ZBPY5_QYZfak6Xi-wtLmsKqKFkkcXBrqiowfiwM7Q,EUW1_7809749442
7H7KhC6oga85ifhhFCHMTX7V0MkRqS14LPOV4ZBPY5_QYZfak6Xi-wtLmsKqKFkkcXBrqiowfiwM7Q,EUW1_7809713536
7H7KhC6oga85ifhhFCHMTX7V0MkRqS14LPOV4ZBPY5_QYZfak6Xi-wtLmsKqKFkkcXBrqiowfiwM7Q,EUW1_7809653250
7H7KhC6oga85ifhhFCHMTX7V0MkRqS14LPOV4ZBPY5_QYZfak6Xi-wtLmsKqKFkkcXBrqiowfiwM7Q,EUW1_7809607191
xmgKW14bvfYH5VFAQBRUnDoStNSGC0TLjiaQdCvJ2T5fthaYN8byDQ-4zJw8S9gynC-x3MYzvnLthg,EUW1_7812003450
xmgKW14bvfYH5VFAQBRUnDoStNSGC0TLjiaQdCvJ2T5fthaYN8byDQ-4zJw8S9gynC-x3MYzvnLthg,EUW1_7811976930
xmgKW14bvfYH5VFAQBRUnDoStNSGC0TLjiaQdCvJ2T5fthaYN8byDQ-4zJw8S9gynC-x3MYzvnLthg,EUW1_7811944798
xmgKW14bvfYH5VFAQBRUnDoStNSGC0TLjiaQdCvJ2T5fthaYN8byDQ-4zJw8S9gynC-x3MYzvnLthg,EUW1_7810862533
xmgKW14bvfYH5VFAQBRUnDoStNSGC0TLjiaQdCvJ2T5fthaYN8byDQ-4zJw8S9gynC-x3MYzvnLthg,EUW1_7810804050
xmgKW14bvfYH5VFAQBRUnDoStNSGC0TLjiaQdCvJ2T5fthaYN8byDQ-4zJw8S9gynC-x3MYzvnLthg,EUW1_7810778832
xmgKW14bvfYH5VFAQBRUnDoStNSGC0TLjiaQdCvJ2T5fthaYN8byDQ-4zJw8S9gynC-x3MYzvnLthg,EUW1_7810745200
xmgKW14bvfYH5VFAQBRUnDoStNSGC0TLjiaQdCvJ2T5fthaYN8byDQ-4zJw8S9gynC-x3MYzvnLthg,EUW1_7809765533
xmgKW14bvfYH5VFAQBRUnDoStNSGC0TLjiaQdCvJ2T5fthaYN8byDQ-4zJw8S9gynC-x3MYzvnLthg,EUW1_7809730501
xmgKW14bvfYH5VFAQBRUnDoStNSGC0TLjiaQdCvJ2T5fthaYN8byDQ-4zJw8S9gynC-x3MYzvnLthg,EUW1_7809566094
6IhxSIwcb0hagX1f8za0bqH_y9EqRLw62lwnEwhh4xkGF19aQBuBg-eLZraqQ-9kWnMjvojCRwFP8w,EUW1_7812463853
6IhxSIwcb0hagX1f8za0bqH_y9EqRLw62lwnEwhh4xkGF19aQBuBg-eLZraqQ-9kWnMjvojCRwFP8w,EUW1_7812424491
6IhxSIwcb0hagX1f8za0bqH_y9EqRLw62lwnEwhh4xkGF19aQBuBg-eLZraqQ-9kWnMjvojCRwFP8w,EUW1_7812230565
6IhxSIwcb0hagX1f8za0bqH_y9EqRLw62lwnEwhh4xkGF19aQBuBg-eLZraqQ-9kWnMjvojCRwFP8w,EUW1_7810516793
6IhxSIwcb0hagX1f8za0bqH_y9EqRLw62lwnEwhh4xkGF19aQBuBg-eLZraqQ-9kWnMjvojCRwFP8w,EUW1_7810499040
6IhxSIwcb0hagX1f8za0bqH_y9EqRLw62lwnEwhh4xkGF19aQBuBg-eLZraqQ-9kWnMjvojCRwFP8w,EUW1_7809966715
6IhxSIwcb0hagX1f8za0bqH_y9EqRLw62lwnEwhh4xkGF19aQBuBg-eLZraqQ-9kWnMjvojCRwFP8w,EUW1_7809906637
6IhxSIwcb0hagX1f8za0bqH_y9EqRLw62lwnEwhh4xkGF19aQBuBg-eLZraqQ-9kWnMjvojCRwFP8w,EUW1_7809862212
6IhxSIwcb0hagX1f8za0bqH_y9EqRLw62lwnEwhh4xkGF19aQBuBg-eLZraqQ-9kWnMjvojCRwFP8w,EUW1_7809829662
6IhxSIwcb0hagX1f8za0bqH_y9EqRLw62lwnEwhh4xkGF19aQBuBg-eLZraqQ-9kWnMjvojCRwFP8w,EUW1_7808744698
rWtKUN0f4e_zG_IJ1i4qEdoNehC6Vx0jL57dXIjyAKsgqALRG4ZzqzGUIJSMdDMYuxzmNThjqbeOog,EUW1_7812951199
rWtKUN0f4e_zG_IJ1i4qEdoNehC6Vx0jL57dXIjyAKsgqALRG4ZzqzGUIJSMdDMYuxzmNThjqbeOog,EUW1_7812478883
rWtKUN0f4e_zG_IJ1i4qEdoNehC6Vx0jL57dXIjyAKsgqALRG4ZzqzGUIJSMdDMYuxzmNThjqbeOog,EUW1_7811868137
rWtKUN0f4e_zG_IJ1i4qEdoNehC6Vx0jL57dXIjyAKsgqALRG4ZzqzGUIJSMdDMYuxzmNThjqbeOog,EUW1_7810461718
rWtKUN0f4e_zG_IJ1i4qEdoNehC6Vx0jL57dXIjyAKsgqALRG4ZzqzGUIJSMdDMYuxzmNThjqbeOog,EUW1_7810408974
rWtKUN0f4e_zG_IJ1i4qEdoNehC6Vx0jL57dXIjyAKsgqALRG4ZzqzGUIJSMdDMYuxzmNThjqbeOog,EUW1_7809339190
rWtKUN0f4e_zG_IJ1i4qEdoNehC6Vx0jL57dXIjyAKsgqALRG4ZzqzGUIJSMdDMYuxzmNThjqbeOog,EUW1_7807729615
rWtKUN0f4e_zG_IJ1i4qEdoNehC6Vx0jL57dXIjyAKsgqALRG4ZzqzGUIJSMdDMYuxzmNThjqbeOog,EUW1_7807693105
rWtKUN0f4e_zG_IJ1i4qEdoNehC6Vx0jL57dXIjyAKsgqALRG4ZzqzGUIJSMdDMYuxzmNThjqbeOog,EUW1_7807620728
rWtKUN0f4e_zG_IJ1i4qEdoNehC6Vx0jL57dXIjyAKsgqALRG4ZzqzGUIJSMdDMYuxzmNThjqbeOog,EUW1_7807575447
1gY1awx0dEqTdo3fbGSRO1jxQRZ-c7YtBYDPYBryMuecRtTOd7sWCycWiQP6joVRMfAPLfJhENLZfw,EUW1_7813628146
1gY1awx0dEqTdo3fbGSRO1jxQRZ-c7YtBYDPYBryMuecRtTOd7sWCycWiQP6joVRMfAPLfJhENLZfw,EUW1_7813568643
1gY1awx0dEqTdo3fbGSRO1jxQRZ-c7YtBYDPYBryMuecRtTOd7sWCycWiQP6joVRMfAPLfJhENLZfw,EUW1_7813512467
1gY1awx0dEqTdo3fbGSRO1jxQRZ-c7YtBYDPYBryMuecRtTOd7sWCycWiQP6joVRMfAPLfJhENLZfw,EUW1_7813449588
1gY1awx0dEqTdo3fbGSRO1jxQRZ-c7YtBYDPYBryMuecRtTOd7sWCycWiQP6joVRMfAPLfJhENLZfw,EUW1_7813220905
1gY1awx0dEqTdo3fbGSRO1jxQRZ-c7YtBYDPYBryMuecRtTOd7sWCycWiQP6joVRMfAPLfJhENLZfw,EUW1_7813171943
1gY1awx0dEqTdo3fbGSRO1jxQRZ-c7YtBYDPYBryMuecRtTOd7sWCycWiQP6joVRMfAPLfJhENLZfw,EUW1_7813137815
1gY1awx0dEqTdo3fbGSRO1jxQRZ-c7YtBYDPYBryMuecRtTOd7sWCycWiQP6joVRMfAPLfJhENLZfw,EUW1_7812986624
1gY1awx0dEqTdo3fbGSRO1jxQRZ-c7YtBYDPYBryMuecRtTOd7sWCycWiQP6joVRMfAPLfJhENLZfw,EUW1_7812960472
1gY1awx0dEqTdo3fbGSRO1jxQRZ-c7YtBYDPYBryMuecRtTOd7sWCycWiQP6joVRMfAPLfJhENLZfw,EUW1_7812935253
wzibqctjVJcl9B7YYPRZf0MNAW2lhWqqxXLGlquqM3J7MS2kR4Cj0z43ziED8uwSFG2sIg8LkHf29A,EUW1_7812237811
wzibqctjVJcl9B7YYPRZf0MNAW2lhWqqxXLGlquqM3J7MS2kR4Cj0z43ziED8uwSFG2sIg8LkHf29A,EUW1_7812200323
wzibqctjVJcl9B7YYPRZf0MNAW2lhWqqxXLGlquqM3J7MS2kR4Cj0z43ziED8uwSFG2sIg8LkHf29A,EUW1_7812158448
wzibqctjVJcl9B7YYPRZf0MNAW2lhWqqxXLGlquqM3J7MS2kR4Cj0z43ziED8uwSFG2sIg8LkHf29A,EUW1_7812126939
wzibqctjVJcl9B7YYPRZf0MNAW2lhWqqxXLGlquqM3J7MS2kR4Cj0z43ziED8uwSFG2sIg8LkHf29A,EUW1_7812095492
wzibqctjVJcl9B7YYPRZf0MNAW2lhWqqxXLGlquqM3J7MS2kR4Cj0z43ziED8uwSFG2sIg8LkHf29A,EUW1_7812048187
wzibqctjVJcl9B7YYPRZf0MNAW2lhWqqxXLGlquqM3J7MS2kR4Cj0z43ziED8uwSFG2sIg8LkHf29A,EUW1_7812014081
wzibqctjVJcl9B7YYPRZf0MNAW2lhWqqxXLGlquqM3J7MS2kR4Cj0z43ziED8uwSFG2sIg8LkHf29A,EUW1_7808627674
wzibqctjVJcl9B7YYPRZf0MNAW2lhWqqxXLGlquqM3J7MS2kR4Cj0z43ziED8uwSFG2sIg8LkHf29A,EUW1_7808593538
wzibqctjVJcl9B7YYPRZf0MNAW2lhWqqxXLGlquqM3J7MS2kR4Cj0z43ziED8uwSFG2sIg8LkHf29A,EUW1_7808553143
gZOEQLxAGPkZDNZgYEXTYDDBnYi9Xcxe5-Akj1ZfKAiDJVJ2RXtXjmT34oOMgyePTjS_ajiGTBoqgA,EUW1_7807711236
gZOEQLxAGPkZDNZgYEXTYDDBnYi9Xcxe5-Akj1ZfKAiDJVJ2RXtXjmT34oOMgyePTjS_ajiGTBoqgA,EUW1_7807640336
gZOEQLxAGPkZDNZgYEXTYDDBnYi9Xcxe5-Akj1ZfKAiDJVJ2RXtXjmT34oOMgyePTjS_ajiGTBoqgA,EUW1_7807599009
gZOEQLxAGPkZDNZgYEXTYDDBnYi9Xcxe5-Akj1ZfKAiDJVJ2RXtXjmT34oOMgyePTjS_ajiGTBoqgA,EUW1_7807574642
gZOEQLxAGPkZDNZgYEXTYDDBnYi9Xcxe5-Akj1ZfKAiDJVJ2RXtXjmT34oOMgyePTjS_ajiGTBoqgA,EUW1_7807546501
gZOEQLxAGPkZDNZgYEXTYDDBnYi9Xcxe5-Akj1ZfKAiDJVJ2RXtXjmT34oOMgyePTjS_ajiGTBoqgA,EUW1_7807505965
gZOEQLxAGPkZDNZgYEXTYDDBnYi9Xcxe5-Akj1ZfKAiDJVJ2RXtXjmT34oOMgyePTjS_ajiGTBoqgA,EUW1_7807139918
gZOEQLxAGPkZDNZgYEXTYDDBnYi9Xcxe5-Akj1ZfKAiDJVJ2RXtXjmT34oOMgyePTjS_ajiGTBoqgA,EUW1_7807131644
gZOEQLxAGPkZDNZgYEXTYDDBnYi9Xcxe5-Akj1ZfKAiDJVJ2RXtXjmT34oOMgyePTjS_ajiGTBoqgA,EUW1_7807089335
gZOEQLxAGPkZDNZgYEXTYDDBnYi9Xcxe5-Akj1ZfKAiDJVJ2RXtXjmT34oOMgyePTjS_ajiGTBoqgA,EUW1_7807077468
GawfTdbqD6aewubpHVeswQMEvL13OJuT-lxzPBxHUYX5PF09PyzjMvCxWi0FwcD2uJHMyzPqcMkdxw,EUW1_7813735039
GawfTdbqD6aewubpHVeswQMEvL13OJuT-lxzPBxHUYX5PF09PyzjMvCxWi0FwcD2uJHMyzPqcMkdxw,EUW1_7813685777
GawfTdbqD6aewubpHVeswQMEvL13OJuT-lxzPBxHUYX5PF09PyzjMvCxWi0FwcD2uJHMyzPqcMkdxw,EUW1_7813643950
GawfTdbqD6aewubpHVeswQMEvL13OJuT-lxzPBxHUYX5PF09PyzjMvCxWi0FwcD2uJHMyzPqcMkdxw,EUW1_7813596925
GawfTdbqD6aewubpHVeswQMEvL13OJuT-lxzPBxHUYX5PF09PyzjMvCxWi0FwcD2uJHMyzPqcMkdxw,EUW1_7813573457
GawfTdbqD6aewubpHVeswQMEvL13OJuT-lxzPBxHUYX5PF09PyzjMvCxWi0FwcD2uJHMyzPqcMkdxw,EUW1_7813526092
GawfTdbqD6aewubpHVeswQMEvL13OJuT-lxzPBxHUYX5PF09PyzjMvCxWi0FwcD2uJHMyzPqcMkdxw,EUW1_7813464712
GawfTdbqD6aewubpHVeswQMEvL13OJuT-lxzPBxHUYX5PF09PyzjMvCxWi0FwcD2uJHMyzPqcMkdxw,EUW1_7813412457
GawfTdbqD6aewubpHVeswQMEvL13OJuT-lxzPBxHUYX5PF09PyzjMvCxWi0FwcD2uJHMyzPqcMkdxw,EUW1_7812939545
GawfTdbqD6aewubpHVeswQMEvL13OJuT-lxzPBxHUYX5PF09PyzjMvCxWi0FwcD2uJHMyzPqcMkdxw,EUW1_7812920312
j9oQJY054RmawNS5hDwVX5CZwZBJFhiMo4E1dzPdU_i9l7gkucAq0HRAcOAYLfYlCCeDIPWzrvvJBg,EUW1_7813590878
j9oQJY054RmawNS5hDwVX5CZwZBJFhiMo4E1dzPdU_i9l7gkucAq0HRAcOAYLfYlCCeDIPWzrvvJBg,EUW1_7813492468
j9oQJY054RmawNS5hDwVX5CZwZBJFhiMo4E1dzPdU_i9l7gkucAq0HRAcOAYLfYlCCeDIPWzrvvJBg,EUW1_7813368326
j9oQJY054RmawNS5hDwVX5CZwZBJFhiMo4E1dzPdU_i9l7gkucAq0HRAcOAYLfYlCCeDIPWzrvvJBg,EUW1_7812906484
j9oQJY054RmawNS5hDwVX5CZwZBJFhiMo4E1dzPdU_i9l7gkucAq0HRAcOAYLfYlCCeDIPWzrvvJBg,EUW1_7812398683
j9oQJY054RmawNS5hDwVX5CZwZBJFhiMo4E1dzPdU_i9l7gkucAq0HRAcOAYLfYlCCeDIPWzrvvJBg,EUW1_7812308004
j9oQJY054RmawNS5hDwVX5CZwZBJFhiMo4E1dzPdU_i9l7gkucAq0HRAcOAYLfYlCCeDIPWzrvvJBg,EUW1_7812262686
j9oQJY054RmawNS5hDwVX5CZwZBJFhiMo4E1dzPdU_i9l7gkucAq0HRAcOAYLfYlCCeDIPWzrvvJBg,EUW1_7811837809
j9oQJY054RmawNS5hDwVX5CZwZBJFhiMo4E1dzPdU_i9l7gkucAq0HRAcOAYLfYlCCeDIPWzrvvJBg,EUW1_7811812796
j9oQJY054RmawNS5hDwVX5CZwZBJFhiMo4E1dzPdU_i9l7gkucAq0HRAcOAYLfYlCCeDIPWzrvvJBg,EUW1_7811492443
-hK1tfZaGNnlq6aR_Iq7Rve8QbwHLNHg8MlL8A3fjwDOMnIEenhO-S8Advshml1P19hvuoN9EqnrEA,EUW1_7812882191
-hK1tfZaGNnlq6aR_Iq7Rve8QbwHLNHg8MlL8A3fjwDOMnIEenhO-S8Advshml1P19hvuoN9EqnrEA,EUW1_7805575405
-hK1tfZaGNnlq6aR_Iq7Rve8QbwHLNHg8MlL8A3fjwDOMnIEenhO-S8Advshml1P19hvuoN9EqnrEA,EUW1_7803717297
-hK1tfZaGNnlq6aR_Iq7Rve8QbwHLNHg8MlL8A3fjwDOMnIEenhO-S8Advshml1P19hvuoN9EqnrEA,EUW1_7803623835
-hK1tfZaGNnlq6aR_Iq7Rve8QbwHLNHg8MlL8A3fjwDOMnIEenhO-S8Advshml1P19hvuoN9EqnrEA,EUW1_7803553316
-hK1tfZaGNnlq6aR_Iq7Rve8QbwHLNHg8MlL8A3fjwDOMnIEenhO-S8Advshml1P19hvuoN9EqnrEA,EUW1_7803488294
-hK1tfZaGNnlq6aR_Iq7Rve8QbwHLNHg8MlL8A3fjwDOMnIEenhO-S8Advshml1P19hvuoN9EqnrEA,EUW1_7803183546
-hK1tfZaGNnlq6aR_Iq7Rve8QbwHLNHg8MlL8A3fjwDOMnIEenhO-S8Advshml1P19hvuoN9EqnrEA,EUW1_7803134764
-hK1tfZaGNnlq6aR_Iq7Rve8QbwHLNHg8MlL8A3fjwDOMnIEenhO-S8Advshml1P19hvuoN9EqnrEA,EUW1_7803099155
-hK1tfZaGNnlq6aR_Iq7Rve8QbwHLNHg8MlL8A3fjwDOMnIEenhO-S8Advshml1P19hvuoN9EqnrEA,EUW1_7802729729
loNCmZX31bQY9H6lqVlMlXgfjkZoe4d5e1mXokh__D__X-RC01XA1dnhAMMIuwPSCFW1E-e4HIccbg,EUW1_7813799716
loNCmZX31bQY9H6lqVlMlXgfjkZoe4d5e1mXokh__D__X-RC01XA1dnhAMMIuwPSCFW1E-e4HIccbg,EUW1_7813775943
loNCmZX31bQY9H6lqVlMlXgfjkZoe4d5e1mXokh__D__X-RC01XA1dnhAMMIuwPSCFW1E-e4HIccbg,EUW1_7813755977
loNCmZX31bQY9H6lqVlMlXgfjkZoe4d5e1mXokh__D__X-RC01XA1dnhAMMIuwPSCFW1E-e4HIccbg,EUW1_7813735039
loNCmZX31bQY9H6lqVlMlXgfjkZoe4d5e1mXokh__D__X-RC01XA1dnhAMMIuwPSCFW1E-e4HIccbg,EUW1_7813682653
loNCmZX31bQY9H6lqVlMlXgfjkZoe4d5e1mXokh__D__X-RC01XA1dnhAMMIuwPSCFW1E-e4HIccbg,EUW1_7813640143
loNCmZX31bQY9H6lqVlMlXgfjkZoe4d5e1mXokh__D__X-RC01XA1dnhAMMIuwPSCFW1E-e4HIccbg,EUW1_7813599120
loNCmZX31bQY9H6lqVlMlXgfjkZoe4d5e1mXokh__D__X-RC01XA1dnhAMMIuwPSCFW1E-e4HIccbg,EUW1_7813568481
loNCmZX31bQY9H6lqVlMlXgfjkZoe4d5e1mXokh__D__X-RC01XA1dnhAMMIuwPSCFW1E-e4HIccbg,EUW1_7813499639
loNCmZX31bQY9H6lqVlMlXgfjkZoe4d5e1mXokh__D__X-RC01XA1dnhAMMIuwPSCFW1E-e4HIccbg,EUW1_7813440887
RF27jCf5J0FcJ2P-3BjJU59RJ1tuwRCQ16M2hb8gkYbRFbJphDeiKhMfmtUgbGOais9pwisuALOD9w,EUW1_7813356135
RF27jCf5J0FcJ2P-3BjJU59RJ1tuwRCQ16M2hb8gkYbRFbJphDeiKhMfmtUgbGOais9pwisuALOD9w,EUW1_7813308206
RF27jCf5J0FcJ2P-3BjJU59RJ1tuwRCQ16M2hb8gkYbRFbJphDeiKhMfmtUgbGOais9pwisuALOD9w,EUW1_7813239364
RF27jCf5J0FcJ2P-3BjJU59RJ1tuwRCQ16M2hb8gkYbRFbJphDeiKhMfmtUgbGOais9pwisuALOD9w,EUW1_7813130922
RF27jCf5J0FcJ2P-3BjJU59RJ1tuwRCQ16M2hb8gkYbRFbJphDeiKhMfmtUgbGOais9pwisuALOD9w,EUW1_7813059372
RF27jCf5J0FcJ2P-3BjJU59RJ1tuwRCQ16M2hb8gkYbRFbJphDeiKhMfmtUgbGOais9pwisuALOD9w,EUW1_7813021331
RF27jCf5J0FcJ2P-3BjJU59RJ1tuwRCQ16M2hb8gkYbRFbJphDeiKhMfmtUgbGOais9pwisuALOD9w,EUW1_7813006584
RF27jCf5J0FcJ2P-3BjJU59RJ1tuwRCQ16M2hb8gkYbRFbJphDeiKhMfmtUgbGOais9pwisuALOD9w,EUW1_7812843580
RF27jCf5J0FcJ2P-3BjJU59RJ1tuwRCQ16M2hb8gkYbRFbJphDeiKhMfmtUgbGOais9pwisuALOD9w,EUW1_7811656463
RF27jCf5J0FcJ2P-3BjJU59RJ1tuwRCQ16M2hb8gkYbRFbJphDeiKhMfmtUgbGOais9pwisuALOD9w,EUW1_7811607416
0NTqAJQPw9AxM4X7EsneR0QEcMoftoZ8ZPZyo1YbPpdveF_DxQLmLEdejSM5mcERcv3apvIaSuBfqA,EUW1_7813712191
0NTqAJQPw9AxM4X7EsneR0QEcMoftoZ8ZPZyo1YbPpdveF_DxQLmLEdejSM5mcERcv3apvIaSuBfqA,EUW1_7813171943
0NTqAJQPw9AxM4X7EsneR0QEcMoftoZ8ZPZyo1YbPpdveF_DxQLmLEdejSM5mcERcv3apvIaSuBfqA,EUW1_7813130925
0NTqAJQPw9AxM4X7EsneR0QEcMoftoZ8ZPZyo1YbPpdveF_DxQLmLEdejSM5mcERcv3apvIaSuBfqA,EUW1_7812832693
0NTqAJQPw9AxM4X7EsneR0QEcMoftoZ8ZPZyo1YbPpdveF_DxQLmLEdejSM5mcERcv3apvIaSuBfqA,EUW1_7812813912
0NTqAJQPw9AxM4X7EsneR0QEcMoftoZ8ZPZyo1YbPpdveF_DxQLmLEdejSM5mcERcv3apvIaSuBfqA,EUW1_7812369216
0NTqAJQPw9AxM4X7EsneR0QEcMoftoZ8ZPZyo1YbPpdveF_DxQLmLEdejSM5mcERcv3apvIaSuBfqA,EUW1_7812315137
0NTqAJQPw9AxM4X7EsneR0QEcMoftoZ8ZPZyo1YbPpdveF_DxQLmLEdejSM5mcERcv3apvIaSuBfqA,EUW1_7812274224
0NTqAJQPw9AxM4X7EsneR0QEcMoftoZ8ZPZyo1YbPpdveF_DxQLmLEdejSM5mcERcv3apvIaSuBfqA,EUW1_7812229134
0NTqAJQPw9AxM4X7EsneR0QEcMoftoZ8ZPZyo1YbPpdveF_DxQLmLEdejSM5mcERcv3apvIaSuBfqA,EUW1_7812170514
O6Bn8A4qYG6cHhs0oI27lWCfwIRtoR17hy7Ssk8j8IxhhzpqoLoRhfO__EZiJI8muLoq4lsqvo_R8w,EUW1_7813380771
O6Bn8A4qYG6cHhs0oI27lWCfwIRtoR17hy7Ssk8j8IxhhzpqoLoRhfO__EZiJI8muLoq4lsqvo_R8w,EUW1_7813320983
O6Bn8A4qYG6cHhs0oI27lWCfwIRtoR17hy7Ssk8j8IxhhzpqoLoRhfO__EZiJI8muLoq4lsqvo_R8w,EUW1_7813259198
O6Bn8A4qYG6cHhs0oI27lWCfwIRtoR17hy7Ssk8j8IxhhzpqoLoRhfO__EZiJI8muLoq4lsqvo_R8w,EUW1_7812626054
O6Bn8A4qYG6cHhs0oI27lWCfwIRtoR17hy7Ssk8j8IxhhzpqoLoRhfO__EZiJI8muLoq4lsqvo_R8w,EUW1_7812567886
O6Bn8A4qYG6cHhs0oI27lWCfwIRtoR17hy7Ssk8j8IxhhzpqoLoRhfO__EZiJI8muLoq4lsqvo_R8w,EUW1_7812527568
O6Bn8A4qYG6cHhs0oI27lWCfwIRtoR17hy7Ssk8j8IxhhzpqoLoRhfO__EZiJI8muLoq4lsqvo_R8w,EUW1_7812458712
O6Bn8A4qYG6cHhs0oI27lWCfwIRtoR17hy7Ssk8j8IxhhzpqoLoRhfO__EZiJI8muLoq4lsqvo_R8w,EUW1_7812393621
O6Bn8A4qYG6cHhs0oI27lWCfwIRtoR17hy7Ssk8j8IxhhzpqoLoRhfO__EZiJI8muLoq4lsqvo_R8w,EUW1_7810145998
O6Bn8A4qYG6cHhs0oI27lWCfwIRtoR17hy7Ssk8j8IxhhzpqoLoRhfO__EZiJI8muLoq4lsqvo_R8w,EUW1_7810051015
VtV5h_C3rXGMKOUVnOVVRtpALLznDxBdZOMn-uOJuJS6iy8szpj_sR6ErWnTZaCQsgCMXkIP5C77Iw,EUW1_7806949650
VtV5h_C3rXGMKOUVnOVVRtpALLznDxBdZOMn-uOJuJS6iy8szpj_sR6ErWnTZaCQsgCMXkIP5C77Iw,EUW1_7806861902
VtV5h_C3rXGMKOUVnOVVRtpALLznDxBdZOMn-uOJuJS6iy8szpj_sR6ErWnTZaCQsgCMXkIP5C77Iw,EUW1_7806638369
VtV5h_C3rXGMKOUVnOVVRtpALLznDxBdZOMn-uOJuJS6iy8szpj_sR6ErWnTZaCQsgCMXkIP5C77Iw,EUW1_7806572703
VtV5h_C3rXGMKOUVnOVVRtpALLznDxBdZOMn-uOJuJS6iy8szpj_sR6ErWnTZaCQsgCMXkIP5C77Iw,EUW1_7806529408
VtV5h_C3rXGMKOUVnOVVRtpALLznDxBdZOMn-uOJuJS6iy8szpj_sR6ErWnTZaCQsgCMXkIP5C77Iw,EUW1_7806495842
VtV5h_C3rXGMKOUVnOVVRtpALLznDxBdZOMn-uOJuJS6iy8szpj_sR6ErWnTZaCQsgCMXkIP5C77Iw,EUW1_7806451234
VtV5h_C3rXGMKOUVnOVVRtpALLznDxBdZOMn-uOJuJS6iy8szpj_sR6ErWnTZaCQsgCMXkIP5C77Iw,EUW1_7806408265
VtV5h_C3rXGMKOUVnOVVRtpALLznDxBdZOMn-uOJuJS6iy8szpj_sR6ErWnTZaCQsgCMXkIP5C77Iw,EUW1_7806369189
VtV5h_C3rXGMKOUVnOVVRtpALLznDxBdZOMn-uOJuJS6iy8szpj_sR6ErWnTZaCQsgCMXkIP5C77Iw,EUW1_7806343113
fX-ivXx9V4OWV0MMbNTynmbF4gQJiN9CtrHcqGX7jbw3cPKeMlsreCJfRcF11IA5_eGp0zyAcokUUQ,EUW1_7810362428
fX-ivXx9V4OWV0MMbNTynmbF4gQJiN9CtrHcqGX7jbw3cPKeMlsreCJfRcF11IA5_eGp0zyAcokUUQ,EUW1_7810321028
fX-ivXx9V4OWV0MMbNTynmbF4gQJiN9CtrHcqGX7jbw3cPKeMlsreCJfRcF11IA5_eGp0zyAcokUUQ,EUW1_7810256812
fX-ivXx9V4OWV0MMbNTynmbF4gQJiN9CtrHcqGX7jbw3cPKeMlsreCJfRcF11IA5_eGp0zyAcokUUQ,EUW1_7810203934
fX-ivXx9V4OWV0MMbNTynmbF4gQJiN9CtrHcqGX7jbw3cPKeMlsreCJfRcF11IA5_eGp0zyAcokUUQ,EUW1_7810142111
fX-ivXx9V4OWV0MMbNTynmbF4gQJiN9CtrHcqGX7jbw3cPKeMlsreCJfRcF11IA5_eGp0zyAcokUUQ,EUW1_7810105171
fX-ivXx9V4OWV0MMbNTynmbF4gQJiN9CtrHcqGX7jbw3cPKeMlsreCJfRcF11IA5_eGp0zyAcokUUQ,EUW1_7810073064
fX-ivXx9V4OWV0MMbNTynmbF4gQJiN9CtrHcqGX7jbw3cPKeMlsreCJfRcF11IA5_eGp0zyAcokUUQ,EUW1_7809966344
fX-ivXx9V4OWV0MMbNTynmbF4gQJiN9CtrHcqGX7jbw3cPKeMlsreCJfRcF11IA5_eGp0zyAcokUUQ,EUW1_7809933823
fX-ivXx9V4OWV0MMbNTynmbF4gQJiN9CtrHcqGX7jbw3cPKeMlsreCJfRcF11IA5_eGp0zyAcokUUQ,EUW1_7809895935
Wt3gVpSCS6snj07ojo4XL1PO6oUGP6hB9FwIqNAD9tcZjEKf6sFVRsXyb6u9D3cfwIS5pcSajHuuTg,EUW1_7813785990
Wt3gVpSCS6snj07ojo4XL1PO6oUGP6hB9FwIqNAD9tcZjEKf6sFVRsXyb6u9D3cfwIS5pcSajHuuTg,EUW1_7813764637
Wt3gVpSCS6snj07ojo4XL1PO6oUGP6hB9FwIqNAD9tcZjEKf6sFVRsXyb6u9D3cfwIS5pcSajHuuTg,EUW1_7813723724
Wt3gVpSCS6snj07ojo4XL1PO6oUGP6hB9FwIqNAD9tcZjEKf6sFVRsXyb6u9D3cfwIS5pcSajHuuTg,EUW1_7813353003
Wt3gVpSCS6snj07ojo4XL1PO6oUGP6hB9FwIqNAD9tcZjEKf6sFVRsXyb6u9D3cfwIS5pcSajHuuTg,EUW1_7813274128
Wt3gVpSCS6snj07ojo4XL1PO6oUGP6hB9FwIqNAD9tcZjEKf6sFVRsXyb6u9D3cfwIS5pcSajHuuTg,EUW1_7812779916
Wt3gVpSCS6snj07ojo4XL1PO6oUGP6hB9FwIqNAD9tcZjEKf6sFVRsXyb6u9D3cfwIS5pcSajHuuTg,EUW1_7812753510
Wt3gVpSCS6snj07ojo4XL1PO6oUGP6hB9FwIqNAD9tcZjEKf6sFVRsXyb6u9D3cfwIS5pcSajHuuTg,EUW1_7812716587
Wt3gVpSCS6snj07ojo4XL1PO6oUGP6hB9FwIqNAD9tcZjEKf6sFVRsXyb6u9D3cfwIS5pcSajHuuTg,EUW1_7810461718
Wt3gVpSCS6snj07ojo4XL1PO6oUGP6hB9FwIqNAD9tcZjEKf6sFVRsXyb6u9D3cfwIS5pcSajHuuTg,EUW1_7810422791
kCMp8mWNx9L3leqmKepXGXKfCjcwvEFvXqdiVnhTQ6hhIHRttd0Xj1V7e9ikPFERIXpIzHX2sdHwMw,EUW1_7813840820
kCMp8mWNx9L3leqmKepXGXKfCjcwvEFvXqdiVnhTQ6hhIHRttd0Xj1V7e9ikPFERIXpIzHX2sdHwMw,EUW1_7813839505
kCMp8mWNx9L3leqmKepXGXKfCjcwvEFvXqdiVnhTQ6hhIHRttd0Xj1V7e9ikPFERIXpIzHX2sdHwMw,EUW1_7813826215
kCMp8mWNx9L3leqmKepXGXKfCjcwvEFvXqdiVnhTQ6hhIHRttd0Xj1V7e9ikPFERIXpIzHX2sdHwMw,EUW1_7813819248
kCMp8mWNx9L3leqmKepXGXKfCjcwvEFvXqdiVnhTQ6hhIHRttd0Xj1V7e9ikPFERIXpIzHX2sdHwMw,EUW1_7813809969
kCMp8mWNx9L3leqmKepXGXKfCjcwvEFvXqdiVnhTQ6hhIHRttd0Xj1V7e9ikPFERIXpIzHX2sdHwMw,EUW1_7813797164
kCMp8mWNx9L3leqmKepXGXKfCjcwvEFvXqdiVnhTQ6hhIHRttd0Xj1V7e9ikPFERIXpIzHX2sdHwMw,EUW1_7813785990
kCMp8mWNx9L3leqmKepXGXKfCjcwvEFvXqdiVnhTQ6hhIHRttd0Xj1V7e9ikPFERIXpIzHX2sdHwMw,EUW1_7813766636
kCMp8mWNx9L3leqmKepXGXKfCjcwvEFvXqdiVnhTQ6hhIHRttd0Xj1V7e9ikPFERIXpIzHX2sdHwMw,EUW1_7813742184
kCMp8mWNx9L3leqmKepXGXKfCjcwvEFvXqdiVnhTQ6hhIHRttd0Xj1V7e9ikPFERIXpIzHX2sdHwMw,EUW1_7813719063
FbzHDjj2PqeI7XGMT3rnrbSroSQM1kHrB1TKZdc57ygXyiRdNnJPYo96KXnQYi6laCudiut5B_x5oA,EUW1_7813722367
FbzHDjj2PqeI7XGMT3rnrbSroSQM1kHrB1TKZdc57ygXyiRdNnJPYo96KXnQYi6laCudiut5B_x5oA,EUW1_7813675722
FbzHDjj2PqeI7XGMT3rnrbSroSQM1kHrB1TKZdc57ygXyiRdNnJPYo96KXnQYi6laCudiut5B_x5oA,EUW1_7813583967
FbzHDjj2PqeI7XGMT3rnrbSroSQM1kHrB1TKZdc57ygXyiRdNnJPYo96KXnQYi6laCudiut5B_x5oA,EUW1_7813512467
FbzHDjj2PqeI7XGMT3rnrbSroSQM1kHrB1TKZdc57ygXyiRdNnJPYo96KXnQYi6laCudiut5B_x5oA,EUW1_7813471766
FbzHDjj2PqeI7XGMT3rnrbSroSQM1kHrB1TKZdc57ygXyiRdNnJPYo96KXnQYi6laCudiut5B_x5oA,EUW1_7812972087
FbzHDjj2PqeI7XGMT3rnrbSroSQM1kHrB1TKZdc57ygXyiRdNnJPYo96KXnQYi6laCudiut5B_x5oA,EUW1_7812950065
FbzHDjj2PqeI7XGMT3rnrbSroSQM1kHrB1TKZdc57ygXyiRdNnJPYo96KXnQYi6laCudiut5B_x5oA,EUW1_7812745770
FbzHDjj2PqeI7XGMT3rnrbSroSQM1kHrB1TKZdc57ygXyiRdNnJPYo96KXnQYi6laCudiut5B_x5oA,EUW1_7812603737
FbzHDjj2PqeI7XGMT3rnrbSroSQM1kHrB1TKZdc57ygXyiRdNnJPYo96KXnQYi6laCudiut5B_x5oA,EUW1_7812506829
C3I1v0EGyatZjeSyNaUj3AQAaRF_UN0RNnrwDTq5QjMNvFWN8KcmIebB9Klb-UK4o-AkrHfxVOO11A,EUW1_7813644052
C3I1v0EGyatZjeSyNaUj3AQAaRF_UN0RNnrwDTq5QjMNvFWN8KcmIebB9Klb-UK4o-AkrHfxVOO11A,EUW1_7813603023
C3I1v0EGyatZjeSyNaUj3AQAaRF_UN0RNnrwDTq5QjMNvFWN8KcmIebB9Klb-UK4o-AkrHfxVOO11A,EUW1_7813460257
C3I1v0EGyatZjeSyNaUj3AQAaRF_UN0RNnrwDTq5QjMNvFWN8KcmIebB9Klb-UK4o-AkrHfxVOO11A,EUW1_7813415882
C3I1v0EGyatZjeSyNaUj3AQAaRF_UN0RNnrwDTq5QjMNvFWN8KcmIebB9Klb-UK4o-AkrHfxVOO11A,EUW1_7812943464
C3I1v0EGyatZjeSyNaUj3AQAaRF_UN0RNnrwDTq5QjMNvFWN8KcmIebB9Klb-UK4o-AkrHfxVOO11A,EUW1_7812920312
C3I1v0EGyatZjeSyNaUj3AQAaRF_UN0RNnrwDTq5QjMNvFWN8KcmIebB9Klb-UK4o-AkrHfxVOO11A,EUW1_7812689283
C3I1v0EGyatZjeSyNaUj3AQAaRF_UN0RNnrwDTq5QjMNvFWN8KcmIebB9Klb-UK4o-AkrHfxVOO11A,EUW1_7812640216
C3I1v0EGyatZjeSyNaUj3AQAaRF_UN0RNnrwDTq5QjMNvFWN8KcmIebB9Klb-UK4o-AkrHfxVOO11A,EUW1_7812593260
C3I1v0EGyatZjeSyNaUj3AQAaRF_UN0RNnrwDTq5QjMNvFWN8KcmIebB9Klb-UK4o-AkrHfxVOO11A,EUW1_7812480555
EtWeGKQ3K2Mg8-dxWckjA_sC7-hpg6iSNqCK7tNjmnQwk1_n5IV6qXoORo7FbIjdu4byMXS_lVHeFA,EUW1_7813702321
EtWeGKQ3K2Mg8-dxWckjA_sC7-hpg6iSNqCK7tNjmnQwk1_n5IV6qXoORo7FbIjdu4byMXS_lVHeFA,EUW1_7813061439
EtWeGKQ3K2Mg8-dxWckjA_sC7-hpg6iSNqCK7tNjmnQwk1_n5IV6qXoORo7FbIjdu4byMXS_lVHeFA,EUW1_7813051579
EtWeGKQ3K2Mg8-dxWckjA_sC7-hpg6iSNqCK7tNjmnQwk1_n5IV6qXoORo7FbIjdu4byMXS_lVHeFA,EUW1_7812777310
EtWeGKQ3K2Mg8-dxWckjA_sC7-hpg6iSNqCK7tNjmnQwk1_n5IV6qXoORo7FbIjdu4byMXS_lVHeFA,EUW1_7812746025
EtWeGKQ3K2Mg8-dxWckjA_sC7-hpg6iSNqCK7tNjmnQwk1_n5IV6qXoORo7FbIjdu4byMXS_lVHeFA,EUW1_7809129188
EtWeGKQ3K2Mg8-dxWckjA_sC7-hpg6iSNqCK7tNjmnQwk1_n5IV6qXoORo7FbIjdu4byMXS_lVHeFA,EUW1_7809082353
EtWeGKQ3K2Mg8-dxWckjA_sC7-hpg6iSNqCK7tNjmnQwk1_n5IV6qXoORo7FbIjdu4byMXS_lVHeFA,EUW1_7809046213
EtWeGKQ3K2Mg8-dxWckjA_sC7-hpg6iSNqCK7tNjmnQwk1_n5IV6qXoORo7FbIjdu4byMXS_lVHeFA,EUW1_7808996509
EtWeGKQ3K2Mg8-dxWckjA_sC7-hpg6iSNqCK7tNjmnQwk1_n5IV6qXoORo7FbIjdu4byMXS_lVHeFA,EUW1_7808955587
_7ZcijsbMjIXm2QThwVRL0uMtT3FJ2bSLFE9pIKCdCYKWOI3F0p7TDMFJsxpsOEQ9MvZrFqwaP29nA,EUW1_7813695631
_7ZcijsbMjIXm2QThwVRL0uMtT3FJ2bSLFE9pIKCdCYKWOI3F0p7TDMFJsxpsOEQ9MvZrFqwaP29nA,EUW1_7813543067
_7ZcijsbMjIXm2QThwVRL0uMtT3FJ2bSLFE9pIKCdCYKWOI3F0p7TDMFJsxpsOEQ9MvZrFqwaP29nA,EUW1_7813489226
_7ZcijsbMjIXm2QThwVRL0uMtT3FJ2bSLFE9pIKCdCYKWOI3F0p7TDMFJsxpsOEQ9MvZrFqwaP29nA,EUW1_7813436272
_7ZcijsbMjIXm2QThwVRL0uMtT3FJ2bSLFE9pIKCdCYKWOI3F0p7TDMFJsxpsOEQ9MvZrFqwaP29nA,EUW1_7813074275
_7ZcijsbMjIXm2QThwVRL0uMtT3FJ2bSLFE9pIKCdCYKWOI3F0p7TDMFJsxpsOEQ9MvZrFqwaP29nA,EUW1_7813055609
_7ZcijsbMjIXm2QThwVRL0uMtT3FJ2bSLFE9pIKCdCYKWOI3F0p7TDMFJsxpsOEQ9MvZrFqwaP29nA,EUW1_7813013526
_7ZcijsbMjIXm2QThwVRL0uMtT3FJ2bSLFE9pIKCdCYKWOI3F0p7TDMFJsxpsOEQ9MvZrFqwaP29nA,EUW1_7812977621
_7ZcijsbMjIXm2QThwVRL0uMtT3FJ2bSLFE9pIKCdCYKWOI3F0p7TDMFJsxpsOEQ9MvZrFqwaP29nA,EUW1_7812951241
_7ZcijsbMjIXm2QThwVRL0uMtT3FJ2bSLFE9pIKCdCYKWOI3F0p7TDMFJsxpsOEQ9MvZrFqwaP29nA,EUW1_7812355828
627nQTO0TKvvU4BpN1uieiWtIRBF9ukVbfkLdVUgGTeryH3Aid33tc5z7pLDp_Z8rkgpTwgU5LVCfg,EUW1_7813723724
627nQTO0TKvvU4BpN1uieiWtIRBF9ukVbfkLdVUgGTeryH3Aid33tc5z7pLDp_Z8rkgpTwgU5LVCfg,EUW1_7813689305
627nQTO0TKvvU4BpN1uieiWtIRBF9ukVbfkLdVUgGTeryH3Aid33tc5z7pLDp_Z8rkgpTwgU5LVCfg,EUW1_7813647920
627nQTO0TKvvU4BpN1uieiWtIRBF9ukVbfkLdVUgGTeryH3Aid33tc5z7pLDp_Z8rkgpTwgU5LVCfg,EUW1_7813612259
627nQTO0TKvvU4BpN1uieiWtIRBF9ukVbfkLdVUgGTeryH3Aid33tc5z7pLDp_Z8rkgpTwgU5LVCfg,EUW1_7813557004
627nQTO0TKvvU4BpN1uieiWtIRBF9ukVbfkLdVUgGTeryH3Aid33tc5z7pLDp_Z8rkgpTwgU5LVCfg,EUW1_7813489063
627nQTO0TKvvU4BpN1uieiWtIRBF9ukVbfkLdVUgGTeryH3Aid33tc5z7pLDp_Z8rkgpTwgU5LVCfg,EUW1_7813441358
627nQTO0TKvvU4BpN1uieiWtIRBF9ukVbfkLdVUgGTeryH3Aid33tc5z7pLDp_Z8rkgpTwgU5LVCfg,EUW1_7813416077
627nQTO0TKvvU4BpN1uieiWtIRBF9ukVbfkLdVUgGTeryH3Aid33tc5z7pLDp_Z8rkgpTwgU5LVCfg,EUW1_7812932883
627nQTO0TKvvU4BpN1uieiWtIRBF9ukVbfkLdVUgGTeryH3Aid33tc5z7pLDp_Z8rkgpTwgU5LVCfg,EUW1_7812581107
Tv6UMY_2z-9OV64EKjyCbOtFNaAec4NXDQw1UIVWOR5cNVTOTetRnT95mjoXf4t05McMlumobEiWwQ,EUW1_7813643950
Tv6UMY_2z-9OV64EKjyCbOtFNaAec4NXDQw1UIVWOR5cNVTOTetRnT95mjoXf4t05McMlumobEiWwQ,EUW1_7813596925
Tv6UMY_2z-9OV64EKjyCbOtFNaAec4NXDQw1UIVWOR5cNVTOTetRnT95mjoXf4t05McMlumobEiWwQ,EUW1_7813543821
Tv6UMY_2z-9OV64EKjyCbOtFNaAec4NXDQw1UIVWOR5cNVTOTetRnT95mjoXf4t05McMlumobEiWwQ,EUW1_7813483143
Tv6UMY_2z-9OV64EKjyCbOtFNaAec4NXDQw1UIVWOR5cNVTOTetRnT95mjoXf4t05McMlumobEiWwQ,EUW1_7813410963
Tv6UMY_2z-9OV64EKjyCbOtFNaAec4NXDQw1UIVWOR5cNVTOTetRnT95mjoXf4t05McMlumobEiWwQ,EUW1_7813368326
Tv6UMY_2z-9OV64EKjyCbOtFNaAec4NXDQw1UIVWOR5cNVTOTetRnT95mjoXf4t05McMlumobEiWwQ,EUW1_7813319735
Tv6UMY_2z-9OV64EKjyCbOtFNaAec4NXDQw1UIVWOR5cNVTOTetRnT95mjoXf4t05McMlumobEiWwQ,EUW1_7813259198
Tv6UMY_2z-9OV64EKjyCbOtFNaAec4NXDQw1UIVWOR5cNVTOTetRnT95mjoXf4t05McMlumobEiWwQ,EUW1_7813225985
Tv6UMY_2z-9OV64EKjyCbOtFNaAec4NXDQw1UIVWOR5cNVTOTetRnT95mjoXf4t05McMlumobEiWwQ,EUW1_7813186457
BzGII1CGe-7fHuUjVgvjT378V321OhQqkiw2_GhrSzIuZd1tLc7LaSg5axGN4t5p8Z-nFKSStSObNw,EUW1_7812832467
BzGII1CGe-7fHuUjVgvjT378V321OhQqkiw2_GhrSzIuZd1tLc7LaSg5axGN4t5p8Z-nFKSStSObNw,EUW1_7812813912
BzGII1CGe-7fHuUjVgvjT378V321OhQqkiw2_GhrSzIuZd1tLc7LaSg5axGN4t5p8Z-nFKSStSObNw,EUW1_7812791289
BzGII1CGe-7fHuUjVgvjT378V321OhQqkiw2_GhrSzIuZd1tLc7LaSg5axGN4t5p8Z-nFKSStSObNw,EUW1_7812768441
BzGII1CGe-7fHuUjVgvjT378V321OhQqkiw2_GhrSzIuZd1tLc7LaSg5axGN4t5p8Z-nFKSStSObNw,EUW1_7812732510
BzGII1CGe-7fHuUjVgvjT378V321OhQqkiw2_GhrSzIuZd1tLc7LaSg5axGN4t5p8Z-nFKSStSObNw,EUW1_7812696674
BzGII1CGe-7fHuUjVgvjT378V321OhQqkiw2_GhrSzIuZd1tLc7LaSg5axGN4t5p8Z-nFKSStSObNw,EUW1_7812651260
BzGII1CGe-7fHuUjVgvjT378V321OhQqkiw2_GhrSzIuZd1tLc7LaSg5axGN4t5p8Z-nFKSStSObNw,EUW1_7812603737
BzGII1CGe-7fHuUjVgvjT378V321OhQqkiw2_GhrSzIuZd1tLc7LaSg5axGN4t5p8Z-nFKSStSObNw,EUW1_7812544000
BzGII1CGe-7fHuUjVgvjT378V321OhQqkiw2_GhrSzIuZd1tLc7LaSg5axGN4t5p8Z-nFKSStSObNw,EUW1_7812478883
0WYBDTa_4J9C-MH2oS_v1owiK10nlFgvdAiDGJvwLnMVTnRVPS009vUThyjT4VhSeGQ2kDQKllYn6A,EUW1_7813230030
0WYBDTa_4J9C-MH2oS_v1owiK10nlFgvdAiDGJvwLnMVTnRVPS009vUThyjT4VhSeGQ2kDQKllYn6A,EUW1_7813171943
0WYBDTa_4J9C-MH2oS_v1owiK10nlFgvdAiDGJvwLnMVTnRVPS009vUThyjT4VhSeGQ2kDQKllYn6A,EUW1_7813146787
0WYBDTa_4J9C-MH2oS_v1owiK10nlFgvdAiDGJvwLnMVTnRVPS009vUThyjT4VhSeGQ2kDQKllYn6A,EUW1_7813114584
0WYBDTa_4J9C-MH2oS_v1owiK10nlFgvdAiDGJvwLnMVTnRVPS009vUThyjT4VhSeGQ2kDQKllYn6A,EUW1_7813085464
0WYBDTa_4J9C-MH2oS_v1owiK10nlFgvdAiDGJvwLnMVTnRVPS009vUThyjT4VhSeGQ2kDQKllYn6A,EUW1_7813052852
0WYBDTa_4J9C-MH2oS_v1owiK10nlFgvdAiDGJvwLnMVTnRVPS009vUThyjT4VhSeGQ2kDQKllYn6A,EUW1_7813022298
0WYBDTa_4J9C-MH2oS_v1owiK10nlFgvdAiDGJvwLnMVTnRVPS009vUThyjT4VhSeGQ2kDQKllYn6A,EUW1_7812991709
0WYBDTa_4J9C-MH2oS_v1owiK10nlFgvdAiDGJvwLnMVTnRVPS009vUThyjT4VhSeGQ2kDQKllYn6A,EUW1_7812961908
0WYBDTa_4J9C-MH2oS_v1owiK10nlFgvdAiDGJvwLnMVTnRVPS009vUThyjT4VhSeGQ2kDQKllYn6A,EUW1_7812939545
NGKRkcDGC__MQ5Vgp_XTn0ntRgUVrpXUc_PNAqeuhSAxWeECNBEJg-oRUKtNFPwP2Z2ob6x0zRIIaA,EUW1_7813647578
NGKRkcDGC__MQ5Vgp_XTn0ntRgUVrpXUc_PNAqeuhSAxWeECNBEJg-oRUKtNFPwP2Z2ob6x0zRIIaA,EUW1_7813596768
NGKRkcDGC__MQ5Vgp_XTn0ntRgUVrpXUc_PNAqeuhSAxWeECNBEJg-oRUKtNFPwP2Z2ob6x0zRIIaA,EUW1_7813544074
NGKRkcDGC__MQ5Vgp_XTn0ntRgUVrpXUc_PNAqeuhSAxWeECNBEJg-oRUKtNFPwP2Z2ob6x0zRIIaA,EUW1_7813499639
NGKRkcDGC__MQ5Vgp_XTn0ntRgUVrpXUc_PNAqeuhSAxWeECNBEJg-oRUKtNFPwP2Z2ob6x0zRIIaA,EUW1_7813466147
NGKRkcDGC__MQ5Vgp_XTn0ntRgUVrpXUc_PNAqeuhSAxWeECNBEJg-oRUKtNFPwP2Z2ob6x0zRIIaA,EUW1_7813410963
NGKRkcDGC__MQ5Vgp_XTn0ntRgUVrpXUc_PNAqeuhSAxWeECNBEJg-oRUKtNFPwP2Z2ob6x0zRIIaA,EUW1_7813353237
NGKRkcDGC__MQ5Vgp_XTn0ntRgUVrpXUc_PNAqeuhSAxWeECNBEJg-oRUKtNFPwP2Z2ob6x0zRIIaA,EUW1_7813292184
NGKRkcDGC__MQ5Vgp_XTn0ntRgUVrpXUc_PNAqeuhSAxWeECNBEJg-oRUKtNFPwP2Z2ob6x0zRIIaA,EUW1_7813256465
NGKRkcDGC__MQ5Vgp_XTn0ntRgUVrpXUc_PNAqeuhSAxWeECNBEJg-oRUKtNFPwP2Z2ob6x0zRIIaA,EUW1_7813220905
ja6yu6I3ovD5V7L2YRAuvtg9-6lkF4dVHjt3TXKWwGlH5nro2hwxHK673rDs90CqGJmATLQa8VhTKw,EUW1_7813576904
ja6yu6I3ovD5V7L2YRAuvtg9-6lkF4dVHjt3TXKWwGlH5nro2hwxHK673rDs90CqGJmATLQa8VhTKw,EUW1_7813514000
ja6yu6I3ovD5V7L2YRAuvtg9-6lkF4dVHjt3TXKWwGlH5nro2hwxHK673rDs90CqGJmATLQa8VhTKw,EUW1_7813482960
ja6yu6I3ovD5V7L2YRAuvtg9-6lkF4dVHjt3TXKWwGlH5nro2hwxHK673rDs90CqGJmATLQa8VhTKw,EUW1_7813434649
ja6yu6I3ovD5V7L2YRAuvtg9-6lkF4dVHjt3TXKWwGlH5nro2hwxHK673rDs90CqGJmATLQa8VhTKw,EUW1_7813374576
ja6yu6I3ovD5V7L2YRAuvtg9-6lkF4dVHjt3TXKWwGlH5nro2hwxHK673rDs90CqGJmATLQa8VhTKw,EUW1_7812943464
ja6yu6I3ovD5V7L2YRAuvtg9-6lkF4dVHjt3TXKWwGlH5nro2hwxHK673rDs90CqGJmATLQa8VhTKw,EUW1_7811436172
ja6yu6I3ovD5V7L2YRAuvtg9-6lkF4dVHjt3TXKWwGlH5nro2hwxHK673rDs90CqGJmATLQa8VhTKw,EUW1_7811384162
ja6yu6I3ovD5V7L2YRAuvtg9-6lkF4dVHjt3TXKWwGlH5nro2hwxHK673rDs90CqGJmATLQa8VhTKw,EUW1_7811335813
ja6yu6I3ovD5V7L2YRAuvtg9-6lkF4dVHjt3TXKWwGlH5nro2hwxHK673rDs90CqGJmATLQa8VhTKw,EUW1_7809931539
fo6lIoFVcQPzoEABpmKaJRqnvCIpBx0NVCaEIVr3pZpmix8zTyT2pbMe9drcQbnrlxHmt44oduOdEQ,EUW1_7813506756
fo6lIoFVcQPzoEABpmKaJRqnvCIpBx0NVCaEIVr3pZpmix8zTyT2pbMe9drcQbnrlxHmt44oduOdEQ,EUW1_7812926647
fo6lIoFVcQPzoEABpmKaJRqnvCIpBx0NVCaEIVr3pZpmix8zTyT2pbMe9drcQbnrlxHmt44oduOdEQ,EUW1_7812906266
fo6lIoFVcQPzoEABpmKaJRqnvCIpBx0NVCaEIVr3pZpmix8zTyT2pbMe9drcQbnrlxHmt44oduOdEQ,EUW1_7812081627
fo6lIoFVcQPzoEABpmKaJRqnvCIpBx0NVCaEIVr3pZpmix8zTyT2pbMe9drcQbnrlxHmt44oduOdEQ,EUW1_7812044297
fo6lIoFVcQPzoEABpmKaJRqnvCIpBx0NVCaEIVr3pZpmix8zTyT2pbMe9drcQbnrlxHmt44oduOdEQ,EUW1_7812014318
fo6lIoFVcQPzoEABpmKaJRqnvCIpBx0NVCaEIVr3pZpmix8zTyT2pbMe9drcQbnrlxHmt44oduOdEQ,EUW1_7811908413
fo6lIoFVcQPzoEABpmKaJRqnvCIpBx0NVCaEIVr3pZpmix8zTyT2pbMe9drcQbnrlxHmt44oduOdEQ,EUW1_7811846604
fo6lIoFVcQPzoEABpmKaJRqnvCIpBx0NVCaEIVr3pZpmix8zTyT2pbMe9drcQbnrlxHmt44oduOdEQ,EUW1_7811832117
fo6lIoFVcQPzoEABpmKaJRqnvCIpBx0NVCaEIVr3pZpmix8zTyT2pbMe9drcQbnrlxHmt44oduOdEQ,EUW1_7811812796
0cFM_rf-uJ2RtSzlGCP5oFL1U5JrSTBLqLnN6NKLaRVm7tUBFWnxKyVHnmDviJgqv5BMimCc9_mvbA,EUW1_7812809803
0cFM_rf-uJ2RtSzlGCP5oFL1U5JrSTBLqLnN6NKLaRVm7tUBFWnxKyVHnmDviJgqv5BMimCc9_mvbA,EUW1_7812778377
0cFM_rf-uJ2RtSzlGCP5oFL1U5JrSTBLqLnN6NKLaRVm7tUBFWnxKyVHnmDviJgqv5BMimCc9_mvbA,EUW1_7812741426
0cFM_rf-uJ2RtSzlGCP5oFL1U5JrSTBLqLnN6NKLaRVm7tUBFWnxKyVHnmDviJgqv5BMimCc9_mvbA,EUW1_7812710867
0cFM_rf-uJ2RtSzlGCP5oFL1U5JrSTBLqLnN6NKLaRVm7tUBFWnxKyVHnmDviJgqv5BMimCc9_mvbA,EUW1_7812674754
0cFM_rf-uJ2RtSzlGCP5oFL1U5JrSTBLqLnN6NKLaRVm7tUBFWnxKyVHnmDviJgqv5BMimCc9_mvbA,EUW1_7812632728
0cFM_rf-uJ2RtSzlGCP5oFL1U5JrSTBLqLnN6NKLaRVm7tUBFWnxKyVHnmDviJgqv5BMimCc9_mvbA,EUW1_7812593851
0cFM_rf-uJ2RtSzlGCP5oFL1U5JrSTBLqLnN6NKLaRVm7tUBFWnxKyVHnmDviJgqv5BMimCc9_mvbA,EUW1_7811578118
0cFM_rf-uJ2RtSzlGCP5oFL1U5JrSTBLqLnN6NKLaRVm7tUBFWnxKyVHnmDviJgqv5BMimCc9_mvbA,EUW1_7811544726
0cFM_rf-uJ2RtSzlGCP5oFL1U5JrSTBLqLnN6NKLaRVm7tUBFWnxKyVHnmDviJgqv5BMimCc9_mvbA,EUW1_7811472552
FF_PSjaaMOk04AdBfDliMYA_aoKEFHMVtS83ymHm964OtqTJXXOJyWoYe1riuPI0f4z73Z_Dmk5jKA,EUW1_7804764739
FF_PSjaaMOk04AdBfDliMYA_aoKEFHMVtS83ymHm964OtqTJXXOJyWoYe1riuPI0f4z73Z_Dmk5jKA,EUW1_7804687234
FF_PSjaaMOk04AdBfDliMYA_aoKEFHMVtS83ymHm964OtqTJXXOJyWoYe1riuPI0f4z73Z_Dmk5jKA,EUW1_7804204269
FF_PSjaaMOk04AdBfDliMYA_aoKEFHMVtS83ymHm964OtqTJXXOJyWoYe1riuPI0f4z73Z_Dmk5jKA,EUW1_7803949197
FF_PSjaaMOk04AdBfDliMYA_aoKEFHMVtS83ymHm964OtqTJXXOJyWoYe1riuPI0f4z73Z_Dmk5jKA,EUW1_7803915291
FF_PSjaaMOk04AdBfDliMYA_aoKEFHMVtS83ymHm964OtqTJXXOJyWoYe1riuPI0f4z73Z_Dmk5jKA,EUW1_7803875099
FF_PSjaaMOk04AdBfDliMYA_aoKEFHMVtS83ymHm964OtqTJXXOJyWoYe1riuPI0f4z73Z_Dmk5jKA,EUW1_7803813238
FF_PSjaaMOk04AdBfDliMYA_aoKEFHMVtS83ymHm964OtqTJXXOJyWoYe1riuPI0f4z73Z_Dmk5jKA,EUW1_7798174260
FF_PSjaaMOk04AdBfDliMYA_aoKEFHMVtS83ymHm964OtqTJXXOJyWoYe1riuPI0f4z73Z_Dmk5jKA,EUW1_7798138216
FF_PSjaaMOk04AdBfDliMYA_aoKEFHMVtS83ymHm964OtqTJXXOJyWoYe1riuPI0f4z73Z_Dmk5jKA,EUW1_7798098263
2SiG1oxJIsN2Yskmt-GP9VHxEs2j422pBOfUvCFpppyJpYUWQfMU51Cp0yBCR1zrVQ8vQGH61TApxg,EUW1_7813881349
2SiG1oxJIsN2Yskmt-GP9VHxEs2j422pBOfUvCFpppyJpYUWQfMU51Cp0yBCR1zrVQ8vQGH61TApxg,EUW1_7813867360
2SiG1oxJIsN2Yskmt-GP9VHxEs2j422pBOfUvCFpppyJpYUWQfMU51Cp0yBCR1zrVQ8vQGH61TApxg,EUW1_7813865481
2SiG1oxJIsN2Yskmt-GP9VHxEs2j422pBOfUvCFpppyJpYUWQfMU51Cp0yBCR1zrVQ8vQGH61TApxg,EUW1_7813858736
2SiG1oxJIsN2Yskmt-GP9VHxEs2j422pBOfUvCFpppyJpYUWQfMU51Cp0yBCR1zrVQ8vQGH61TApxg,EUW1_7813849853
2SiG1oxJIsN2Yskmt-GP9VHxEs2j422pBOfUvCFpppyJpYUWQfMU51Cp0yBCR1zrVQ8vQGH61TApxg,EUW1_7813836428
2SiG1oxJIsN2Yskmt-GP9VHxEs2j422pBOfUvCFpppyJpYUWQfMU51Cp0yBCR1zrVQ8vQGH61TApxg,EUW1_7813838855
2SiG1oxJIsN2Yskmt-GP9VHxEs2j422pBOfUvCFpppyJpYUWQfMU51Cp0yBCR1zrVQ8vQGH61TApxg,EUW1_7813835623
2SiG1oxJIsN2Yskmt-GP9VHxEs2j422pBOfUvCFpppyJpYUWQfMU51Cp0yBCR1zrVQ8vQGH61TApxg,EUW1_7813827814
2SiG1oxJIsN2Yskmt-GP9VHxEs2j422pBOfUvCFpppyJpYUWQfMU51Cp0yBCR1zrVQ8vQGH61TApxg,EUW1_7813819946
nKp463F9b98gkZEC7Q2TMMA8jaIZ2D0nHp_G3co6yjdkzqLe64XlvpQEnRxK6l4jiXczrJw8V3UASw,EUW1_7813157824
nKp463F9b98gkZEC7Q2TMMA8jaIZ2D0nHp_G3co6yjdkzqLe64XlvpQEnRxK6l4jiXczrJw8V3UASw,EUW1_7813118763
nKp463F9b98gkZEC7Q2TMMA8jaIZ2D0nHp_G3co6yjdkzqLe64XlvpQEnRxK6l4jiXczrJw8V3UASw,EUW1_7813085464
nKp463F9b98gkZEC7Q2TMMA8jaIZ2D0nHp_G3co6yjdkzqLe64XlvpQEnRxK6l4jiXczrJw8V3UASw,EUW1_7813055609
nKp463F9b98gkZEC7Q2TMMA8jaIZ2D0nHp_G3co6yjdkzqLe64XlvpQEnRxK6l4jiXczrJw8V3UASw,EUW1_7813020866
nKp463F9b98gkZEC7Q2TMMA8jaIZ2D0nHp_G3co6yjdkzqLe64XlvpQEnRxK6l4jiXczrJw8V3UASw,EUW1_7812989104
nKp463F9b98gkZEC7Q2TMMA8jaIZ2D0nHp_G3co6yjdkzqLe64XlvpQEnRxK6l4jiXczrJw8V3UASw,EUW1_7812960472
nKp463F9b98gkZEC7Q2TMMA8jaIZ2D0nHp_G3co6yjdkzqLe64XlvpQEnRxK6l4jiXczrJw8V3UASw,EUW1_7811891977
nKp463F9b98gkZEC7Q2TMMA8jaIZ2D0nHp_G3co6yjdkzqLe64XlvpQEnRxK6l4jiXczrJw8V3UASw,EUW1_7811868137
nKp463F9b98gkZEC7Q2TMMA8jaIZ2D0nHp_G3co6yjdkzqLe64XlvpQEnRxK6l4jiXczrJw8V3UASw,EUW1_7807821280
2O7GXS6GfKDR6Qxb9Ogp4kxenR8JWGigl2yvXw4OQbulAEXuWhOi4NuXYDun8R6lAjimQ44KFlFckA,EUW1_7813689747
2O7GXS6GfKDR6Qxb9Ogp4kxenR8JWGigl2yvXw4OQbulAEXuWhOi4NuXYDun8R6lAjimQ44KFlFckA,EUW1_7813643950
2O7GXS6GfKDR6Qxb9Ogp4kxenR8JWGigl2yvXw4OQbulAEXuWhOi4NuXYDun8R6lAjimQ44KFlFckA,EUW1_7813596925
2O7GXS6GfKDR6Qxb9Ogp4kxenR8JWGigl2yvXw4OQbulAEXuWhOi4NuXYDun8R6lAjimQ44KFlFckA,EUW1_7813573457
2O7GXS6GfKDR6Qxb9Ogp4kxenR8JWGigl2yvXw4OQbulAEXuWhOi4NuXYDun8R6lAjimQ44KFlFckA,EUW1_7813499639
2O7GXS6GfKDR6Qxb9Ogp4kxenR8JWGigl2yvXw4OQbulAEXuWhOi4NuXYDun8R6lAjimQ44KFlFckA,EUW1_7813160938
2O7GXS6GfKDR6Qxb9Ogp4kxenR8JWGigl2yvXw4OQbulAEXuWhOi4NuXYDun8R6lAjimQ44KFlFckA,EUW1_7812972087
2O7GXS6GfKDR6Qxb9Ogp4kxenR8JWGigl2yvXw4OQbulAEXuWhOi4NuXYDun8R6lAjimQ44KFlFckA,EUW1_7812950065
2O7GXS6GfKDR6Qxb9Ogp4kxenR8JWGigl2yvXw4OQbulAEXuWhOi4NuXYDun8R6lAjimQ44KFlFckA,EUW1_7812761388
2O7GXS6GfKDR6Qxb9Ogp4kxenR8JWGigl2yvXw4OQbulAEXuWhOi4NuXYDun8R6lAjimQ44KFlFckA,EUW1_7808822815
GbXI3qn4vtlCXNEwJTUeq6t7P1DqnuaanQ3DCMH4iYlihEZE4V0Ru1JR1KaAwD2tzeDjW75pZwaVlQ,EUW1_7813697226
GbXI3qn4vtlCXNEwJTUeq6t7P1DqnuaanQ3DCMH4iYlihEZE4V0Ru1JR1KaAwD2tzeDjW75pZwaVlQ,EUW1_7813640044
GbXI3qn4vtlCXNEwJTUeq6t7P1DqnuaanQ3DCMH4iYlihEZE4V0Ru1JR1KaAwD2tzeDjW75pZwaVlQ,EUW1_7813374576
GbXI3qn4vtlCXNEwJTUeq6t7P1DqnuaanQ3DCMH4iYlihEZE4V0Ru1JR1KaAwD2tzeDjW75pZwaVlQ,EUW1_7813313262
GbXI3qn4vtlCXNEwJTUeq6t7P1DqnuaanQ3DCMH4iYlihEZE4V0Ru1JR1KaAwD2tzeDjW75pZwaVlQ,EUW1_7813274660
GbXI3qn4vtlCXNEwJTUeq6t7P1DqnuaanQ3DCMH4iYlihEZE4V0Ru1JR1KaAwD2tzeDjW75pZwaVlQ,EUW1_7813242317
GbXI3qn4vtlCXNEwJTUeq6t7P1DqnuaanQ3DCMH4iYlihEZE4V0Ru1JR1KaAwD2tzeDjW75pZwaVlQ,EUW1_7813203123
GbXI3qn4vtlCXNEwJTUeq6t7P1DqnuaanQ3DCMH4iYlihEZE4V0Ru1JR1KaAwD2tzeDjW75pZwaVlQ,EUW1_7813167770
GbXI3qn4vtlCXNEwJTUeq6t7P1DqnuaanQ3DCMH4iYlihEZE4V0Ru1JR1KaAwD2tzeDjW75pZwaVlQ,EUW1_7813129237
GbXI3qn4vtlCXNEwJTUeq6t7P1DqnuaanQ3DCMH4iYlihEZE4V0Ru1JR1KaAwD2tzeDjW75pZwaVlQ,EUW1_7813001631
f8mDMpPZaO9HnlA_0BOzpQrRYkyJ5dSFRARNkYa4oaWxML8p3AlFEK-whIVHxgvXCGBjMCfODYSSvA,EUW1_7813810757
f8mDMpPZaO9HnlA_0BOzpQrRYkyJ5dSFRARNkYa4oaWxML8p3AlFEK-whIVHxgvXCGBjMCfODYSSvA,EUW1_7813799377
f8mDMpPZaO9HnlA_0BOzpQrRYkyJ5dSFRARNkYa4oaWxML8p3AlFEK-whIVHxgvXCGBjMCfODYSSvA,EUW1_7813794620
f8mDMpPZaO9HnlA_0BOzpQrRYkyJ5dSFRARNkYa4oaWxML8p3AlFEK-whIVHxgvXCGBjMCfODYSSvA,EUW1_7813697226
f8mDMpPZaO9HnlA_0BOzpQrRYkyJ5dSFRARNkYa4oaWxML8p3AlFEK-whIVHxgvXCGBjMCfODYSSvA,EUW1_7813651000
f8mDMpPZaO9HnlA_0BOzpQrRYkyJ5dSFRARNkYa4oaWxML8p3AlFEK-whIVHxgvXCGBjMCfODYSSvA,EUW1_7812710867
f8mDMpPZaO9HnlA_0BOzpQrRYkyJ5dSFRARNkYa4oaWxML8p3AlFEK-whIVHxgvXCGBjMCfODYSSvA,EUW1_7812536219
f8mDMpPZaO9HnlA_0BOzpQrRYkyJ5dSFRARNkYa4oaWxML8p3AlFEK-whIVHxgvXCGBjMCfODYSSvA,EUW1_7812478883
f8mDMpPZaO9HnlA_0BOzpQrRYkyJ5dSFRARNkYa4oaWxML8p3AlFEK-whIVHxgvXCGBjMCfODYSSvA,EUW1_7812431049
f8mDMpPZaO9HnlA_0BOzpQrRYkyJ5dSFRARNkYa4oaWxML8p3AlFEK-whIVHxgvXCGBjMCfODYSSvA,EUW1_7812378406
Z1-p7kstXhvUxt3DIZEFRoN1KTR2hGTAl5K-4DlPPv2J2S6jFh4ON2b4dkhvNbQteRNN7Ry9EyNiNw,EUW1_7812126939
Z1-p7kstXhvUxt3DIZEFRoN1KTR2hGTAl5K-4DlPPv2J2S6jFh4ON2b4dkhvNbQteRNN7Ry9EyNiNw,EUW1_7812063650
Z1-p7kstXhvUxt3DIZEFRoN1KTR2hGTAl5K-4DlPPv2J2S6jFh4ON2b4dkhvNbQteRNN7Ry9EyNiNw,EUW1_7812001988
Z1-p7kstXhvUxt3DIZEFRoN1KTR2hGTAl5K-4DlPPv2J2S6jFh4ON2b4dkhvNbQteRNN7Ry9EyNiNw,EUW1_7811908786
Z1-p7kstXhvUxt3DIZEFRoN1KTR2hGTAl5K-4DlPPv2J2S6jFh4ON2b4dkhvNbQteRNN7Ry9EyNiNw,EUW1_7811867474
Z1-p7kstXhvUxt3DIZEFRoN1KTR2hGTAl5K-4DlPPv2J2S6jFh4ON2b4dkhvNbQteRNN7Ry9EyNiNw,EUW1_7811846538
Z1-p7kstXhvUxt3DIZEFRoN1KTR2hGTAl5K-4DlPPv2J2S6jFh4ON2b4dkhvNbQteRNN7Ry9EyNiNw,EUW1_7811530210
Z1-p7kstXhvUxt3DIZEFRoN1KTR2hGTAl5K-4DlPPv2J2S6jFh4ON2b4dkhvNbQteRNN7Ry9EyNiNw,EUW1_7811472552
Z1-p7kstXhvUxt3DIZEFRoN1KTR2hGTAl5K-4DlPPv2J2S6jFh4ON2b4dkhvNbQteRNN7Ry9EyNiNw,EUW1_7811398494
Z1-p7kstXhvUxt3DIZEFRoN1KTR2hGTAl5K-4DlPPv2J2S6jFh4ON2b4dkhvNbQteRNN7Ry9EyNiNw,EUW1_7811095906
6wtloYUL-_w8hmztbH2FdiezaY1WeP13I3nJkXjY5-HaFyaFAYrHDnvFQnKg2lCaNmRgsXFd4MvEJw,EUW1_7812964798
6wtloYUL-_w8hmztbH2FdiezaY1WeP13I3nJkXjY5-HaFyaFAYrHDnvFQnKg2lCaNmRgsXFd4MvEJw,EUW1_7812935253
6wtloYUL-_w8hmztbH2FdiezaY1WeP13I3nJkXjY5-HaFyaFAYrHDnvFQnKg2lCaNmRgsXFd4MvEJw,EUW1_7812920312
6wtloYUL-_w8hmztbH2FdiezaY1WeP13I3nJkXjY5-HaFyaFAYrHDnvFQnKg2lCaNmRgsXFd4MvEJw,EUW1_7812213231
6wtloYUL-_w8hmztbH2FdiezaY1WeP13I3nJkXjY5-HaFyaFAYrHDnvFQnKg2lCaNmRgsXFd4MvEJw,EUW1_7812017763
6wtloYUL-_w8hmztbH2FdiezaY1WeP13I3nJkXjY5-HaFyaFAYrHDnvFQnKg2lCaNmRgsXFd4MvEJw,EUW1_7811917184
6wtloYUL-_w8hmztbH2FdiezaY1WeP13I3nJkXjY5-HaFyaFAYrHDnvFQnKg2lCaNmRgsXFd4MvEJw,EUW1_7811885953
6wtloYUL-_w8hmztbH2FdiezaY1WeP13I3nJkXjY5-HaFyaFAYrHDnvFQnKg2lCaNmRgsXFd4MvEJw,EUW1_7811864102
6wtloYUL-_w8hmztbH2FdiezaY1WeP13I3nJkXjY5-HaFyaFAYrHDnvFQnKg2lCaNmRgsXFd4MvEJw,EUW1_7810778832
6wtloYUL-_w8hmztbH2FdiezaY1WeP13I3nJkXjY5-HaFyaFAYrHDnvFQnKg2lCaNmRgsXFd4MvEJw,EUW1_7810727009
NcZdgXPLib7qaDDHvFUV-bOvjVWVrkhxLtwYnATJOBM4isWk7ZpjOl7YsUF06tIEJoXlqulAq0t16w,EUW1_7813103862
NcZdgXPLib7qaDDHvFUV-bOvjVWVrkhxLtwYnATJOBM4isWk7ZpjOl7YsUF06tIEJoXlqulAq0t16w,EUW1_7813081522
NcZdgXPLib7qaDDHvFUV-bOvjVWVrkhxLtwYnATJOBM4isWk7ZpjOl7YsUF06tIEJoXlqulAq0t16w,EUW1_7812946872
NcZdgXPLib7qaDDHvFUV-bOvjVWVrkhxLtwYnATJOBM4isWk7ZpjOl7YsUF06tIEJoXlqulAq0t16w,EUW1_7812922403
NcZdgXPLib7qaDDHvFUV-bOvjVWVrkhxLtwYnATJOBM4isWk7ZpjOl7YsUF06tIEJoXlqulAq0t16w,EUW1_7812910980
NcZdgXPLib7qaDDHvFUV-bOvjVWVrkhxLtwYnATJOBM4isWk7ZpjOl7YsUF06tIEJoXlqulAq0t16w,EUW1_7812893356
NcZdgXPLib7qaDDHvFUV-bOvjVWVrkhxLtwYnATJOBM4isWk7ZpjOl7YsUF06tIEJoXlqulAq0t16w,EUW1_7812886733
NcZdgXPLib7qaDDHvFUV-bOvjVWVrkhxLtwYnATJOBM4isWk7ZpjOl7YsUF06tIEJoXlqulAq0t16w,EUW1_7812881656
NcZdgXPLib7qaDDHvFUV-bOvjVWVrkhxLtwYnATJOBM4isWk7ZpjOl7YsUF06tIEJoXlqulAq0t16w,EUW1_7812238447
NcZdgXPLib7qaDDHvFUV-bOvjVWVrkhxLtwYnATJOBM4isWk7ZpjOl7YsUF06tIEJoXlqulAq0t16w,EUW1_7811951561
kHNAFNCaMJo2-d5KdUi60a0hN-qrxYYLXOoKBOC1wa-0ct29KFGyN7rksuiD3sqYZatYZTeCtFSAjg,EUW1_7813801696
kHNAFNCaMJo2-d5KdUi60a0hN-qrxYYLXOoKBOC1wa-0ct29KFGyN7rksuiD3sqYZatYZTeCtFSAjg,EUW1_7813785990
kHNAFNCaMJo2-d5KdUi60a0hN-qrxYYLXOoKBOC1wa-0ct29KFGyN7rksuiD3sqYZatYZTeCtFSAjg,EUW1_7813764637
kHNAFNCaMJo2-d5KdUi60a0hN-qrxYYLXOoKBOC1wa-0ct29KFGyN7rksuiD3sqYZatYZTeCtFSAjg,EUW1_7813735039
kHNAFNCaMJo2-d5KdUi60a0hN-qrxYYLXOoKBOC1wa-0ct29KFGyN7rksuiD3sqYZatYZTeCtFSAjg,EUW1_7813702321
kHNAFNCaMJo2-d5KdUi60a0hN-qrxYYLXOoKBOC1wa-0ct29KFGyN7rksuiD3sqYZatYZTeCtFSAjg,EUW1_7813675722
kHNAFNCaMJo2-d5KdUi60a0hN-qrxYYLXOoKBOC1wa-0ct29KFGyN7rksuiD3sqYZatYZTeCtFSAjg,EUW1_7813634566
kHNAFNCaMJo2-d5KdUi60a0hN-qrxYYLXOoKBOC1wa-0ct29KFGyN7rksuiD3sqYZatYZTeCtFSAjg,EUW1_7813599120
kHNAFNCaMJo2-d5KdUi60a0hN-qrxYYLXOoKBOC1wa-0ct29KFGyN7rksuiD3sqYZatYZTeCtFSAjg,EUW1_7813573457
kHNAFNCaMJo2-d5KdUi60a0hN-qrxYYLXOoKBOC1wa-0ct29KFGyN7rksuiD3sqYZatYZTeCtFSAjg,EUW1_7813526092
WbeKUXqC1TV2YeAImQG_xyTiYlVEdY9Vx6TYS1AueGXUMxa1VNTfEE0dM7SIkjura9q2QoR9EHN2qw,EUW1_7802881668
WbeKUXqC1TV2YeAImQG_xyTiYlVEdY9Vx6TYS1AueGXUMxa1VNTfEE0dM7SIkjura9q2QoR9EHN2qw,EUW1_7802865857
WbeKUXqC1TV2YeAImQG_xyTiYlVEdY9Vx6TYS1AueGXUMxa1VNTfEE0dM7SIkjura9q2QoR9EHN2qw,EUW1_7802853600
WbeKUXqC1TV2YeAImQG_xyTiYlVEdY9Vx6TYS1AueGXUMxa1VNTfEE0dM7SIkjura9q2QoR9EHN2qw,EUW1_7802841975
WbeKUXqC1TV2YeAImQG_xyTiYlVEdY9Vx6TYS1AueGXUMxa1VNTfEE0dM7SIkjura9q2QoR9EHN2qw,EUW1_7802820313
WbeKUXqC1TV2YeAImQG_xyTiYlVEdY9Vx6TYS1AueGXUMxa1VNTfEE0dM7SIkjura9q2QoR9EHN2qw,EUW1_7802815867
WbeKUXqC1TV2YeAImQG_xyTiYlVEdY9Vx6TYS1AueGXUMxa1VNTfEE0dM7SIkjura9q2QoR9EHN2qw,EUW1_7802807216
WbeKUXqC1TV2YeAImQG_xyTiYlVEdY9Vx6TYS1AueGXUMxa1VNTfEE0dM7SIkjura9q2QoR9EHN2qw,EUW1_7802794240
WbeKUXqC1TV2YeAImQG_xyTiYlVEdY9Vx6TYS1AueGXUMxa1VNTfEE0dM7SIkjura9q2QoR9EHN2qw,EUW1_7802788467
WbeKUXqC1TV2YeAImQG_xyTiYlVEdY9Vx6TYS1AueGXUMxa1VNTfEE0dM7SIkjura9q2QoR9EHN2qw,EUW1_7802767052
pM-1la4VDf88hXeU0_R9g7OAOsqBY15zSXYDe7YgbduEXyR0UT4_v98GNB4l3ysHbjTRvdfpIOabQQ,EUW1_7813785990
pM-1la4VDf88hXeU0_R9g7OAOsqBY15zSXYDe7YgbduEXyR0UT4_v98GNB4l3ysHbjTRvdfpIOabQQ,EUW1_7813764637
pM-1la4VDf88hXeU0_R9g7OAOsqBY15zSXYDe7YgbduEXyR0UT4_v98GNB4l3ysHbjTRvdfpIOabQQ,EUW1_7813723724
pM-1la4VDf88hXeU0_R9g7OAOsqBY15zSXYDe7YgbduEXyR0UT4_v98GNB4l3ysHbjTRvdfpIOabQQ,EUW1_7813498001
pM-1la4VDf88hXeU0_R9g7OAOsqBY15zSXYDe7YgbduEXyR0UT4_v98GNB4l3ysHbjTRvdfpIOabQQ,EUW1_7813466147
pM-1la4VDf88hXeU0_R9g7OAOsqBY15zSXYDe7YgbduEXyR0UT4_v98GNB4l3ysHbjTRvdfpIOabQQ,EUW1_7813353003
pM-1la4VDf88hXeU0_R9g7OAOsqBY15zSXYDe7YgbduEXyR0UT4_v98GNB4l3ysHbjTRvdfpIOabQQ,EUW1_7813274128
pM-1la4VDf88hXeU0_R9g7OAOsqBY15zSXYDe7YgbduEXyR0UT4_v98GNB4l3ysHbjTRvdfpIOabQQ,EUW1_7813215196
pM-1la4VDf88hXeU0_R9g7OAOsqBY15zSXYDe7YgbduEXyR0UT4_v98GNB4l3ysHbjTRvdfpIOabQQ,EUW1_7813166634
pM-1la4VDf88hXeU0_R9g7OAOsqBY15zSXYDe7YgbduEXyR0UT4_v98GNB4l3ysHbjTRvdfpIOabQQ,EUW1_7813146734
2RrSx9Y2_Hr_fLWWJ0VXa_pFST0jlpNPY1kcHjUA785hpCSiA1jrIA-O3FZ6X1-jx8k2qIU7rja_2g,EUW1_7810461718
2RrSx9Y2_Hr_fLWWJ0VXa_pFST0jlpNPY1kcHjUA785hpCSiA1jrIA-O3FZ6X1-jx8k2qIU7rja_2g,EUW1_7810430301
2RrSx9Y2_Hr_fLWWJ0VXa_pFST0jlpNPY1kcHjUA785hpCSiA1jrIA-O3FZ6X1-jx8k2qIU7rja_2g,EUW1_7809404803
2RrSx9Y2_Hr_fLWWJ0VXa_pFST0jlpNPY1kcHjUA785hpCSiA1jrIA-O3FZ6X1-jx8k2qIU7rja_2g,EUW1_7809385506
2RrSx9Y2_Hr_fLWWJ0VXa_pFST0jlpNPY1kcHjUA785hpCSiA1jrIA-O3FZ6X1-jx8k2qIU7rja_2g,EUW1_7809355287
2RrSx9Y2_Hr_fLWWJ0VXa_pFST0jlpNPY1kcHjUA785hpCSiA1jrIA-O3FZ6X1-jx8k2qIU7rja_2g,EUW1_7806624162
2RrSx9Y2_Hr_fLWWJ0VXa_pFST0jlpNPY1kcHjUA785hpCSiA1jrIA-O3FZ6X1-jx8k2qIU7rja_2g,EUW1_7806596780
2RrSx9Y2_Hr_fLWWJ0VXa_pFST0jlpNPY1kcHjUA785hpCSiA1jrIA-O3FZ6X1-jx8k2qIU7rja_2g,EUW1_7806558708
2RrSx9Y2_Hr_fLWWJ0VXa_pFST0jlpNPY1kcHjUA785hpCSiA1jrIA-O3FZ6X1-jx8k2qIU7rja_2g,EUW1_7806512195
2RrSx9Y2_Hr_fLWWJ0VXa_pFST0jlpNPY1kcHjUA785hpCSiA1jrIA-O3FZ6X1-jx8k2qIU7rja_2g,EUW1_7806465274
XBsYMq2zk0fbKgbhAuV6aSiZNzGOY-5NzrxBcPEqLuruHAu9SEQpHnoQ9HtHzQ6AEPlZXhlnjuVfjA,EUW1_7813870352
XBsYMq2zk0fbKgbhAuV6aSiZNzGOY-5NzrxBcPEqLuruHAu9SEQpHnoQ9HtHzQ6AEPlZXhlnjuVfjA,EUW1_7813865481
XBsYMq2zk0fbKgbhAuV6aSiZNzGOY-5NzrxBcPEqLuruHAu9SEQpHnoQ9HtHzQ6AEPlZXhlnjuVfjA,EUW1_7813849173
XBsYMq2zk0fbKgbhAuV6aSiZNzGOY-5NzrxBcPEqLuruHAu9SEQpHnoQ9HtHzQ6AEPlZXhlnjuVfjA,EUW1_7813836428
XBsYMq2zk0fbKgbhAuV6aSiZNzGOY-5NzrxBcPEqLuruHAu9SEQpHnoQ9HtHzQ6AEPlZXhlnjuVfjA,EUW1_7813619977
XBsYMq2zk0fbKgbhAuV6aSiZNzGOY-5NzrxBcPEqLuruHAu9SEQpHnoQ9HtHzQ6AEPlZXhlnjuVfjA,EUW1_7813554459
XBsYMq2zk0fbKgbhAuV6aSiZNzGOY-5NzrxBcPEqLuruHAu9SEQpHnoQ9HtHzQ6AEPlZXhlnjuVfjA,EUW1_7813293679
XBsYMq2zk0fbKgbhAuV6aSiZNzGOY-5NzrxBcPEqLuruHAu9SEQpHnoQ9HtHzQ6AEPlZXhlnjuVfjA,EUW1_7812912628
XBsYMq2zk0fbKgbhAuV6aSiZNzGOY-5NzrxBcPEqLuruHAu9SEQpHnoQ9HtHzQ6AEPlZXhlnjuVfjA,EUW1_7812778377
XBsYMq2zk0fbKgbhAuV6aSiZNzGOY-5NzrxBcPEqLuruHAu9SEQpHnoQ9HtHzQ6AEPlZXhlnjuVfjA,EUW1_7812606573
bSUxV4AvrP_o0rVD4VL5JbUOaK5WwSDJKbu69Dyrtt5NuNDtVF-wetRix0wRXjcOMqSAGp9bFaQlpg,EUW1_7813886659
bSUxV4AvrP_o0rVD4VL5JbUOaK5WwSDJKbu69Dyrtt5NuNDtVF-wetRix0wRXjcOMqSAGp9bFaQlpg,EUW1_7813654177
bSUxV4AvrP_o0rVD4VL5JbUOaK5WwSDJKbu69Dyrtt5NuNDtVF-wetRix0wRXjcOMqSAGp9bFaQlpg,EUW1_7813580326
bSUxV4AvrP_o0rVD4VL5JbUOaK5WwSDJKbu69Dyrtt5NuNDtVF-wetRix0wRXjcOMqSAGp9bFaQlpg,EUW1_7813543821
bSUxV4AvrP_o0rVD4VL5JbUOaK5WwSDJKbu69Dyrtt5NuNDtVF-wetRix0wRXjcOMqSAGp9bFaQlpg,EUW1_7813499639
bSUxV4AvrP_o0rVD4VL5JbUOaK5WwSDJKbu69Dyrtt5NuNDtVF-wetRix0wRXjcOMqSAGp9bFaQlpg,EUW1_7812946788
bSUxV4AvrP_o0rVD4VL5JbUOaK5WwSDJKbu69Dyrtt5NuNDtVF-wetRix0wRXjcOMqSAGp9bFaQlpg,EUW1_7812934672
bSUxV4AvrP_o0rVD4VL5JbUOaK5WwSDJKbu69Dyrtt5NuNDtVF-wetRix0wRXjcOMqSAGp9bFaQlpg,EUW1_7812920456
bSUxV4AvrP_o0rVD4VL5JbUOaK5WwSDJKbu69Dyrtt5NuNDtVF-wetRix0wRXjcOMqSAGp9bFaQlpg,EUW1_7812751706
bSUxV4AvrP_o0rVD4VL5JbUOaK5WwSDJKbu69Dyrtt5NuNDtVF-wetRix0wRXjcOMqSAGp9bFaQlpg,EUW1_7812722886
dLlI2wzOcSIDOLODqDR9ejzBMtwrQvsZfGzPCt591-Eb3Ta3Sj4eO-kfg4ASQKlg1msbPkYxa2iMRQ,EUW1_7813877016
dLlI2wzOcSIDOLODqDR9ejzBMtwrQvsZfGzPCt591-Eb3Ta3Sj4eO-kfg4ASQKlg1msbPkYxa2iMRQ,EUW1_7813849853
dLlI2wzOcSIDOLODqDR9ejzBMtwrQvsZfGzPCt591-Eb3Ta3Sj4eO-kfg4ASQKlg1msbPkYxa2iMRQ,EUW1_7813724966
dLlI2wzOcSIDOLODqDR9ejzBMtwrQvsZfGzPCt591-Eb3Ta3Sj4eO-kfg4ASQKlg1msbPkYxa2iMRQ,EUW1_7813695631
dLlI2wzOcSIDOLODqDR9ejzBMtwrQvsZfGzPCt591-Eb3Ta3Sj4eO-kfg4ASQKlg1msbPkYxa2iMRQ,EUW1_7813647920
dLlI2wzOcSIDOLODqDR9ejzBMtwrQvsZfGzPCt591-Eb3Ta3Sj4eO-kfg4ASQKlg1msbPkYxa2iMRQ,EUW1_7813603023
dLlI2wzOcSIDOLODqDR9ejzBMtwrQvsZfGzPCt591-Eb3Ta3Sj4eO-kfg4ASQKlg1msbPkYxa2iMRQ,EUW1_7813569313
dLlI2wzOcSIDOLODqDR9ejzBMtwrQvsZfGzPCt591-Eb3Ta3Sj4eO-kfg4ASQKlg1msbPkYxa2iMRQ,EUW1_7813521386
dLlI2wzOcSIDOLODqDR9ejzBMtwrQvsZfGzPCt591-Eb3Ta3Sj4eO-kfg4ASQKlg1msbPkYxa2iMRQ,EUW1_7813513160
dLlI2wzOcSIDOLODqDR9ejzBMtwrQvsZfGzPCt591-Eb3Ta3Sj4eO-kfg4ASQKlg1msbPkYxa2iMRQ,EUW1_7813482960
gozwNErbq7tpzT2InftDBDAwE7bZdqKZ-4GJcPRoqt8qzE3MKdXiMO4no_aaRuj6eXbpJk4jq_2MoA,EUW1_7812946872
gozwNErbq7tpzT2InftDBDAwE7bZdqKZ-4GJcPRoqt8qzE3MKdXiMO4no_aaRuj6eXbpJk4jq_2MoA,EUW1_7812940516
gozwNErbq7tpzT2InftDBDAwE7bZdqKZ-4GJcPRoqt8qzE3MKdXiMO4no_aaRuj6eXbpJk4jq_2MoA,EUW1_7812920312
gozwNErbq7tpzT2InftDBDAwE7bZdqKZ-4GJcPRoqt8qzE3MKdXiMO4no_aaRuj6eXbpJk4jq_2MoA,EUW1_7812244574
gozwNErbq7tpzT2InftDBDAwE7bZdqKZ-4GJcPRoqt8qzE3MKdXiMO4no_aaRuj6eXbpJk4jq_2MoA,EUW1_7810707480
gozwNErbq7tpzT2InftDBDAwE7bZdqKZ-4GJcPRoqt8qzE3MKdXiMO4no_aaRuj6eXbpJk4jq_2MoA,EUW1_7810696135
gozwNErbq7tpzT2InftDBDAwE7bZdqKZ-4GJcPRoqt8qzE3MKdXiMO4no_aaRuj6eXbpJk4jq_2MoA,EUW1_7809514487
gozwNErbq7tpzT2InftDBDAwE7bZdqKZ-4GJcPRoqt8qzE3MKdXiMO4no_aaRuj6eXbpJk4jq_2MoA,EUW1_7809493874
gozwNErbq7tpzT2InftDBDAwE7bZdqKZ-4GJcPRoqt8qzE3MKdXiMO4no_aaRuj6eXbpJk4jq_2MoA,EUW1_7809478253
gozwNErbq7tpzT2InftDBDAwE7bZdqKZ-4GJcPRoqt8qzE3MKdXiMO4no_aaRuj6eXbpJk4jq_2MoA,EUW1_7808754239
_VLem9VYGia2EeBEVcRHdhIhvAI2sVcw1Cnx9N8iNDdiL4dJXC0MLZqCsC_iAi3A0STETzWlaQjSoA,EUW1_7810981398
_VLem9VYGia2EeBEVcRHdhIhvAI2sVcw1Cnx9N8iNDdiL4dJXC0MLZqCsC_iAi3A0STETzWlaQjSoA,EUW1_7810931357
_VLem9VYGia2EeBEVcRHdhIhvAI2sVcw1Cnx9N8iNDdiL4dJXC0MLZqCsC_iAi3A0STETzWlaQjSoA,EUW1_7810895076
_VLem9VYGia2EeBEVcRHdhIhvAI2sVcw1Cnx9N8iNDdiL4dJXC0MLZqCsC_iAi3A0STETzWlaQjSoA,EUW1_7810842564
_VLem9VYGia2EeBEVcRHdhIhvAI2sVcw1Cnx9N8iNDdiL4dJXC0MLZqCsC_iAi3A0STETzWlaQjSoA,EUW1_7810804050
_VLem9VYGia2EeBEVcRHdhIhvAI2sVcw1Cnx9N8iNDdiL4dJXC0MLZqCsC_iAi3A0STETzWlaQjSoA,EUW1_7810768347
_VLem9VYGia2EeBEVcRHdhIhvAI2sVcw1Cnx9N8iNDdiL4dJXC0MLZqCsC_iAi3A0STETzWlaQjSoA,EUW1_7810745200
_VLem9VYGia2EeBEVcRHdhIhvAI2sVcw1Cnx9N8iNDdiL4dJXC0MLZqCsC_iAi3A0STETzWlaQjSoA,EUW1_7810727009
_VLem9VYGia2EeBEVcRHdhIhvAI2sVcw1Cnx9N8iNDdiL4dJXC0MLZqCsC_iAi3A0STETzWlaQjSoA,EUW1_7810699782
_VLem9VYGia2EeBEVcRHdhIhvAI2sVcw1Cnx9N8iNDdiL4dJXC0MLZqCsC_iAi3A0STETzWlaQjSoA,EUW1_7810675801
Z6d5-60xPvtiDqmpfnW-_GCrVkWG0V4mi6sLfURS9jmmvtZRu5s4ojI_ivyN11X60Zl6N2Uy9tVOqg,EUW1_7812835520
Z6d5-60xPvtiDqmpfnW-_GCrVkWG0V4mi6sLfURS9jmmvtZRu5s4ojI_ivyN11X60Zl6N2Uy9tVOqg,EUW1_7812817399
Z6d5-60xPvtiDqmpfnW-_GCrVkWG0V4mi6sLfURS9jmmvtZRu5s4ojI_ivyN11X60Zl6N2Uy9tVOqg,EUW1_7812625835
Z6d5-60xPvtiDqmpfnW-_GCrVkWG0V4mi6sLfURS9jmmvtZRu5s4ojI_ivyN11X60Zl6N2Uy9tVOqg,EUW1_7812583815
Z6d5-60xPvtiDqmpfnW-_GCrVkWG0V4mi6sLfURS9jmmvtZRu5s4ojI_ivyN11X60Zl6N2Uy9tVOqg,EUW1_7811939685
Z6d5-60xPvtiDqmpfnW-_GCrVkWG0V4mi6sLfURS9jmmvtZRu5s4ojI_ivyN11X60Zl6N2Uy9tVOqg,EUW1_7811883343
Z6d5-60xPvtiDqmpfnW-_GCrVkWG0V4mi6sLfURS9jmmvtZRu5s4ojI_ivyN11X60Zl6N2Uy9tVOqg,EUW1_7811688910
Z6d5-60xPvtiDqmpfnW-_GCrVkWG0V4mi6sLfURS9jmmvtZRu5s4ojI_ivyN11X60Zl6N2Uy9tVOqg,EUW1_7811620135
Z6d5-60xPvtiDqmpfnW-_GCrVkWG0V4mi6sLfURS9jmmvtZRu5s4ojI_ivyN11X60Zl6N2Uy9tVOqg,EUW1_7811595050
Z6d5-60xPvtiDqmpfnW-_GCrVkWG0V4mi6sLfURS9jmmvtZRu5s4ojI_ivyN11X60Zl6N2Uy9tVOqg,EUW1_7811540763
nV97rb54XNx1Jxt5nE6RAF3PCe8tGpztVqbghwGJyoX5070eyXuomxZUHJ6IhZHYxI7TaOt7jc2vwQ,EUW1_7811428169
nV97rb54XNx1Jxt5nE6RAF3PCe8tGpztVqbghwGJyoX5070eyXuomxZUHJ6IhZHYxI7TaOt7jc2vwQ,EUW1_7811367621
nV97rb54XNx1Jxt5nE6RAF3PCe8tGpztVqbghwGJyoX5070eyXuomxZUHJ6IhZHYxI7TaOt7jc2vwQ,EUW1_7811294040
nV97rb54XNx1Jxt5nE6RAF3PCe8tGpztVqbghwGJyoX5070eyXuomxZUHJ6IhZHYxI7TaOt7jc2vwQ,EUW1_7811264826
nV97rb54XNx1Jxt5nE6RAF3PCe8tGpztVqbghwGJyoX5070eyXuomxZUHJ6IhZHYxI7TaOt7jc2vwQ,EUW1_7811211174
nV97rb54XNx1Jxt5nE6RAF3PCe8tGpztVqbghwGJyoX5070eyXuomxZUHJ6IhZHYxI7TaOt7jc2vwQ,EUW1_7811162240
nV97rb54XNx1Jxt5nE6RAF3PCe8tGpztVqbghwGJyoX5070eyXuomxZUHJ6IhZHYxI7TaOt7jc2vwQ,EUW1_7811107504
nV97rb54XNx1Jxt5nE6RAF3PCe8tGpztVqbghwGJyoX5070eyXuomxZUHJ6IhZHYxI7TaOt7jc2vwQ,EUW1_7811056470
nV97rb54XNx1Jxt5nE6RAF3PCe8tGpztVqbghwGJyoX5070eyXuomxZUHJ6IhZHYxI7TaOt7jc2vwQ,EUW1_7811022468
nV97rb54XNx1Jxt5nE6RAF3PCe8tGpztVqbghwGJyoX5070eyXuomxZUHJ6IhZHYxI7TaOt7jc2vwQ,EUW1_7810980029
i3XtgtAAgYwKVCuYUM50LbsLVGWm-yPK2RI2rZZILp83h-7UWGF5MSSWySA1gCnnmGTb7vM-be6UTQ,EUW1_7813167770
i3XtgtAAgYwKVCuYUM50LbsLVGWm-yPK2RI2rZZILp83h-7UWGF5MSSWySA1gCnnmGTb7vM-be6UTQ,EUW1_7813146734
i3XtgtAAgYwKVCuYUM50LbsLVGWm-yPK2RI2rZZILp83h-7UWGF5MSSWySA1gCnnmGTb7vM-be6UTQ,EUW1_7813103862
i3XtgtAAgYwKVCuYUM50LbsLVGWm-yPK2RI2rZZILp83h-7UWGF5MSSWySA1gCnnmGTb7vM-be6UTQ,EUW1_7813040981
i3XtgtAAgYwKVCuYUM50LbsLVGWm-yPK2RI2rZZILp83h-7UWGF5MSSWySA1gCnnmGTb7vM-be6UTQ,EUW1_7812972087
i3XtgtAAgYwKVCuYUM50LbsLVGWm-yPK2RI2rZZILp83h-7UWGF5MSSWySA1gCnnmGTb7vM-be6UTQ,EUW1_7812939545
i3XtgtAAgYwKVCuYUM50LbsLVGWm-yPK2RI2rZZILp83h-7UWGF5MSSWySA1gCnnmGTb7vM-be6UTQ,EUW1_7812339965
i3XtgtAAgYwKVCuYUM50LbsLVGWm-yPK2RI2rZZILp83h-7UWGF5MSSWySA1gCnnmGTb7vM-be6UTQ,EUW1_7812303725
i3XtgtAAgYwKVCuYUM50LbsLVGWm-yPK2RI2rZZILp83h-7UWGF5MSSWySA1gCnnmGTb7vM-be6UTQ,EUW1_7812245774
i3XtgtAAgYwKVCuYUM50LbsLVGWm-yPK2RI2rZZILp83h-7UWGF5MSSWySA1gCnnmGTb7vM-be6UTQ,EUW1_7812194108
xRXUCE5X2Mpqa155d_rp9GS4mblWaxK-C212aKF980mrSA7uknpKufqsrIS0cynQY9udlRjrWIVlOQ,EUW1_7811951561
xRXUCE5X2Mpqa155d_rp9GS4mblWaxK-C212aKF980mrSA7uknpKufqsrIS0cynQY9udlRjrWIVlOQ,EUW1_7809691233
xRXUCE5X2Mpqa155d_rp9GS4mblWaxK-C212aKF980mrSA7uknpKufqsrIS0cynQY9udlRjrWIVlOQ,EUW1_7809673459
xRXUCE5X2Mpqa155d_rp9GS4mblWaxK-C212aKF980mrSA7uknpKufqsrIS0cynQY9udlRjrWIVlOQ,EUW1_7809591189
xRXUCE5X2Mpqa155d_rp9GS4mblWaxK-C212aKF980mrSA7uknpKufqsrIS0cynQY9udlRjrWIVlOQ,EUW1_7808850438
xRXUCE5X2Mpqa155d_rp9GS4mblWaxK-C212aKF980mrSA7uknpKufqsrIS0cynQY9udlRjrWIVlOQ,EUW1_7808809944
xRXUCE5X2Mpqa155d_rp9GS4mblWaxK-C212aKF980mrSA7uknpKufqsrIS0cynQY9udlRjrWIVlOQ,EUW1_7808536992
xRXUCE5X2Mpqa155d_rp9GS4mblWaxK-C212aKF980mrSA7uknpKufqsrIS0cynQY9udlRjrWIVlOQ,EUW1_7808454342
xRXUCE5X2Mpqa155d_rp9GS4mblWaxK-C212aKF980mrSA7uknpKufqsrIS0cynQY9udlRjrWIVlOQ,EUW1_7808434498
xRXUCE5X2Mpqa155d_rp9GS4mblWaxK-C212aKF980mrSA7uknpKufqsrIS0cynQY9udlRjrWIVlOQ,EUW1_7808415472
